,id,tokens,ner_tags
0,Demotermine12502886103064,"['Mittwoch', ',', '07.10.2020', '16:00', '-', '19:00', '2.', 'Wahlveranstaltung', 'Ort', ':', 'Stuttgart-Killesberg', '(', 'Killesbergbahn', ')', '*', 'UPDATE', 'Ich', 'freue', 'mich', 'dass', 'Ralf', 'Ludwig', 'Bodo', 'Schiffmann', 'und', 'Samuel', 'Eckert', 'am', 'meine', 'in', 'Stuttgart', 'unterstützen', 'Es', 'wird', 'auch', 'wieder', 'die', 'neue', 'MSN', 'von', 'solidfacts.org', 'sowie', 'Möglichkeit', 'zur', 'CO2-Messung', 'geben', '.', 'Mit', 'unseren', 'Demonstration', 'wirken', 'wir', 'außen', 'auf', 'das', 'bestehende', 'System', 'meiner', 'Kandidatur', 'als', 'Oberbürgermeister', 'für', 'möchte', 'ich', 'den', 'Versuch', 'unternehmen', 'innen', 'Veränderungen', 'zu', 'sorgen', 'Themen', 'Bürgerdialog', 'Corona-Informationen', 'inkl.', 'CO2-Teststation', 'Mund-Nase-Bedeckung,', 'durch', 'frei', 'geatmet', 'werden', 'kann', 'Wahlprogramm', '@QUERDENKEN_711', 'Diskussion', '&', 'Austausch', '@QUERDENKEN711', 'Bilder', 'Videos', 'Demos', 'aus', '711', '/', 'STUTTGART', 'hochladen', '@QUERDENKEN711_aktiv']","['B-DATE', 'I-DATE', 'I-DATE', 'B-TIME', 'I-TIME', 'I-TIME', 'O', 'B-ACTION', 'O', 'O', 'O', 'O', 'B-LOC', 'O', 'O', 'O', 'O', 'O', 'O', 'O', 'B-PER', 'I-PER', 'B-PER', 'I-PER', 'O', 'B-PER', 'I-PER', 'O', 'O', 'O', 'B-LOC', 'O', 'O', 'O', 'O', 'O', 'O', 'O', 'O', 'O', 'O', 'O', 'O', 'O', 'O', 'O', 'O', 'O', 'O', 'B-ACTION', 'O', 'O', 'O', 'O', 'O', 'O', 'O', 'O', 'B-ACTION', 'O', 'O', 'O', 'O', 'O', 'O', 'O', 'O', 'O', 'O', 'O', 'O', 'O', 'O', 'O', 'O', 'O', 'O', 'O', 'O', 'O', 'O', 'O', 'O', 'O', 'O', 'O', 'O', 'O', 'O', 'O', 'O', 'O', 'O', 'O', 'O', 'O', 'O']"
1,Demotermine125028861045762020-12-17 11:25:47,"['Reutlingen', 'Marktplatz', 'Bitte', 'beachten', '‼️', 'Vom', 'Ordnungsamt', 'haben', 'wir', 'die', 'Auflage', 'erhalten', ',', 'wenn', 'keine', '1,50', 'dann', 'Maske', 'und', 'Maskenattest', 'ein', 'Visier', '.', 'Danke', '@ElternStehenAuf_BW', '@BadenWuerttembergInfoChat', '18122020', 'Bilder', 'Videos', 'hochladen', '@WiderstandAktiv', '-', 'Termine', 'in', 'Textform', '@Termine_Veranstaltungen', 'Fahren', 'oder', 'Mitfahren', '@Fahrgemeinschaft', 'Übernachten', '?', '@Unterkuenfte', '@Demotermine', '@DemotermineChat', '@Demoliebe']","['B-LOC', 'B-LOC', 'O', 'O', 'O', 'O', 'B-ORG', 'O', 'O', 'O', 'O', 'O', 'O', 'O', 'O', 'O', 'O', 'O', 'O', 'O', 'O', 'O', 'O', 'O', 'O', 'O', 'B-DATE', 'O', 'O', 'O', 'O', 'O', 'O', 'O', 'O', 'O', 'O', 'O', 'O', 'O', 'O', 'O', 'O', 'O', 'O', 'O']"
2,Demotermine1250288610109,"['Grüße', 'vom', 'Weihnachtsmarkt', 'in', '#Halle', '-', 'Montag', ',', '17.12.18', 'ab', '18', 'Uhr', 'Jahresabschluss-Montagsdemo']","['O', 'O', 'B-LOC', 'O', 'B-LOC', 'O', 'B-DATE', 'I-DATE', 'I-DATE', 'O', 'O', 'O', 'B-ACTION']"
3,Demotermine1250288610245882021-11-01 16:10:36,"['Impfung', 'für', 'die', 'Politik', ':', 'Corona-Kritiker', 'bewerfen', 'britisches', 'Parlament', 'mit', 'Spritzen', '👉', '🏻', 'Neuer', 'Beitrag', '@RT_Deutsch']","['O', 'O', 'O', 'O', 'O', 'O', 'O', 'O', 'O', 'O', 'O', 'O', 'O', 'O', 'O', 'O']"
4,Demotermine125028861062472021-02-12 15:56:05,"['Übersicht', 'Freitag', ',', '12.2.2021', 'Terminkalender', 'https://t.me/Demotermine/6238', 'Mehr', 'Details', 'Abensberg', 'https://t.me/Demotermine/5897', 'Arnsberg', 'https://t.me/Demotermine/6210', 'Aurich', 'https://t.me/Demotermine/6099', 'Bad', 'Arolsen', 'https://t.me/Demotermine/5975', 'Mergentheim', 'https://t.me/Demotermine/5574', 'Bamberg', 'https://t.me/Demotermine/6097', 'Berlin', '🛣', 'https://t.me/Demotermine/6151', 'Darmstadt', 'https://t.me/Demotermine/6123', 'Filderstadt', 'https://t.me/Demotermine/6244', 'Graz', 'https://t.me/Demotermine/5955', 'Kassel', '🚲', 'https://t.me/Demotermine/6192', 'https://t.me/Demotermine/6148', 'Schorndorf', '🕺', 'https://t.me/Demotermine/6227', 'Schwäbisch', 'Gmünd', 'https://t.me/Demotermine/5631', 'Söllingen', 'https://t.me/Demotermine/6187', 'Todtmoos', 'https://t.me/Demotermine/6222', 'Villingen-Schwenningen', 'https://t.me/Demotermine/6088', 'Würzburg', 'https://t.me/Demotermine/6050', 'Corona', 'Reset', 'Virus-Krankenwagen', 'https://t.me/Corona_Reset/841', 'Demoship', 'https://t.me/Demotermine', '/', 'Termin', 'finden', 'https://t.me/Demotermine/1153', 'mitteilen', '@Terminverteiler_Bot', 'Raus', 'auf', 'die', 'Straße', '@Demotermine', 'Link', 'für', 'Menschen', 'ohne', 'Telegram', 'Facebook', 'Twitter', 'XING', 'LinkedIn', 'WhatsApp', 'SMS', 'Email', 'etc.', 'zum', 'Posten', 'und', 'Kommentieren', 'https://t.me/s/Demotermine']","['O', 'B-DATE', 'I-DATE', 'I-DATE', 'O', 'O', 'O', 'O', 'B-LOC', 'O', 'B-LOC', 'O', 'B-LOC', 'O', 'B-LOC', 'I-LOC', 'O', 'I-LOC', 'O', 'B-LOC', 'O', 'B-LOC', 'O', 'O', 'B-LOC', 'O', 'B-LOC', 'O', 'B-LOC', 'O', 'B-LOC', 'O', 'O', 'O', 'B-LOC', 'O', 'O', 'B-LOC', 'I-LOC', 'O', 'B-LOC', 'O', 'B-LOC', 'O', 'B-LOC', 'O', 'B-LOC', 'O', 'B-ACTION', 'I-ACTION', 'O', 'O', 'B-ACTION', 'O', 'O', 'O', 'O', 'O', 'O', 'O', 'O', 'O', 'O', 'O', 'O', 'O', 'O', 'O', 'O', 'B-ORG', 'B-ORG', 'B-ORG', 'B-ORG', 'B-ORG', 'B-ORG', 'O', 'O', 'O', 'O', 'O', 'O', 'O', 'O']"
5,Demotermine125028861094902021-04-26 02:59:51,"['Stein', 'am', 'Rhein', '(', 'CH', ')', '25.4.2021', '@SchweizChat', 'Raus', 'auf', 'die', 'Straße', '@Demotermine!']","['B-LOC', 'I-LOC', 'I-LOC', 'O', 'B-LOC', 'O', 'B-DATE', 'O', 'O', 'O', 'O', 'O', 'O']"
6,Demotermine12502886102301,"['Wir', 'wollen', 'an', 'diesem', 'Tag', ',', '„', 'Demokratie', 'leben', '!', '“', 'und', 'aufzeigen', 'warum', 'wir', 'der', 'Meinung', 'sind', 'dass', 'unsere', 'Freiheit', 'in', 'Gefahr', 'ist', '.', 'In', 'aktuellen', 'Krise', 'werden', 'unserer', 'nach', 'NICHT', 'ALLE', 'Experten', 'gehört', 'bekennen', 'uns', 'ganz', 'klar', 'zum', 'Außerparlamentarischen', 'Corona-Untersuchungsausschuss“.', 'debattieren', 'austauschen', 'wie', 'weit', 'die', 'Grundrechte', 'bzw.', 'demokratische', 'Grundordnung', 'noch', 'besteht', 'was', 'das', 'aktuell', 'für', 'Gesellschaft', 'bedeutet', 'sprechen', 'eine', 'Re-Politisierung', 'aus', 'Ideen', '&', 'Visionen', 'arbeiten', 'ein', 'friedliches', 'Miteinander', 'fördert', 'denn', 'nur', 'so', 'kann', 'Debattenraum', 'entstehen', 'wo', 'Menschen', 'sich', 'auf', 'Augenhöhe', 'begegnen', '-', 'Samstag', '08.08.20', 'Günther-Klotz', 'Anlage', '|', 'Karlsruhe', '12:30', '18:00', 'Uhr', 'Verschiedene', 'Rede-', 'Musikbeiträge', 'Meditation']","['O', 'O', 'O', 'O', 'O', 'O', 'O', 'O', 'O', 'O', 'O', 'O', 'O', 'O', 'O', 'O', 'O', 'O', 'O', 'O', 'O', 'O', 'O', 'O', 'O', 'O', 'O', 'O', 'O', 'O', 'O', 'O', 'O', 'O', 'O', 'O', 'O', 'O', 'O', 'O', 'O', 'O', 'O', 'O', 'O', 'O', 'O', 'O', 'O', 'O', 'O', 'O', 'O', 'O', 'O', 'O', 'O', 'O', 'O', 'O', 'O', 'O', 'O', 'O', 'O', 'O', 'O', 'O', 'O', 'O', 'O', 'O', 'O', 'O', 'O', 'O', 'O', 'O', 'O', 'O', 'O', 'O', 'O', 'O', 'B-DATE', 'I-DATE', 'B-LOC', 'I-LOC', 'O', 'B-LOC', 'B-TIME', 'I-TIME', 'O', 'O', 'O', 'O', 'O']"
7,Demotermine1250288610212822021-10-13 22:05:03,"['‼️INFO-BUS-TOUR', '""', 'Landtag', 'abberufen', '‼️', 'Während', 'der', 'Eintragungszeit', 'wird', 'ein', 'Tourbus', 'in', 'verschiedenen', 'Städten', 'Bayerns', 'halt', 'machen', '.', 'Gäste', ':', 'Ralf', 'Ludwig', 'Wolfgang', 'Greulich', 'Dirk', 'Sattelmaier', 'Euer', 'Team', 'Bündnis', 'Volksbegehren-Landtag-abberufen.de', 'Übersicht', 'https://t.me/Demotermine/13703', 'Mehr', '@Veranstaltungen']","['B-ACTION', 'O', 'O', 'O', 'O', 'O', 'O', 'O', 'O', 'O', 'O', 'O', 'O', 'O', 'O', 'O', 'O', 'O', 'O', 'O', 'B-PER', 'I-PER', 'B-PER', 'I-PER', 'B-PER', 'I-PER', 'O', 'O', 'B-ORG', 'O', 'O', 'O', 'O', 'O']"
8,Demotermine1250288610193832021-09-26 17:29:58,"['Bundestagswahl', '2021', ':', 'Kopf-an-Kopf-Rennen', 'zwischen', 'CDU', 'und', 'SPD', '–', 'Linke', 'bei', '5', 'Prozent-Hürde', '—', 'Epoch', 'Times', 'Nachrichten', 'https://youtu.be/FnprDBVVY84', '1:26', 'Raus', 'auf', 'die', 'Straßen', '@Demotermine']","['O', 'B-DATE', 'O', 'O', 'O', 'B-ORG', 'O', 'B-ORG', 'O', 'B-ORG', 'O', 'O', 'O', 'O', 'B-ORG', 'I-ORG', 'I-ORG', 'O', 'O', 'O', 'O', 'O', 'O', 'O']"
9,Demotermine125028861079552021-03-22 11:40:37,"['Hamburg', 'Autokorso', 'Treffpunkt', 'Am', 'Redeland', 'Richtung', 'Bostelbeker', 'Damm', '@FreiheitsfahrerHamburg', '@HamburgInfoChat', '27032021', 'Raus', 'auf', 'die', 'Straße', '@Demotermine!']","['B-LOC', 'B-ACTION', 'O', 'B-LOC', 'I-LOC', 'I-LOC', 'I-LOC', 'I-LOC', 'O', 'O', 'B-DATE', 'O', 'O', 'O', 'O', 'O']"
10,Demotermine1250288610183392021-09-18 12:59:11,"['Stuttgart', '-', 'nun', 'wieder', 'Königstraße', 'Richtung', 'HBF', 'Raus', 'auf', 'die', 'Straßen', '@Demotermine']","['B-LOC', 'O', 'O', 'O', 'B-LOC', 'I-LOC', 'I-LOC', 'O', 'O', 'O', 'O', 'O']"
11,Demotermine1250288610115282021-06-11 11:43:24,"['Leipzig', '@BuergerBewegungLeipzig2021Info', '@SachsenInfoChat', '19062021', 'Raus', 'auf', 'die', 'Straße', '@Demotermine!']","['B-LOC', 'O', 'O', 'B-DATE', 'O', 'O', 'O', 'O', 'O']"
12,Demotermine125028861018812020-07-06 22:57:14,"['Berlin', 'staatenlos.info', 'web', ':', 'https://staatenlos.info', 'https://deutsche-heimat.info', 'Telegram', 'https://t.me/befrei', '2', 'https://t.me/TopInfosDiskussion', 'Youtube', 'staatenlos.info3', '-', 'Comedian', 'https://www.youtube.com/user/isibiene', 'Nächste', 'Kundgebung', 'vor', 'dem', 'Reichstag', '11.', 'Juli', '2020', 'ab', 'Uhr', '.', 'Vgl', '@Grundgesetz', '@Demotermine', 'Bilder', 'und', 'Videos', 'hochladen', '@WiderstandAktiv', 'Diskussion', '@DemotermineChat', 'Fahren', 'oder', 'Mitfahren', '@Fahrgemeinschaft', 'Übernachten', '?', '@Unterkuenfte']","['B-LOC', 'B-ORG', 'O', 'O', 'O', 'O', 'B-ORG', 'O', 'O', 'O', 'B-ORG', 'O', 'O', 'O', 'O', 'O', 'O', 'O', 'O', 'B-LOC', 'B-DATE', 'I-DATE', 'I-DATE', 'O', 'I-TIME', 'O', 'O', 'O', 'O', 'O', 'O', 'O', 'O', 'O', 'O', 'O', 'O', 'O', 'O', 'O', 'O', 'O', 'O']"
13,Demotermine125028861095872021-04-27 07:48:39,"['WIR', 'DEMONSTRIEREN', 'JEDEN', 'SAMSTAG', 'IN', 'DÜSSELDORF', 'FÜR', ':', 'Die', 'sofortige', 'Wiederherstellung', 'aller', 'Grundrechte', 'und', 'verhältnismäßige', 'Corona-Maßnahmen', 'auf', 'der', 'Basis', 'fundierter', 'wissenschaftlicher', 'Evidenz', '.', 'Für', 'individuelle', 'Impfentscheidung', '♻', '️', 'Wir', 'haben', 'für', 'den', '01.05.21', 'in', 'Düsseldorf', 'eine', 'Versammlung', 'bzw.', 'Aufzug', 'mit', 'neuer', 'Route', 'angemeldet', 'Macht', 'Schilder', ',', 'Banner', 'Fahnen', 'zu', 'Themen', 'unserer', 'Versammlungen', 'bringt', 'Megaphon', 'Musikboxen', 'Trommeln', 'oder', 'Töpfe', '!', '🥁', '🌕', 'Friede', 'Freiheit', 'SELBSTBESTIMMUNG', 'Grundgesetz', 'Föderalismus', 'schützen', '#TREFFPUNKT', '#CORNELIUSPLATZ', '#Datum:', '01.05.2021', '#Beginn:', '15:00', 'Uhr', '#Aufzug:', 'ca.', '15:45', '#Ende:', '19:30', '*', 'VERSAMMLUNG', 'Mit', 'AUFZUG', 'IST', 'ANGEMELDET', '@NordrheinWestfalenInfoChat', '01052021', 'Raus', 'die', 'Straße', '@Demotermine!']","['O', 'O', 'O', 'O', 'O', 'B-LOC', 'O', 'O', 'O', 'O', 'O', 'O', 'O', 'O', 'O', 'O', 'O', 'O', 'O', 'O', 'O', 'O', 'O', 'O', 'O', 'O', 'O', 'O', 'O', 'O', 'O', 'O', 'B-DATE', 'O', 'B-LOC', 'O', 'B-ACTION', 'O', 'B-ACTION', 'O', 'O', 'O', 'O', 'O', 'O', 'O', 'O', 'O', 'O', 'O', 'O', 'O', 'O', 'O', 'O', 'O', 'O', 'O', 'O', 'O', 'O', 'O', 'O', 'O', 'O', 'O', 'O', 'O', 'B-LOC', 'O', 'B-DATE', 'O', 'B-TIME', 'I-TIME', 'O', 'O', 'B-TIME', 'O', 'B-TIME', 'O', 'B-ACTION', 'O', 'B-ACTION', 'O', 'O', 'O', 'B-DATE', 'O', 'O', 'O', 'O']"
14,Demotermine12502886108912,"['20', 'Jahre', 'kürzer', 'leben', '–', 'Impfen', 'bei', 'Angst', 'und', 'die', 'heilige', 'Pharma', 'Kuh', '|', 'Prof.', 'Dr.', 'med', '.', 'Schubert', 'QS24', '—', '-', 'Seelen', 'Quickies', 'https://youtu.be/iifNYbF9mEI', '3:04', '@QS24_tv']","['B-TIME', 'I-TIME', 'O', 'O', 'O', 'O', 'O', 'O', 'O', 'O', 'O', 'O', 'O', 'O', 'O', 'O', 'O', 'O', 'B-PER', 'O', 'O', 'O', 'O', 'O', 'O', 'B-TIME', 'O']"
15,Demotermine1250288610190912021-09-24 04:29:48,"['Bitte', 'alles', 'mobilisieren', 'was', 'wir', 'haben', ',', 'müssen', 'mit', 'lauter', 'Stimme', 'vor', 'das', 'Kumi', 'ziehen', '!', 'München', '#BY', '#Do3009', 'Raus', 'auf', 'die', 'Straßen', '@Demotermine']","['O', 'O', 'O', 'O', 'O', 'O', 'O', 'O', 'O', 'O', 'O', 'O', 'O', 'B-LOC', 'O', 'O', 'B-LOC', 'B-LOC', 'B-DATE', 'O', 'O', 'O', 'O', 'O']"
16,Demotermine125028861058032021-02-01 23:41:19,"['Autokorso', 'Berlin', 'am', 'Abend', 'Audio-Hintergrund', '@Corona_Reset_Audio', '@Demotermine']","['B-ACTION', 'B-LOC', 'O', 'B-TIME', 'O', 'O', 'O']"
17,Demotermine1250288610114972021-06-10 08:15:28,"['Matrix', '—', 'Querdenken234', '-', 'Bochum', 'https://youtu.be/t6Lxag2AAAw', '0:18', 'Raus', 'auf', 'die', 'Straße', '@Demotermine!']","['O', 'O', 'B-ORG', 'O', 'B-LOC', 'O', 'B-TIME', 'O', 'O', 'O', 'O', 'O']"
18,Demotermine1250288610311512021-12-10 23:08:16,"['📍', 'Bremerhaven', '10.12.2021', ':', 'In', 'haben', 'die', 'Demonstranten', 'den', 'Weihnachtsmarkt', 'erreicht', ',', 'von', 'dem', 'man', 'sie', 'eigentlich', 'fern', 'halten', 'wollte', '.', '„', 'Denn', 'ihr', 'Menschen', 'aus', 'Niedersachsen', 'vergesst', 'es', 'nicht', '!', 'Ihr', 'seid', '""', 'Freie', 'und', 'diese', 'Freiheit', 'holen', 'wir', 'uns', 'alle', 'zusammen', 'friedlich', 'zurück', 'sind', 'zu', 'finden', 'auf', '👉', '🏻', 'Telegram', 'INFO', 'Kanal', 'Bilder', '&', 'Video', 'Sammlung', 'Twitter', 'Facebook', 'YouTube', 'Raus', 'Straßen', '@Demotermine!', 'Übersicht', '/', 'Overview', '👈']","['O', 'B-LOC', 'B-DATE', 'O', 'O', 'O', 'O', 'O', 'O', 'B-LOC', 'O', 'O', 'O', 'O', 'O', 'O', 'O', 'O', 'O', 'O', 'O', 'O', 'O', 'O', 'O', 'O', 'B-LOC', 'O', 'O', 'O', 'O', 'O', 'O', 'O', 'O', 'O', 'O', 'O', 'O', 'O', 'O', 'O', 'O', 'O', 'O', 'O', 'O', 'O', 'O', 'O', 'O', 'B-ORG', 'O', 'O', 'O', 'O', 'O', 'O', 'B-ORG', 'B-ORG', 'B-ORG', 'O', 'O', 'O', 'O', 'O', 'O', 'O']"
19,Demotermine1250288610136702021-08-03 11:18:17,"['Das', 'war', 'die', 'Demo-Karte', 'von', 'Frankreich', 'und', 'Italien', '.', 'Demonstrationen', 'im', 'ganzen', 'Land', 'zur', 'gleichen', 'Uhrzeit', 'Was', 'für', 'eine', 'Macht', 'wir', 'haben', ',', 'wenn', 'zusammenhalten', 'etwas', 'gemeinsam', 'gehen', 'kannst', 'du', 'hier', 'visuell', 'erkennen', 'So', 'viele', 'Polizisten', 'kann', 'es', 'gar', 'nicht', 'geben', '✅', '@peacecrowd', 'Frieden', 'beginnt', 'eigenen', 'Herzen', '❤', 'Raus', 'auf', 'Straße', '@Demotermine!']","['O', 'O', 'O', 'O', 'O', 'B-LOC', 'O', 'B-LOC', 'O', 'O', 'O', 'O', 'O', 'O', 'O', 'O', 'O', 'O', 'O', 'O', 'O', 'O', 'O', 'O', 'O', 'O', 'O', 'O', 'O', 'O', 'O', 'O', 'O', 'O', 'O', 'O', 'O', 'O', 'O', 'O', 'O', 'O', 'O', 'O', 'O', 'O', 'O', 'O', 'O', 'O', 'O', 'O']"
20,Demotermine1250288610123602021-07-12 21:16:28,"['Anselm', 'Lenz', '2', '—', 'Querdenken-791', 'https://youtu.be/w-3cCe9g9G4', '1:30', 'Raus', 'auf', 'die', 'Straße', '@Demotermine!']","['B-PER', 'I-PER', 'O', 'O', 'B-ORG', 'O', 'B-TIME', 'O', 'O', 'O', 'O', 'O']"
21,Demotermine1250288610257132021-11-08 02:21:46,"['08.11.', 'TERMINE', 'BUNDESWEIT', '🇩', '🇪', '🇦', '🇹', '🇨', '🇭', 'MONTAG', ',', '8.', 'November', 'Spaziergänge', 'SP', 'Kundgebungen', 'KU', 'Mahnwachen', 'MW', '08112021', '#Mo0811', 'Österreich', '👉', 'Wien', '🕐', '00.00', 'bis', 'Bundeskanzleramt', 'Ballhausplatz', '-', 'Dauerdemo', 'Klagenfurt', '18.00', 'Neuer', 'Markt', 'Lichter', 'Rohrbach', 'Centro', 'Pinzgau', '18.15', 'Alle', 'Orte', 'Salzburg', '19.00', 'Residenzplatz', 'Bad', 'Ischl', '20.00', 'Leharkino', 'P', 'Schweiz', 'Sion', '17.00', 'DSSC', 'Demo', 'Kirchberg', 'BE', 'Gemeindehaus', 'Wangen', 'SZ', 'ISP', 'Zürichsee', 'AG', 'Luzern', 'Schwanenplatz', 'Stiller', '🇳', '🇱', 'Niederlande', 'Hellevoetsluis', 'Prov', '.', 'Südholland', 'j', 'Plein', '(', 'Platz', ')', 'Fort', 'Haerlem', 'innerhalb', 'der', 'Festungsstadt', 'Molenstraat', 'Bundesrepublik', '◼️', 'Baden-Württemberg:', 'Wintersbach', 'Ortszentrum', 'Pforzheim', 'Hilda-Gymnasium,', 'Kiehnlestr', '25', 'Schilderlauf', 'Brackenheim', '18.30', '@TeamFreiheitBrackenheim', 'Bayern', ':', 'Bamberg', 'ggü', 'Bhf.', 'Nürnberg', 'Kornmarkt', 'Kaufbeuren-Neugablonz', '19', '00', 'Berlin', 'Berlin-Treptow', '15.30', 'Hafen', 'zw', 'Anleger', 'C', 'und', 'D', 'Berlin-Infos:', '@BerlinAutoKorsoInfo', '@BerlinInfoChat', '@Demotermine', 'Brandenburg', 'Oranienburg', 'Am', 'Schloß', 'an', 'Havel', 'Neustädtischer', 'Hessen', 'Darmstadt', '17.30', 'Mathildenplatz', 'Hanau', 'Fernwald', 'Fernwaldhalle', 'Bürgeraustausch', 'Mecklenburg-Vorpommern:', 'Rostock', '16.00', 'Stadthafen', 'Schilderaktion', 'Teterow', 'Marktpl', 'Neubrandenburg', 'Aufzug', 'Greifswald', 'Niedersachsen', 'Bremervörde', 'Rathaus', 'Rotenburg', 'a.d', 'W.', 'Celle', 'Stechbahn', '/', 'Kirche', 'Wilhelmshaven', 'Nordrhein-Westfalen:', 'Bottrop', '18', '30', 'Kirchplatz', '1', 'Rheinland-Pfalz:', 'Dürkheim', 'WUMA-Parkplatz,', 'ggü.', 'alte', 'Polizeiwache', 'Sachsen', 'Chemnitz', 'Schillerplatz', 'Dresden', 'Neumarkt', 'Leipzig', 'Richard-Wagner-', 'Zwönitz', 'Zu', 'den', 'weiteren', 'ca.', '75', 'Spaziergängen', 'zu', 'Auswirkungen', 'sächsischen', '2-G-Beschlüsse', 'auf', 'das', 'Versammlungsrecht', 'in', 'siehe', 'auch', '@FreieSachsen', 'Thüringen', 'Greiz', 'Schloßbrücke', 'Apolda', 'Marktplatz', 'Mühlhausen', 'Untermarkt', 'SB', 'Altenburg', 'Sozialgericht', 'Weimar', 'Theaterplatz', 'Weida', 'Schmölln', 'Thüringen-Infos:', 's.a', '@FreieJugend', '[', 'MONTAGS-TERMINE', ']', 'Keine', 'Gewähr', 'Darf', 'gerne', 'geteilt', 'werden', 'Bitte', 'Aktualisierungen', '(=', 'achten', 'Siehe', 'https://demo.terminkalender.top', '@RoyalAllemand']","['B-DATE', 'O', 'O', 'O', 'O', 'O', 'O', 'O', 'O', 'B-DATE', 'I-DATE', 'O', 'I-DATE', 'B-ACTION', 'B-ACTION', 'B-ACTION', 'B-ACTION', 'B-ACTION', 'B-ACTION', 'B-DATE', 'B-DATE', 'B-LOC', 'O', 'B-LOC', 'O', 'B-TIME', 'I-TIME', 'B-LOC', 'B-LOC', 'O', 'B-ACTION', 'B-LOC', 'B-TIME', 'B-LOC', 'I-LOC', 'B-ACTION', 'B-LOC', 'B-LOC', 'B-LOC', 'B-TIME', 'O', 'O', 'B-LOC', 'B-TIME', 'B-LOC', 'B-LOC', 'I-LOC', 'B-TIME', 'B-LOC', 'O', 'B-LOC', 'B-LOC', 'B-TIME', 'B-ACTION', 'I-ACTION', 'B-LOC', 'B-LOC', 'B-LOC', 'B-LOC', 'B-LOC', 'B-LOC', 'I-LOC', 'O', 'I-LOC', 'B-LOC', 'B-ACTION', 'O', 'O', 'B-LOC', 'B-LOC', 'B-LOC', 'O', 'I-LOC', 'O', 'B-LOC', 'O', 'B-LOC', 'O', 'B-LOC', 'I-LOC', 'I-LOC', 'O', 'I-LOC', 'B-LOC', 'B-LOC', 'O', 'O', 'B-LOC', 'B-LOC', 'B-LOC', 'O', 'B-LOC', 'I-LOC', 'B-ACTION', 'B-LOC', 'B-TIME', 'O', 'B-LOC', 'O', 'B-LOC', 'I-LOC', 'O', 'B-LOC', 'B-LOC', 'B-LOC', 'O', 'O', 'B-LOC', 'B-LOC', 'B-TIME', 'B-LOC', 'I-LOC', 'I-LOC', 'O', 'O', 'O', 'O', 'O', 'O', 'O', 'B-LOC', 'B-LOC', 'B-LOC', 'I-LOC', 'O', 'I-LOC', 'B-LOC', 'B-LOC', 'B-LOC', 'I-TIME', 'B-LOC', 'B-LOC', 'B-LOC', 'B-LOC', 'B-ACTION', 'O', 'B-LOC', 'B-TIME', 'B-LOC', 'B-ACTION', 'B-LOC', 'B-LOC', 'B-LOC', 'B-ACTION', 'B-LOC', 'B-LOC', 'B-LOC', 'B-LOC', 'B-LOC', 'I-LOC', 'I-LOC', 'B-LOC', 'B-LOC', 'I-LOC', 'I-LOC', 'B-LOC', 'O', 'B-LOC', 'O', 'O', 'B-LOC', 'O', 'O', 'I-LOC', 'O', 'I-LOC', 'I-LOC', 'I-LOC', 'B-LOC', 'B-LOC', 'B-LOC', 'B-LOC', 'B-LOC', 'B-LOC', 'O', 'B-LOC', 'O', 'O', 'O', 'O', 'O', 'B-ACTION', 'O', 'O', 'O', 'O', 'O', 'O', 'O', 'O', 'O', 'O', 'O', 'B-LOC', 'B-LOC', 'B-LOC', 'B-LOC', 'B-LOC', 'B-LOC', 'B-LOC', 'B-ACTION', 'B-LOC', 'B-LOC', 'B-LOC', 'B-LOC', 'B-LOC', 'B-LOC', 'O', 'O', 'O', 'O', 'O', 'O', 'O', 'O', 'O', 'O', 'O', 'O', 'O', 'O', 'O', 'O', 'O', 'O', 'O']"
22,Demotermine1250288610210252021-10-11 19:34:39,"['9.10.2021', 'Nürnberg', ',', 'Maske', 'und', 'Abstände', 'kein', 'Problem', 'wenn', 'die', 'Polizei', 'kommt', 'sag', 'einfach', '""', 'SPD', 'FOTO', '—', 'MediaInformationCenter', 'https://youtu.be/5848y4cBTOY', '38:47', 'Raus', 'auf', 'Straßen', '@Demotermine!', '👉', 'Übersicht', '/', 'Overview', '👈']","['I-DATE', 'B-LOC', 'O', 'O', 'O', 'O', 'O', 'O', 'O', 'O', 'O', 'O', 'O', 'O', 'O', 'B-ORG', 'O', 'O', 'O', 'O', 'B-TIME', 'O', 'O', 'O', 'O', 'O', 'O', 'O', 'O', 'O']"
23,Demotermine12502886107669,"['Wenn', 'Sie', 'nach', 'dem', 'Brand', 'im', 'Rechenzentrum', 'und', 'deren', 'Totalverlust', 'von', 'Daten', 'helfen', 'wollen', ',', 'können', 'hier', 'Spenden', ':', 'https://terminkalender.top/spende']","['O', 'O', 'O', 'O', 'O', 'O', 'O', 'O', 'O', 'O', 'O', 'O', 'O', 'O', 'O', 'O', 'O', 'O', 'O', 'O']"
24,Demotermine125028861071182021-03-05 02:35:15,"['Waren', '(', 'Müritz', ')', 'am', 'Hafen', '@MecklenburgVorpommernInfoChat', '11032021', 'Raus', 'auf', 'die', 'Straße', '@Demotermine!']","['B-LOC', 'I-LOC', 'I-LOC', 'I-LOC', 'I-LOC', 'I-LOC', 'O', 'B-DATE', 'O', 'O', 'O', 'O', 'O']"
25,Demotermine1250288610118612021-06-24 01:34:06,"['Düsseldorf', 'Autokorso', '@ZweiradDemoDuesseldorf', '@NordrheinWestfalenInfoChat', '27062021', 'Raus', 'auf', 'die', 'Straße', '@Demotermine!']","['B-LOC', 'B-ACTION', 'O', 'O', 'B-DATE', 'O', 'O', 'O', 'O', 'O']"
26,Demotermine125028861071082021-03-05 01:34:42,"['Demonstrationen', 'in', 'Hagen', 'verliefen', 'friedlich', '👉', '🏻', 'Neuer', 'Beitrag', 'Raus', 'auf', 'die', 'Straße', '@Demotermine!']","['B-ACTION', 'O', 'B-LOC', 'O', 'O', 'O', 'O', 'O', 'O', 'O', 'O', 'O', 'O', 'O']"
27,Demotermine1250288610210682021-10-12 14:34:29,"['Karl', 'Hilz', ':', '""', 'CSU', 'nutzt', 'Polizei', 'für', 'Volksbegehren', 'Boykott', 'Aufruf', '!', 'KinderStehenAuf', 'Großdemo', '(', 'Teil', '2', ')', '_', 'Zum', 'Video', 'https://dein.tube/v/WlnXUi', '-----', '\u2063Karl', 'bringt', 'in', 'seiner', 'Rede', 'auf', 'der', 'Kinder', 'stehen', 'Demo', 'am', 'Wittelsbacher', 'Platz', 'München', 'u.', 'A.', 'eine', 'neue', 'Hintergrundinformation', 'Der', '1.', 'Polizeihauptkommissar', 'a.D.', 'beschreibt', 'dabei', ',', 'wie', 'Bayerische', 'Ministerpräsident', 'Markus', 'Söder', 'über', 'seine', 'CSU-Zentrale,', 'unsere', 'bayer', '.', 'seinen', 'des', 'Bürgerbegehren', 'Landtag', 'abberufen', 'missbraucht', 'und', 'so', 'Steuergelder', 'veruntreut', 'Das', 'ist', 'das', 'Gleiche', 'was', 'Sebastian', 'Kurz', 'Österreich', 'gemacht', 'hat', 'nur', 'einem', 'anderen', 'Umfeld', 'dafür', 'nun', 'die', 'Konsequenzen', 'ziehen', 'muss', 'Zudem', 'noch', 'einen', 'Flyer', 'mit', 'ihrem', 'persönlichen', 'Anliegen', 'herausgebracht', 'aktuelle', 'genehmigte', 'zu', 'boykottieren', 'Dazu', 'Bekanntmachung', 'von', 'den', 'Organisatoren', 'Feststellungen', 'Boykottierung', 'oder', 'Sabotage', 'insbesondere', 'durch', 'Verweigerung', 'Behinderung', 'Plakataktionen', 'Gemeinden', 'meldet', 'bitte', 'unter', 'Mailadresse', 'volksentscheid-boykottierer@buendnis-landtag-abberufen.de.', 'Denkt', 'dran', 'Bilder', '/', 'andere', 'Beweise', 'hängen', 'Abberufung', 'Landtags', 'vom', '14.', 'bis', '27.', 'Oktober', '2021', 'Bayern', '❗', '️', 'SO', ""GEHT'S"", 'Hier', 'offizielle', 'Link', 'Stadt', 'Teilnahmebedingungen', 'Eintragungsorten', 'https://www.muenchen.de/rathaus/Stadtverwaltung', 'Kreisverwaltungsreferat', 'Wahlen-und-Abstimmungen', 'Volksbegehren---Abberufung-des-Landtags.html', 'Raus', 'Straßen', '@Demotermine!', '👉', 'Übersicht', 'Overview', '👈']","['B-PER', 'I-PER', 'O', 'O', 'B-ORG', 'O', 'B-ORG', 'O', 'B-ACTION', 'O', 'O', 'O', 'O', 'B-ACTION', 'O', 'O', 'O', 'O', 'O', 'O', 'O', 'O', 'O', 'O', 'O', 'O', 'O', 'B-ACTION', 'O', 'O', 'O', 'O', 'B-ACTION', 'O', 'B-LOC', 'I-LOC', 'B-LOC', 'O', 'O', 'O', 'O', 'O', 'O', 'O', 'O', 'O', 'O', 'O', 'O', 'O', 'O', 'O', 'B-PER', 'I-PER', 'O', 'O', 'O', 'O', 'O', 'O', 'O', 'O', 'B-ACTION', 'O', 'O', 'O', 'O', 'O', 'O', 'O', 'O', 'O', 'O', 'O', 'O', 'B-PER', 'I-PER', 'B-LOC', 'O', 'O', 'O', 'O', 'O', 'O', 'O', 'O', 'O', 'O', 'O', 'O', 'O', 'O', 'O', 'O', 'O', 'O', 'O', 'O', 'O', 'O', 'O', 'O', 'O', 'O', 'O', 'O', 'O', 'O', 'O', 'O', 'O', 'O', 'O', 'O', 'O', 'O', 'O', 'O', 'O', 'O', 'O', 'O', 'O', 'O', 'O', 'O', 'O', 'O', 'O', 'O', 'O', 'O', 'O', 'B-DATE', 'B-DATE', 'B-DATE', 'B-DATE', 'B-DATE', 'B-LOC', 'O', 'O', 'O', 'O', 'O', 'O', 'O', 'B-ORG', 'O', 'O', 'O', 'O', 'O', 'O', 'O', 'O', 'O', 'O', 'O', 'O', 'O']"
28,Demotermine1250288610298492021-12-04 04:15:48,"['Schweigemarsch', 'in', 'Gunzenhausen', 'yes', 'danke', 'an', 'alle', 'beteiligten', '👍', 'für', 'das', 'sich', '30', 'angemeldet', 'hatten', 'und', 'es', 'dann', '450', 'geworden', 'sind', 'ein', 'voller', 'Erfolg', '💪', 'Raus', 'auf', 'die', 'Straßen', '@Demotermine!', '👉', 'Übersicht', '/', 'Overview', '👈']","['B-ACTION', 'O', 'B-LOC', 'O', 'O', 'O', 'O', 'O', 'O', 'O', 'O', 'O', 'O', 'O', 'O', 'O', 'O', 'O', 'O', 'O', 'O', 'O', 'O', 'O', 'O', 'O', 'O', 'O', 'O', 'O', 'O', 'O', 'O', 'O', 'O']"
29,Demotermine125028861045002020-12-13 02:15:55,"['Etwas', 'lustiges', 'aus', 'Pforzheim', 'Grüße', 'Markus', 'https://youtu.be/_VpNWqaTxtg']","['O', 'O', 'O', 'B-LOC', 'O', 'B-PER', 'O']"
30,Demotermine1250288610119712021-06-28 17:40:13,"['Aliens', ',', 'Bullen-Fatzen,', 'Eskalation', 'Feiern', 'beseitigt', 'jede', 'Spaltung', 'EM', 'Hasenheide', 'Prenzlauer', 'Berg', '—', 'Freedom', 'Parade', 'mit', 'Captain', 'Future', 'https://youtu.be/QAhjtG42Ihk', '10:46', 'Raus', 'auf', 'die', 'Straße', '@Demotermine!']","['O', 'O', 'O', 'O', 'O', 'O', 'O', 'O', 'O', 'B-LOC', 'B-LOC', 'I-LOC', 'O', 'B-ACTION', 'I-ACTION', 'O', 'B-PER', 'I-PER', 'O', 'B-TIME', 'O', 'O', 'O', 'O', 'O']"
31,Demotermine1250288610166092021-08-30 16:28:55,"['💥', 'Ode', 'an', 'alle', 'Söldner', ',', 'Schläger', 'und', 'Verräter', ':', '🖕', '💪', '1.', 'Ohne', 'Helm', 'ohne', 'Knüppel', 'seid', 'ihr', 'nichts', '...', '2.', 'Pfefferspray', 'Rüstung', '3.', 'Nur', 'im', 'Rudel', 'stark', '(', 'Hier', 'anderer', 'Silbeneinsatz', 'am', 'Anfang', 'der', 'Strophe', '""', 'ersetzen', 'durch', 'dabei', 'beide', 'Worte', 'gedehnt', 'singen', 'auf', 'hohen', 'Tonlange', 'wie', '.', ')', '4.', 'Was', 'auch', 'immer', 'man', 'befiehlt', 'befolgt', 'brav', '5.', 'Egal', 'ob', 'schwanger', 'alt', 'behindert', 'schlagt', 'drauf', '6.', 'Ein', 'Gewissen', 'nein', 'das', 'braucht', 'nicht', '7.', ""uns're"", 'Kohle', 'Raus', 'die', 'Straßen', '@Demotermine']","['O', 'O', 'O', 'O', 'O', 'O', 'O', 'O', 'O', 'O', 'O', 'O', 'O', 'O', 'O', 'O', 'O', 'O', 'O', 'O', 'O', 'O', 'O', 'O', 'O', 'O', 'O', 'O', 'O', 'O', 'O', 'O', 'O', 'O', 'O', 'O', 'O', 'O', 'O', 'O', 'O', 'O', 'O', 'O', 'O', 'O', 'O', 'O', 'O', 'O', 'O', 'O', 'O', 'O', 'O', 'O', 'O', 'O', 'O', 'O', 'O', 'O', 'O', 'O', 'O', 'O', 'O', 'O', 'O', 'O', 'O', 'O', 'O', 'O', 'O', 'O', 'O', 'O', 'O', 'O', 'O']"
32,Demotermine125028861079492021-03-22 00:00:40,"['Demo-Termine', 'von', 'https://terminkalender.top', '🌎', '🔥', '🧐', '😂', '🤝', '👍', 'Weltweite', 'Anti-Lockdown', 'Proteste', 'Die', 'Menschheit', 'ist', 'aufgestanden', ':', 'https://youtu.be/eARjXNx63Js', 'Demo', 'hier', 'eintragen', 'https://terminkalender.top/add', 'Spendenseite', 'https://terminkalender.top/spende', 'Telegram', 'https://terminkalender.top/telegram', 'oder', '@terminkalender', 'Discord', 'https://terminkalender.top/discord', 'Support', '@demotermine', 'Zum', 'Redaktionsschluss', 'um', '00:06', 'Uhr', ',', 'wurden', 'für', 'den', 'heutigen', 'Tag', 'folgende', 'Demotermine', 'gemeldet', '🔴', 'Montag', '22.', 'März', '2021', '▶', '️', 'DE', 'Apolda', 'Stadtzentrum', '/', 'Bahnhofstraße', '(', 'Spaziergang', ')', '🕑', '19:00', 'Übach-', 'Palenberg', 'Rathausplatz', 'Kundgebung', '18:00', 'Bad', 'Langensalza', 'Rathausbrunnen', 'Bamberg', 'Bahnhof', 'ggü.', '17:30', 'Bautzen', 'Kornmarkt', 'Mahnwache', 'Berlin', 'Lietzenseepark', 'Bernburg', 'Karlsplatz', 'Weltzeituhr', 'Bitterfeld', 'Marktplatz', 'Dessau-Roßlau,', 'Zerbster', 'Str.', '4', 'Friedensglocke', 'beim', 'Rathaus', 'Ebeleben', 'Erfurt', 'Fischmarkt', 'Gütersloh', 'Berliner', 'Platz', 'Gotha', 'Schloßberg', 'Brunnen', 'Hettstedt', 'Markt', 'Denkmal', '17:00', 'Kaufbeuren', 'Altes', 'Kiel', 'Exerzierplatz', 'Versammlung', 'Konstanz', 'Münster', 'Laichingen', 'Leinefelde', 'davor', 'Mühlhausen', 'Thüringen', 'Postplatz', 'Neubrandenburg', 'Innenstadt', 'Nottertal-Heilingerhöhen,', 'Schlotheim', 'Oberthulba', 'Waldstr', '.', '30', 'MZ-Halle', 'Parkplatz', '18:30', '32', 'Osnabrück', 'Demonstration', 'Paderborn', 'Herz-Jesu', 'Kirche', 'Westerntor', 'NE', 'Remscheid-Lennep,', 'Kirmesplatz', 'Rostock', 'Neuer', 'Sangerhausen', 'Schwandorf', 'Oberer', 'Stralsund', 'Alter', 'Würzburg', 'Unterer', 'Raus', 'auf', 'die', 'Straße', '@Demotermine!']","['O', 'O', 'O', 'O', 'O', 'O', 'O', 'O', 'O', 'O', 'B-ACTION', 'I-ACTION', 'O', 'O', 'O', 'O', 'O', 'O', 'B-ACTION', 'O', 'O', 'O', 'O', 'O', 'B-ORG', 'O', 'O', 'O', 'B-ORG', 'O', 'O', 'O', 'O', 'O', 'O', 'B-TIME', 'I-TIME', 'O', 'O', 'O', 'O', 'O', 'O', 'O', 'O', 'O', 'O', 'O', 'O', 'O', 'O', 'O', 'O', 'B-LOC', 'B-LOC', 'B-LOC', 'O', 'I-LOC', 'O', 'B-ACTION', 'O', 'O', 'B-TIME', 'O', 'I-LOC', 'B-LOC', 'B-ACTION', 'B-TIME', 'B-LOC', 'I-LOC', 'B-LOC', 'B-LOC', 'O', 'I-LOC', 'B-TIME', 'B-LOC', 'I-LOC', 'B-ACTION', 'B-LOC', 'B-LOC', 'B-LOC', 'B-LOC', 'I-LOC', 'B-LOC', 'B-LOC', 'O', 'B-LOC', 'I-LOC', 'I-LOC', 'I-LOC', 'I-LOC', 'O', 'B-LOC', 'B-LOC', 'B-LOC', 'B-LOC', 'B-LOC', 'I-LOC', 'B-LOC', 'B-LOC', 'I-LOC', 'B-LOC', 'O', 'I-LOC', 'B-TIME', 'B-LOC', 'B-LOC', 'B-LOC', 'I-LOC', 'B-ACTION', 'B-LOC', 'B-LOC', 'B-LOC', 'B-LOC', 'I-LOC', 'B-LOC', 'I-LOC', 'B-LOC', 'B-LOC', 'I-LOC', 'O', 'I-LOC', 'B-LOC', 'B-LOC', 'O', 'O', 'I-LOC', 'I-LOC', 'B-TIME', 'I-LOC', 'B-LOC', 'B-ACTION', 'B-LOC', 'B-LOC', 'I-LOC', 'O', 'B-LOC', 'O', 'B-LOC', 'B-LOC', 'B-LOC', 'B-LOC', 'B-LOC', 'B-LOC', 'B-LOC', 'B-LOC', 'B-LOC', 'B-LOC', 'O', 'O', 'O', 'O', 'O']"
33,Demotermine1250288610239442021-10-29 14:53:30,"['🧍🏻\u200d', '♀', '️', '🚶', '🏻\u200d', '♂', '🕺', '🏻', '👩', '🏻\u200d🦽', '👭', '️🧍🏻\u200d', '🏻\u200d🦯', '👫', '👬', '#NW', '#Do0411', '#Hagen', 'Raus', 'auf', 'die', 'Straßen', '@Demotermine!', '👉', 'Übersicht', '/', 'Overview', '👈']","['O', 'O', 'O', 'O', 'O', 'O', 'O', 'O', 'O', 'O', 'O', 'O', 'O', 'O', 'O', 'B-LOC', 'B-DATE', 'B-LOC', 'O', 'O', 'O', 'O', 'O', 'O', 'O', 'O', 'O', 'O']"
34,Demotermine125028861098012021-05-01 18:09:39,"['Osnabrück', '@MontagsdemoOsnabrueck', '@NiedersachsenInfoChat', '03052021', 'Raus', 'auf', 'die', 'Straße', '@Demotermine!']","['B-LOC', 'O', 'O', 'B-DATE', 'O', 'O', 'O', 'O', 'O']"
35,Demotermine125028861070762021-03-03 22:41:01,"['🗓', '03', 'Mrz', ':', 'Wir', 'stehen', 'auf', 'gegen', 'die', 'Lügenpresse', '–', 'Graz', 'https://www.demo-info.at/demonstrationen/wir-stehen-auf-gegen-die-luegenpresse-graz', '/', '#Termin', 'Raus', 'Straße', '@Demotermine!']","['O', 'B-DATE', 'I-DATE', 'O', 'O', 'O', 'O', 'O', 'O', 'O', 'O', 'B-LOC', 'O', 'O', 'O', 'O', 'O', 'O']"
36,Demotermine125028861012986,"['2-tägige', 'Impfaktion', 'im', 'Schwabenpark', 'in', 'Kaisersbach', '-', 'Volksmund', 'auch', 'Affenpark', 'genannt', 'erfreute', 'sich', 'großer', 'Beliebtheit', '.', 'Zur', 'Gen-Spritzung', 'gab', 'es', 'noch', 'kostenlosen', 'Eintritt', 'das', 'Impfparadies', 'Unserem', 'Team', 'wurden', 'die', 'Aufnahmen', 'exklusiv', 'zugespielt', 'Die', 'hochauflösenden', 'zeigen', 'aus', 'der', 'Luft', 'Schlange', 'Impfwilligen', 'https://www.swr.de/swraktuell/baden-wuerttemberg/stuttgart/spontan-impfen-in-stuttgart-geislingen-schwabenpark-und-region-100.html', 'https://www.zvw.de/lokales/kaisersbach/im-schwabenpark-kann-sich-jeder-am-24-und-25-juli-mit-biontech-oder-johnson-johnson-impfen-lasse_arid-380024', '‼️', 'Bewertung', '/', 'Rezension', 'da', 'lassen', 'umfassendsten', 'Infos', '@Impfauswahl.', 'Werde', '@Impfbeobachter', 'jetzt', '!']","['O', 'O', 'O', 'B-LOC', 'O', 'B-LOC', 'O', 'O', 'O', 'O', 'O', 'O', 'O', 'O', 'O', 'O', 'O', 'O', 'O', 'O', 'O', 'O', 'O', 'O', 'O', 'O', 'O', 'O', 'O', 'O', 'O', 'O', 'O', 'O', 'O', 'O', 'O', 'O', 'O', 'O', 'O', 'O', 'O', 'O', 'O', 'O', 'O', 'O', 'O', 'O', 'O', 'O', 'O', 'O', 'O']"
37,Demotermine1250288610190822021-09-24 04:08:19,"['2016', '–', 'Wahlen', ':', '„', 'Jetzt', 'geht', '’s', 'los', '💥', '😍', 'Meine', 'Lieblingspartei', 'zeigt', 'es', 'jetzt', 'allen', '!', '“', 'Nach', 'der', 'Wahl', '😭', '🤬', 'DAS', 'GIBT', 'ES', 'DOCH', 'GAR', 'NICHT‼️', 'DA', 'WURDE', 'BETROGEN‼️', 'UNGLAUBLICH', '#', '2017', '2018', '2019', '2020', '2021', 'Fortsetzung', 'folgt', '@MarcoKurz', 'Raus', 'auf', 'die', 'Straßen', '@Demotermine']","['B-DATE', 'O', 'O', 'O', 'O', 'O', 'O', 'O', 'O', 'O', 'O', 'O', 'O', 'O', 'O', 'O', 'O', 'O', 'O', 'O', 'O', 'O', 'O', 'O', 'O', 'O', 'O', 'O', 'O', 'O', 'O', 'O', 'O', 'O', 'O', 'B-DATE', 'B-DATE', 'B-DATE', 'B-DATE', 'B-DATE', 'O', 'O', 'O', 'O', 'O', 'O', 'O', 'O']"
38,Demotermine1250288610209692021-10-10 19:39:53,"['Alwins', 'Monolog', '-', 'Die', 'Akademie', 'der', 'Denker', '!', '—', 'Papst', 'Alwin', '/', 'alwinproduction', 'https://youtu.be/e6MhFS8fih4', '7:44', 'Raus', 'auf', 'die', 'Straßen', '@Demotermine!', '👉', 'Übersicht', 'Overview', '👈']","['O', 'O', 'O', 'O', 'O', 'O', 'O', 'O', 'O', 'O', 'O', 'O', 'O', 'O', 'B-TIME', 'O', 'O', 'O', 'O', 'O', 'O', 'O', 'O', 'O']"
39,Demotermine12502886109336,"['Nutzt', 'diese', 'Hashtags', ':', '#B2104', '#Berlin', '#Bundesnotbremse', '#Infektionsschutzgesetz', '#Demo', '@TikTok_com_de']","['O', 'O', 'O', 'O', 'O', 'B-LOC', 'O', 'O', 'B-ACTION', 'O']"
40,Demotermine1250288610131732021-07-30 08:39:15,"['01.08.2021', 'Berlin', '❤', '️', '🌅', '#wirwerdenAlledasein', 'Raus', 'auf', 'die', 'Straße', '@Demotermine!']","['B-DATE', 'B-LOC', 'O', 'O', 'O', 'O', 'O', 'O', 'O', 'O', 'O']"
41,Demotermine1250288610164072021-08-29 15:36:48,"['Olaf', 'Sundermeyer', 'mit', 'Berliner', 'Antifanten', 'und', 'einem', 'RBB', 'Kamerateam', 'unterwegs', ',', 'um', '„', 'Geschichten', '“', 'zu', 'provozieren', 'produzieren', '.', 'Als', 'die', 'Demo-Demokraten', 'Markus', 'Haintz', 'vollpöbeln', 'senkt', 'sich', 'Kamera', 'automatisch', '!', 'Der', 'Kameramann', 'weiss', 'ganz', 'genau', 'welche', 'Bilder', 'für', 'den', 'produziert', 'werden', 'sollen', 'nicht', 'Berlin', '-', '29082021', '‼️GG', 'Art.20', '/', '4‼️', '🔥', 'Ziviler', 'Ungehorsam', 't.me/StuttgartGrundgesetzDemos', '⬆', '️', '🔼', '👉', 'Stuttgart', 'Widerstand', 'Grundrechte', 'Freiheit', 'Grundgesetz', 'Demos', '👈', 'Raus', 'auf', 'Straßen', '@Demotermine']","['B-PER', 'I-PER', 'O', 'O', 'O', 'O', 'O', 'B-ORG', 'O', 'O', 'O', 'O', 'O', 'O', 'O', 'O', 'O', 'O', 'O', 'O', 'O', 'O', 'B-PER', 'I-PER', 'O', 'O', 'O', 'O', 'O', 'O', 'O', 'O', 'O', 'O', 'O', 'O', 'O', 'O', 'O', 'O', 'O', 'O', 'O', 'O', 'O', 'B-DATE', 'O', 'O', 'O', 'O', 'O', 'O', 'O', 'O', 'O', 'O', 'O', 'O', 'O', 'O', 'O', 'O', 'O', 'O', 'O', 'O', 'O', 'O', 'O']"
42,Demotermine12502886105490,"['Schlussworte', '+', 'Rodelsequenzen', '2.', 'Rodeldemo', 'in', 'Braunlage', 'Hexenritt', 'vom', '23.1.21', 'Ganzer', 'Stream', 'mit', 'Livekommentaren', 'hier', ':', 'https://www.youtube.com/watch?v=cAZswX2twjk', 'Die', 'dritte', 'wird', 'am', '30.1.21', 'Oberwiesenthal', '(', 'Sachsen', ')', 'stattfinden', '.', 'Achtet', 'auf', 'die', 'Ansagen', 'im', 'Telegram-Kanal', 'https://t.me/InSvenswelt', 'Unterstützt', 'durch', 'https://politaufkleber.de', 'https://shirts.poitaufkleber.de', 'https://outlet.politaufkleber.de']","['O', 'O', 'O', 'O', 'B-ACTION', 'O', 'B-LOC', 'B-ACTION', 'O', 'B-DATE', 'O', 'B-ACTION', 'O', 'O', 'O', 'O', 'O', 'O', 'O', 'O', 'O', 'B-DATE', 'B-LOC', 'O', 'B-LOC', 'O', 'O', 'O', 'O', 'O', 'O', 'O', 'O', 'O', 'O', 'O', 'O', 'O', 'O', 'O']"
43,Demotermine1250288610145412021-08-20 02:51:41,"['Gossau', 'Präsentation', 'der', 'neuen', 'Impfmobile', '😏', '@SchweizChat', '21082021', 'Raus', 'auf', 'die', 'Straße', '@Demotermine!']","['B-LOC', 'O', 'O', 'O', 'O', 'O', 'O', 'B-DATE', 'O', 'O', 'O', 'O', 'O']"
44,Demotermine1250288610178092021-09-13 12:39:34,"['Oranienburg', '@oberhavelstehtauf', '@BrandenburgInfoChat', '13092021', 'Raus', 'auf', 'die', 'Straßen', '@Demotermine']","['B-LOC', 'O', 'O', 'B-DATE', 'O', 'O', 'O', 'O', 'O']"
45,Demotermine1250288610181902021-09-18 04:33:51,"['Sarnen', 'Obwalden', '@SchweizChat', '#CH', '25092021', '#zfnzze', 'Raus', 'auf', 'die', 'Straßen', '@Demotermine']","['B-LOC', 'I-LOC', 'O', 'B-LOC', 'B-DATE', 'O', 'O', 'O', 'O', 'O', 'O']"
46,Demotermine1250288610314892021-12-13 02:55:36,"['📍', 'Aerzen', '12.12.2021', ':', 'In', 'wurden', 'heute', 'ebenfalls', 'die', 'ersten', 'Kerzen', '🕯', 'für', 'Freiheit', ',', 'Frieden', 'Selbstbestimmung', 'und', 'Zusammenhalt', 'abgestellt', '.', 'Ein', 'schöner', 'Anfang', '...', 'Danke', 'nach', '❤', '️', 'Nächster', 'Kerzen-Termin', 'in', '19.12.21', 'um', '17:30', 'Uhr', 'am', 'Denkmal', 'an', 'der', 'Kirche', '!', '„', 'Denn', 'ihr', 'Menschen', 'aus', 'Niedersachsen', 'vergesst', 'es', 'nicht', 'Ihr', 'seid', '""', 'Freie', 'diese', 'holen', 'wir', 'uns', 'alle', 'zusammen', 'friedlich', 'zurück', 'sind', 'zu', 'finden', 'auf', '👉', '🏻', 'Telegram', 'INFO', 'Kanal', 'Bilder', '&', 'Video', 'Sammlung', 'Twitter', 'Facebook', 'YouTube', 'Raus', 'Straßen', '@Demotermine!', 'Übersicht', '/', 'Overview', '👈']","['O', 'B-LOC', 'B-DATE', 'O', 'O', 'O', 'O', 'O', 'O', 'O', 'O', 'O', 'O', 'O', 'O', 'O', 'O', 'O', 'O', 'O', 'O', 'O', 'O', 'O', 'O', 'O', 'O', 'O', 'O', 'O', 'B-ACTION', 'O', 'B-DATE', 'O', 'B-TIME', 'I-TIME', 'O', 'B-LOC', 'O', 'B-LOC', 'B-LOC', 'O', 'O', 'O', 'O', 'O', 'O', 'B-LOC', 'O', 'O', 'O', 'O', 'O', 'O', 'O', 'O', 'O', 'O', 'O', 'O', 'O', 'O', 'O', 'O', 'O', 'O', 'O', 'O', 'O', 'B-ORG', 'O', 'O', 'O', 'O', 'O', 'O', 'B-ORG', 'B-ORG', 'B-ORG', 'O', 'O', 'O', 'O', 'O', 'O', 'O']"
47,Demotermine125028861081572021-03-29 09:05:49,"['Stuttgart', 'Fahrraddemo', 'Start', 'Cannstatter', 'Wasen', 'Parkplatz', 'P10', 'Übersicht', 'https://t.me/Demotermine/8358', '@BadenWuerttembergInfoChat', '09042021', 'Raus', 'auf', 'die', 'Straße', '@Demotermine!']","['B-LOC', 'B-ACTION', 'O', 'B-LOC', 'I-LOC', 'B-LOC', 'I-LOC', 'O', 'O', 'O', 'B-DATE', 'O', 'O', 'O', 'O', 'O']"
48,Demotermine1250288610113882021-06-08 08:33:27,"['🗓', 'Wieselburg', 'steht', 'auf', '!', '#Termin', '@OesterreichChat', '09062021', 'Raus', 'die', 'Straße', '@Demotermine!']","['O', 'B-LOC', 'O', 'O', 'O', 'O', 'O', 'B-DATE', 'O', 'O', 'O', 'O']"
49,Demotermine1250288610117792021-06-20 22:54:46,"['EINLADUNG', '🎈', 'DIENSTAGSSPAZIERGANG', 'in', 'Simmertal', 'Lasst', 'uns', 'wie', 'gewohnt', 'friedlich', 'für', 'unsere', 'Grundrechte', 'spazieren', 'gehen', '.', 'gemeinsam', 'ein', 'Bewusstsein', 'schaffen', ',', 'dass', 'Menschen', 'auch', 'kleinen', 'Ortschaften', 'unter', 'den', 'Corona-Maßnahmen', 'leiden', 'WIR', 'SCHAUEN', 'NICHT', 'WEG', '!', 'SCHWEIGEN', 'MACHEN', 'UNS', 'STARK', 'FÜR', 'EUCH', 'GEBEN', 'EINE', 'STIMME', 'Anfahrt', 'Link', ':', 'https://maps.google.com/maps?q=49.80649181095076%2C7.526000216603278', 'Wir', 'gehören', 'keiner', 'Organisation', 'oder', 'Partei', 'an', 'Unsere', 'Kritik', 'richtet', 'sich', 'ausschließlich', 'die', 'Bundesregierung', 'Weitere', 'Infos', 'http://www.xn--brger-wie-du-und-ich-pec.de', '/', 'freuen', 'auf', 'DICH', '🥰', 'BITTE', '♡', 'TEILEN', '#wirmachenAUFmerksam', '#Dienstagsspaziergang', '#Bürgerwieduundich', '#Simmertal', '#RLP', '#Ichmachdanichtmit', '@RheinlandPfalzInfoChat', '22062021', 'Raus', 'Straße', '@Demotermine!']","['O', 'O', 'B-ACTION', 'O', 'B-LOC', 'O', 'O', 'O', 'O', 'O', 'O', 'O', 'O', 'O', 'O', 'O', 'O', 'O', 'O', 'O', 'O', 'O', 'O', 'O', 'O', 'O', 'O', 'O', 'O', 'O', 'O', 'O', 'O', 'O', 'O', 'O', 'O', 'O', 'O', 'O', 'O', 'O', 'O', 'O', 'O', 'O', 'O', 'O', 'O', 'O', 'O', 'O', 'O', 'O', 'O', 'O', 'O', 'O', 'O', 'O', 'O', 'O', 'O', 'O', 'O', 'O', 'O', 'O', 'O', 'O', 'O', 'O', 'O', 'O', 'B-ACTION', 'O', 'B-LOC', 'B-LOC', 'O', 'O', 'B-DATE', 'O', 'O', 'O']"
50,Demotermine1250288610194752021-09-27 01:06:12,"['Aktenzeichen', 'A.B.', 'Sexguru', ';', 'Uster', '25.9.21', 'Raus', 'auf', 'die', 'Straßen', '@Demotermine']","['O', 'O', 'O', 'O', 'B-LOC', 'B-DATE', 'O', 'O', 'O', 'O', 'O']"
51,Demotermine1250288610149082021-08-27 02:13:29,"['Willkommen', 'als', 'Mensch', '!', 'Footlong', 'AG', '-', 'SUBWAY', 'grenzt', 'nicht', 'aus', 'Bitte', '5', 'Sterne', 'dafür', 'Olten', 'https://g.co/kgs/V84XLf', 'Oftringen', 'https://g.co/kgs/Hvp5rY', 'Egerkingen', 'https://g.co/kgs/eKXAAo', 'Aarau', 'https://g.co/kgs/mYsgpY', 'Raus', 'auf', 'die', 'Straßen', '@Demotermine']","['O', 'O', 'O', 'O', 'B-ORG', 'I-ORG', 'I-ORG', 'I-ORG', 'O', 'O', 'O', 'O', 'O', 'O', 'O', 'B-LOC', 'O', 'O', 'O', 'B-LOC', 'O', 'B-LOC', 'O', 'O', 'O', 'O', 'O', 'O']"
52,Demotermine1250288610152102021-08-28 11:45:47,"['🔥', '#Hardy', 'Groeneveld', 'von', '#Mutigmachern', 'festgenommen', '!', 'Raus', 'auf', 'die', 'Straßen', '@Demotermine']","['O', 'B-PER', 'I-PER', 'O', 'O', 'O', 'O', 'O', 'O', 'O', 'O', 'O']"
53,Demotermine125028861036,"['Denkt', 'dran', ',', '16.11.', 'Chemnitz', '-', 'Heil', 'Merkel', '!']","['O', 'O', 'O', 'O', 'B-LOC', 'O', 'O', 'B-PER', 'O']"
54,Demotermine1250288610308362021-12-08 11:38:49,"['Also', 'wenn', 'man', 'die', 'Situation', 'jetzt', 'immer', 'noch', 'nicht', 'mit', 'früher', 'vergleichen', 'darf', ',', 'weiß', 'ich', 'auch', 'mehr', 'weiter', '🤔', 'Vor', 'allem', 'frag', 'mich', 'wann', 'es', 'bei', 'solchen', 'Tätern', 'mal', 'klick', 'macht', '🤦', '\u200d', '♂', '️', 'www.mahafaly.de', 'Gerne', 'folgen', 'auf', '...', '@dauerwelleDemoReport', 'Mahafaly', '/', 'Cancars', 'Klenzestraße', '1', '17424', 'Heringsdorf', 'https://g.co/kgs/XrkTDu', 'Die', 'umfassendsten', 'Infos', '@Impfauswahl.', 'Werde', '@Impfbeobachter', '!']","['O', 'O', 'O', 'O', 'O', 'O', 'O', 'O', 'O', 'O', 'O', 'O', 'O', 'O', 'O', 'O', 'O', 'O', 'O', 'O', 'O', 'O', 'O', 'O', 'O', 'O', 'O', 'O', 'O', 'O', 'O', 'O', 'O', 'O', 'O', 'O', 'O', 'O', 'O', 'O', 'O', 'O', 'O', 'O', 'O', 'B-LOC', 'I-LOC', 'B-LOC', 'I-LOC', 'O', 'O', 'O', 'O', 'O', 'O', 'O', 'O']"
55,Demotermine1250288610312142021-12-11 14:57:17,"['LIVE', 'aus', 'Paris', ':', 'Gelbwesten', 'protestieren', 'gegen', 'Corona-Maßnahmenn', '👉', '🏻', 'Neuer', 'Beitrag', '@RT_Deutsch']","['O', 'O', 'B-LOC', 'O', 'B-ORG', 'O', 'O', 'O', 'O', 'O', 'O', 'O', 'O']"
56,Demotermine1250288610692,"['Endspurt', ',', 'am', '24.02.2020', 'ist', 'Stichtag', '.', 'Auslieferung', 'oder', 'Freilassung', '?', '!', 'https://www.facebook.com/Free-Assange-Frankfurt-am-Main-104443104392221', '/']","['O', 'O', 'O', 'B-DATE', 'O', 'O', 'O', 'O', 'O', 'O', 'O', 'O', 'O', 'O']"
57,Demotermine125028861096662021-04-29 11:04:24,"['Runterladen', 'und', 'verteilen', 'als', 'Audio', 'in', 'euren', 'Autos', 'überall', 'laut', 'abspielen', '!', '@AndiBe_Nachrichten', '@DeutschlandInfoChat', 'Raus', 'auf', 'die', 'Straße', '@Demotermine!']","['O', 'O', 'O', 'O', 'O', 'O', 'O', 'O', 'O', 'O', 'O', 'O', 'O', 'O', 'O', 'O', 'O', 'O', 'O']"
58,Demotermine1250288610223152021-10-19 21:42:51,"['🇦', '🇹', '🇩', '🇪', 'Harte', 'Worte', 'aus', 'Österreich', '19.10.2021', 'Zum', 'Thema', '""', 'Tabuthemen', ',', 'Apfelmännchen', 'Gesprächskultur', 'und', 'innerer', 'Kampf', '@alexander_ehrlich', 'Jetzt', 'live', 'https://t.me/alexander_ehrlich?voicechat', 'Raus', 'auf', 'die', 'Straßen', '@Demotermine!', '👉', 'Übersicht', '/', 'Overview', '👈']","['O', 'O', 'O', 'O', 'O', 'O', 'O', 'B-LOC', 'B-DATE', 'O', 'O', 'O', 'O', 'O', 'O', 'O', 'O', 'O', 'O', 'O', 'O', 'O', 'O', 'O', 'O', 'O', 'O', 'O', 'O', 'O', 'O', 'O', 'O']"
59,Demotermine1250288610294342021-12-02 06:39:33,"['Desinfektionsexperten', 'unterwegs', 'nach', 'Bern', 'zum', 'Bundeshaus', 'Eine', 'Delegation', 'hochrangiger', 'ist', '.', 'Gemäss', 'der', 'Nachrichtenagentur', '«', 'Blödsinn', '»', 'werden', 'sie', 'das', 'in', 'den', 'nächsten', 'Tagen', 'vollständig', 'desinfizieren', 'Wie', 'Chef-Desinfekteur', 'mitteilt', ',', 'werde', 'dabei', 'die', 'neueste', 'Desinfektionstechnologie', 'angewendet', 'Diese', 'sei', 'sogar', 'Lage', 'Ausbreitung', 'kommender', 'Virenvarianten', 'bis', 'und', 'mit', 'Variante', 'Rosarot', 'abzuwehren', 'Es', 'wird', 'vermutet', 'dass', 'deswegen', 'im', 'auch', 'weiterhin', 'keine', 'Zertifikatspflicht', 'nötig', ':', 'srf.ch/news/schweiz/nationalrat-folgt-staenderat-zutritt-ins-bundeshaus-nur-mit-zertifikat-oder-mit-maske', 'Also', 'wenn', 'mal', 'guten', 'Nachrichten', 'für', 'Fussvolk', 'sind', '?', 'Ich', 'stehe', 'ein', 'eine', 'diktaturfreie', 'Schweiz', '!', 'Folgt', 'mir', 'auf', 'meinem', 'Telegram-Kanal:', 'https://t.me/fedfs', 'Raus', 'Straßen', '@Demotermine!', '👉', 'Übersicht', '/', 'Overview', '👈']","['O', 'O', 'O', 'B-LOC', 'O', 'B-LOC', 'O', 'O', 'O', 'O', 'O', 'O', 'O', 'O', 'O', 'O', 'O', 'O', 'O', 'O', 'O', 'O', 'O', 'O', 'O', 'O', 'O', 'O', 'O', 'O', 'O', 'O', 'O', 'O', 'O', 'O', 'O', 'O', 'O', 'O', 'O', 'O', 'O', 'O', 'O', 'O', 'O', 'O', 'O', 'O', 'O', 'O', 'O', 'O', 'O', 'O', 'O', 'O', 'O', 'O', 'O', 'O', 'O', 'O', 'O', 'O', 'O', 'O', 'O', 'O', 'O', 'O', 'O', 'O', 'O', 'O', 'B-LOC', 'O', 'O', 'O', 'O', 'O', 'O', 'O', 'O', 'O', 'O', 'O', 'O', 'O', 'O', 'O']"
60,Demotermine1250288610210152021-10-11 16:47:37,"['Politik', 'will', 'Staatsbürgerkunde', '2.0', 'einführen', ',', 'weil', 'wir', 'Sachsen', 'zu', 'dumm', 'wären', 'die', 'Medien', 'verstehen', '!', 'Eine', 'Studie', 'der', 'Landeszentrale', 'für', 'politische', 'Bildung', '(', 'natürlich', 'vom', 'Steuerzahler', 'finanziert', ')', 'kommt', 'dem', 'Ergebnis', 'dass', 'nur', 'ein', '""', 'geringes', 'Wissen', 'über', 'besitzen', 'und', 'offenbar', 'Fake-News', 'verfallen', 'sind', '.', 'Vermutlich', 'den', 'GEZ-Medien', 'nicht', 'blind', 'folgen', 'Das', 'ist', 'schon', 'ziemlich', 'frech', 'https://www.sueddeutsche.de/leben/gesellschaft-dresden-studie-viele-sachsen-haben-nur-geringes-wissen-ueber-medien-dpa.urn-newsml-dpa-com-20090101-211011-99-556694', 'Passenderweise', 'wird', 'direkt', 'Lösung', 'mitgeliefert', ':', 'In', 'Schule', 'soll', 'neues', 'Fach', 'zur', 'Medienkompetenz', 'eingeführt', 'werden', 'wo', 'erklärt', 'wem', 'geglaubt', 'darf', 'Es', 'klar', 'wohin', 'Reise', 'gehen', 'FREIE', 'SACHSEN', 'Folgt', 'uns', 'bei', 'Telegram', 'http://t.me/freiesachsen', 'Raus', 'auf', 'Straßen', '@Demotermine!', '👉', 'Übersicht', '/', 'Overview', '👈']","['O', 'O', 'O', 'O', 'O', 'O', 'O', 'O', 'O', 'O', 'O', 'O', 'O', 'O', 'O', 'O', 'O', 'O', 'O', 'B-ORG', 'I-ORG', 'I-ORG', 'I-ORG', 'O', 'O', 'O', 'O', 'O', 'O', 'O', 'O', 'O', 'O', 'O', 'O', 'O', 'O', 'O', 'O', 'O', 'O', 'O', 'O', 'O', 'O', 'O', 'O', 'O', 'O', 'O', 'O', 'O', 'O', 'O', 'O', 'O', 'O', 'O', 'O', 'O', 'O', 'O', 'O', 'O', 'O', 'O', 'O', 'O', 'O', 'O', 'O', 'O', 'O', 'O', 'O', 'O', 'O', 'O', 'O', 'O', 'O', 'O', 'O', 'B-ORG', 'I-ORG', 'O', 'O', 'O', 'B-ORG', 'O', 'O', 'O', 'O', 'O', 'O', 'O', 'O', 'O', 'O']"
61,Demotermine1250288610193072021-09-25 14:36:00,"['Dauerstau', 'auf', 'Königstrasse', 'Polizisten', 'Reihe', 'hat', 'vor', 'und', 'hinter', 'sich', 'die', 'Spaziergänger', 'STUTTGART', 'GRUNDRECHTE', 'SPAZIERGANG', '25092021', 't.me/StuttgartGrundgesetzDemos', '⬆', '️', '🔼', '👉', 'Stuttgart', 'Widerstand', 'Grundrechte', 'Freiheit', 'Grundgesetz', 'Demos', '👈', 'Raus', 'Straßen', '@Demotermine']","['O', 'O', 'B-LOC', 'O', 'O', 'O', 'O', 'O', 'O', 'O', 'O', 'O', 'B-LOC', 'B-ACTION', 'I-ACTION', 'B-DATE', 'O', 'O', 'O', 'O', 'O', 'O', 'O', 'O', 'O', 'O', 'O', 'O', 'O', 'O', 'O']"
62,Demotermine1250288610102822021-05-09 16:56:22,"['Morges', '-', 'Allaman', '@SchweizChat', '03062021', '04062021', '05062021', 'Raus', 'auf', 'die', 'Straße', '@Demotermine!']","['B-LOC', 'I-LOC', 'I-LOC', 'O', 'B-DATE', 'B-DATE', 'B-DATE', 'O', 'O', 'O', 'O', 'O']"
63,Demotermine125028861060662021-02-12 00:17:14,"['QUERDENKEN', '234', '–', 'BOCHUM', 'DEMONSTRIERT', 'AB', 'SOFORT', 'WÖCHENTLICH', 'Bochum', 'demonstriert', 'für', ':', 'Sofortige', 'Wiederherstellung', 'aller', 'Grundrechte', 'und', 'verhältnismäßige', 'Corona-Maßnahmen', 'auf', 'der', 'Basis', 'fundierter', 'wissenschaftlicher', 'Evidenz', 'DATUM', '13.02.2021', 'Beginn', '15:00', 'Uhr', 'Ende', '16:30', 'Versammlungsort', 'Dr.-Ruer-Platz', ',', '44787', '*', 'VERSAMMLUNG', 'IST', 'GENEHMIGT', 'Folgt', 'uns', 'unseren', 'Kanälen', 'Telegram', 'Info', 'Kanal', 'https://t.me/Querdenken_234', 'Chat', 'Austausch', 'https://t.me/Querdenken234', 'Website', 'https://querdenken-234.de', '/', 'Twitter', 'https://twitter.com/querdenken234', 'Instagram', 'https://www.instagram.com/querdenken234', 'Facebook', 'https://www.facebook.com/querdenken234', 'Youtube', 'https://www.youtube.com/channel/UCwiSlmjeYl1dYYFad1v9SwQ', 'Weitere', 'Details', 'https://t.me/Demotermine/6234', '@NordrheinWestfalenInfoChat', '13022021', 'Raus', 'die', 'Straße', '@Demotermine']","['B-ORG', 'I-ORG', 'O', 'O', 'O', 'O', 'O', 'O', 'O', 'O', 'O', 'O', 'O', 'O', 'O', 'O', 'O', 'O', 'O', 'O', 'O', 'O', 'O', 'O', 'O', 'O', 'B-DATE', 'O', 'B-TIME', 'I-TIME', 'O', 'B-TIME', 'O', 'B-LOC', 'O', 'B-LOC', 'O', 'B-ACTION', 'O', 'O', 'O', 'O', 'O', 'O', 'B-ORG', 'O', 'O', 'O', 'O', 'O', 'O', 'O', 'O', 'O', 'B-ORG', 'O', 'B-ORG', 'O', 'B-ORG', 'O', 'O', 'O', 'O', 'O', 'O', 'O', 'B-DATE', 'O', 'O', 'O', 'O']"
64,Demotermine125028861092982021-04-19 22:01:27,"['Hanau', '@NordrheinWestfalenInfoChat', '25042021', 'Raus', 'auf', 'die', 'Straße', '@Demotermine!']","['B-LOC', 'O', 'B-DATE', 'O', 'O', 'O', 'O', 'O']"
65,Demotermine125028861072662021-03-07 21:30:16,"['📣', 'Kundgebung', 'Rostock.08.03.2021', ',', '16.00', 'Uhr', 'Neuer', 'Markt', '@MecklenburgVorpommernInfoChat', '08032021', 'Raus', 'auf', 'die', 'Straße', '@Demotermine!']","['O', 'B-ACTION', 'O', 'O', 'B-TIME', 'I-TIME', 'B-LOC', 'I-LOC', 'O', 'B-DATE', 'O', 'O', 'O', 'O', 'O']"
66,Demotermine1250288610252692021-11-06 13:55:24,"['Leipzig', 'Augustusplatz', ',', '06.11.2021', '-', 'Polizei', 'fährt', 'auf', '@SandraGabriel269', 'Raus', 'die', 'Straßen', '@Demotermine!', '👉', 'Übersicht', '/', 'Overview', '👈']","['B-LOC', 'B-LOC', 'O', 'B-DATE', 'O', 'B-ORG', 'O', 'O', 'O', 'O', 'O', 'O', 'O', 'O', 'O', 'O', 'O', 'O']"
67,Demotermine1250288610268892021-11-15 23:40:11,"['LIVE', ':', 'Wien', '/', 'AT', '-', 'Weltweit', 'erster', 'landesweiter', 'Lockdown', 'für', 'ungeimpfte', 'Menschen', 'beginnt', '15.11.2021', '—', 'demonstration_live', 'https://youtu.be/w0gK6LDR2qo', '3:10:41', 'Raus', 'auf', 'die', 'Straßen', '@Demotermine!', '👉', 'Übersicht', 'Overview', '👈']","['O', 'O', 'B-LOC', 'I-LOC', 'I-LOC', 'O', 'O', 'O', 'O', 'O', 'O', 'O', 'O', 'O', 'B-DATE', 'O', 'B-ACTION', 'O', 'B-TIME', 'O', 'O', 'O', 'O', 'O', 'O', 'O', 'O', 'O']"
68,Demotermine125028861072162021-03-06 01:39:21,"['Es', 'reicht', '!', 'Friseure', 'haben', 'wieder', 'offen', '?', 'Dann', 'hol', ""'"", 'dein', 'Nest', 'vom', 'Kopf', ',', 'Vogel', 'Übersicht', 'https://t.me/Demotermine/6818', '@DeutschlandInfoChat', '13032021', 'Raus', 'auf', 'die', 'Straße', '@Demotermine!']","['O', 'O', 'O', 'O', 'O', 'O', 'O', 'O', 'O', 'O', 'O', 'O', 'O', 'O', 'O', 'O', 'O', 'O', 'O', 'O', 'B-DATE', 'O', 'O', 'O', 'O', 'O']"
69,Demotermine1250288610159832021-08-29 11:18:02,"['+', 'U', 'FRANKFURTER', 'TOR', 'neuer', 'Demozug', 'formiert', 'sich', '#b2908', 'Raus', 'auf', 'die', 'Straßen', '@Demotermine']","['O', 'B-LOC', 'I-LOC', 'I-LOC', 'O', 'B-ACTION', 'O', 'O', 'O', 'O', 'O', 'O', 'O', 'O']"
70,Demotermine1250288610677,"['""', 'Wenn', 'Unrecht', 'zu', 'Recht', 'wird', ',', 'Widerstand', 'zur', 'Pflicht', '!', 'Erheben', 'wir', 'unsere', 'Stimmen', 'FÜR', 'gesundheitliche', 'Selbstbestimmung', 'und', 'den', 'freien', 'Impfentscheid', 'Daher', 'freuen', 'uns', 'jetzt', 'doch', 'für', '21.3.2020', 'eine', 'Großdemonstration', 'in', 'München', 'anzukündigen', 'bei', 'der', 'sehr', 'prominenten', 'Pharmakritiker', '(', 'erfolgreich', 'klagenden', '?', ')', 'Rechtsanwalt', 'Robert', 'F.', 'Kennedy', 'jr.', 'begrüßen', 'dürfen', 'auch', 'Vera', 'Sharav', 'Holocaust-Überlebende,', 'Pharmakritikerin', 'Vorsitzende', 'Alliance', 'for', 'Human', 'Research', 'Protection', 'AHRP', '.', 'Ausserdem', 'kommen', 'Corvelva', 'aus', 'Italien', 'VaccinatieRaad', 'Niederlanden', 'weitere', 'internationale', 'Gäste', 'z.B.', 'Ungarn', 'Frankreich', 'Polen', 'etc.', 'Start', 'Demonstration', 'ist', 'die', 'Auftaktkundgebung', 'um', '11.30', 'Uhr', 'am', 'Odeonsplatz', 'Die', 'Abschlusskundgebung', 'findet', 'ab', 'ca.', '14.30', 'auf', 'dem', 'Marienplatz', 'statt', 'Ende', 'gegen', '17.30', 'nach']","['O', 'O', 'O', 'O', 'O', 'O', 'O', 'O', 'O', 'O', 'O', 'O', 'O', 'O', 'O', 'O', 'O', 'O', 'O', 'O', 'O', 'O', 'O', 'O', 'O', 'O', 'O', 'O', 'B-DATE', 'O', 'B-ACTION', 'O', 'B-LOC', 'O', 'O', 'O', 'O', 'O', 'O', 'O', 'O', 'O', 'O', 'O', 'O', 'B-PER', 'I-PER', 'I-PER', 'O', 'O', 'O', 'O', 'B-PER', 'I-PER', 'O', 'O', 'O', 'B-ORG', 'I-ORG', 'I-ORG', 'I-ORG', 'I-ORG', 'B-ORG', 'O', 'O', 'O', 'B-ORG', 'O', 'B-LOC', 'B-ORG', 'B-LOC', 'O', 'O', 'O', 'O', 'B-LOC', 'B-LOC', 'B-LOC', 'O', 'O', 'B-ACTION', 'O', 'O', 'B-ACTION', 'O', 'B-TIME', 'I-TIME', 'O', 'B-LOC', 'O', 'B-ACTION', 'O', 'O', 'O', 'B-TIME', 'O', 'O', 'B-LOC', 'O', 'O', 'O', 'B-TIME', 'O']"
71,Demotermine1250288610294652021-12-02 08:34:06,"['Ein', 'EXTRA-VIDEO', 'für', 'völlig', 'verblödeten', 'verbrecherischen', 'hirntoten', 'Fascho-Lappen-Antifa-Idioten!!', 'Wann', 'schaltet', 'ihr', 'Euer', 'Resthirn', 'ein', 'und', 'hört', 'auf', ',', 'selbst', 'Nazis', 'zu', 'spielen', 'sein', '?', 'Wollt', 'jetzt', 'Juden', 'wegimpfen', 'ihnen', 'die', 'Freiheit', 'nehmen', 'Elendes', 'Neues', 'Faschisten-Pack!!!', 'DIE', 'NAZIS', 'SIND', 'WIEDER', 'DA', '!', 'MAN', 'NENNT', 'SIE', 'HEUTE', 'ANTIFA', 't.me/StuttgartGrundgesetzDemos', '⬆', '️', '🔼', '👉', 'Stuttgart', 'Widerstand', 'Grundrechte', 'Grundgesetz', 'Demos', '👈', 'Raus', 'Straßen', '@Demotermine!', 'Übersicht', '/', 'Overview']","['O', 'O', 'O', 'O', 'O', 'O', 'O', 'O', 'O', 'O', 'O', 'O', 'O', 'O', 'O', 'O', 'O', 'O', 'O', 'O', 'O', 'O', 'O', 'O', 'O', 'O', 'O', 'O', 'O', 'O', 'O', 'O', 'O', 'O', 'O', 'O', 'O', 'O', 'O', 'O', 'O', 'O', 'O', 'O', 'O', 'B-ORG', 'O', 'O', 'O', 'O', 'O', 'O', 'O', 'O', 'O', 'O', 'O', 'O', 'O', 'O', 'O', 'O', 'O']"
72,Demotermine125028861079042021-03-20 12:38:19,"['Übersicht', 'Samstag', ',', '20.3.2021', 'Terminkalender', '🗓', 'https://t.me/Demotermine/7900', 'Mehr', 'Details', '👇', 'Balingen', '🔊', '🏃', 'https://t.me/Demotermine/7636', 'Berlin', '🕘', '🕚', '🕑', 'https://t.me/Demotermine/7741', 'https://t.me/Demotermine/7675', '-', 'Fahrzeugkorso', '🛣', '🕙', 'https://t.me/Demotermine/7517', 'Bern', 'https://t.me/Demotermine/7710', 'Chieming', '💂', '💥', 'neu', 'https://t.me/Demotermine/7773', 'Crimmitschau', 'https://t.me/Demotermine/7842', 'Deggendorf', 'https://t.me/Demotermine/7411', 'Eberbach', 'https://t.me/Demotermine/7898', 'Feldkirch', '🌍', 'https://t.me/Demotermine/7906', 'Gera', 'https://t.me/Demotermine/7740', 'Gerlingen', 'https://t.me/Demotermine/7477', 'Gifhorn', 'https://t.me/Demotermine/7502', 'Innsbruck', 'Großveranstaltung', 'https://t.me/Demotermine/7283', 'Spaziergang', 'https://t.me/Demotermine/7291', 'Kaiserslautern', 'https://t.me/Demotermine/7775', 'Kassel', '🗣', 'GROSSDEMO', '🕛', 'https://t.me/Demotermine/7758', 'Kaufbeuren', '🧘', '\u200d', '♂', '️', 'https://t.me/Demotermine/7847', 'Leverkusen', 'https://t.me/Demotermine/7300', 'Liestal', 'https://t.me/Demotermine/7387', 'München', 'https://t.me/Demotermine/7627', 'UlliOma', '🎶', 'https://t.me/Demotermine/7645', 'Potsdam', 'https://t.me/Demotermine/7380', 'Reichelsheim', 'https://t.me/Demotermine/7762', 'Remscheid', 'https://t.me/Demotermine/7650', 'Rothenburg', 'https://t.me/Demotermine/7690', 'Sassnitz', 'https://t.me/Demotermine/7682', 'Schwäbisch', 'Gmünd', 'https://t.me/Demotermine/5631', 'Wien', 'Freiheit', 'unserer', 'Kinder', 'https://t.me/Demotermine/7907', 'Gebetstreffen', '🙏', 'https://t.me/Demotermine/7905', 'https://t.me/Demotermine/7400', 'Wilkau-Haßlau', 'Winnenden', 'https://t.me/Demotermine/7712', 'Zwickau', 'Gopal', 'Augsburg', 'https://t.me/Veranstaltungen/229', 'WWD2021', 'https://t.me/Demotermine/7903', 'Infostände', 'ℹ', 'Heilbronn', 'https://t.me/Veranstaltungen/234', 'Im', 'Kalender', 'suchen', 'und', 'kommentieren', 'https://t.me/Demotermine/7902', 'Termin', 'mitteilen', '@Terminverteiler_Bot', 'Raus', 'auf', 'die', 'Straße', '@Demotermine!']","['O', 'B-DATE', 'I-DATE', 'I-DATE', 'O', 'O', 'O', 'O', 'O', 'O', 'B-LOC', 'O', 'O', 'O', 'B-LOC', 'O', 'O', 'O', 'O', 'O', 'O', 'B-ACTION', 'O', 'O', 'O', 'B-LOC', 'O', 'B-LOC', 'O', 'O', 'O', 'O', 'B-LOC', 'O', 'B-LOC', 'O', 'B-LOC', 'O', 'B-LOC', 'O', 'O', 'B-LOC', 'O', 'B-LOC', 'O', 'B-LOC', 'O', 'B-LOC', 'B-ACTION', 'O', 'B-ACTION', 'O', 'B-LOC', 'O', 'B-LOC', 'O', 'B-ACTION', 'O', 'O', 'B-LOC', 'O', 'O', 'O', 'O', 'O', 'B-LOC', 'O', 'B-LOC', 'O', 'B-LOC', 'O', 'O', 'O', 'O', 'B-LOC', 'O', 'B-LOC', 'O', 'B-LOC', 'O', 'B-LOC', 'O', 'B-LOC', 'O', 'B-LOC', 'I-LOC', 'O', 'B-LOC', 'B-ACTION', 'I-ACTION', 'I-ACTION', 'O', 'O', 'O', 'O', 'O', 'B-LOC', 'B-LOC', 'O', 'B-LOC', 'B-LOC', 'B-LOC', 'O', 'B-ACTION', 'O', 'B-ACTION', 'O', 'B-LOC', 'O', 'O', 'O', 'O', 'O', 'O', 'O', 'O', 'O', 'O', 'O', 'O', 'O', 'O', 'O']"
73,Demotermine1250288610218752021-10-17 06:34:02,"['Halle', 'Markt', 'fuer', 'mehr', 'Flüchtlinge', 'im', 'Paulusviertel', '16', '10', '21', 'Nächste', 'am', '20.10.', '19', 'Uhr', '—', 'Sven', 'Liebich', 'https://youtu.be/K-TbX6PUA6A', '1:00:27', '#ST', '#Mi2010', '#Halle', 'Raus', 'auf', 'die', 'Straßen', '@Demotermine!', '👉', 'Übersicht', '/', 'Overview', '👈']","['B-LOC', 'B-LOC', 'O', 'O', 'O', 'O', 'B-LOC', 'B-DATE', 'B-DATE', 'I-DATE', 'O', 'O', 'B-DATE', 'B-TIME', 'I-TIME', 'O', 'B-PER', 'I-PER', 'O', 'B-TIME', 'O', 'B-DATE', 'B-LOC', 'O', 'O', 'O', 'O', 'O', 'O', 'O', 'O', 'O', 'O']"
74,Demotermine125028861034262020-10-27 22:48:27,"['Reutlingen', '@ElternStehenAuf_RLP', '@BadenWuerttembergInfoChat', '30102020']","['B-LOC', 'O', 'O', 'B-DATE']"
75,Demotermine1250288610183382021-09-18 12:57:16,"['Stuttgart', '-', 'Polizei', 'anwesend', 'Raus', 'auf', 'die', 'Straßen', '@Demotermine']","['B-LOC', 'O', 'B-ORG', 'O', 'O', 'O', 'O', 'O', 'O']"
76,Demotermine1250288610244792021-11-01 03:07:57,"['Where', 'have', 'the', 'fighting', 'Irish', 'https://www.instagram.com/p/CVp2Wi7ouhb', '/', 'Raus', 'auf', 'die', 'Straßen', '@Demotermine!', '👉', 'Übersicht', 'Overview', '👈']","['O', 'O', 'O', 'O', 'O', 'O', 'O', 'O', 'O', 'O', 'O', 'O', 'O', 'O', 'O', 'O']"
77,Demotermine1250288610122932021-07-10 11:11:43,"['Bad', 'Oldesloe', '@SchleswigHolsteinInfoChat', '12072021', 'Raus', 'auf', 'die', 'Straße', '@Demotermine!']","['B-LOC', 'I-LOC', 'O', 'B-DATE', 'O', 'O', 'O', 'O', 'O']"
78,Demotermine1250288610193852021-09-26 18:46:25,"['Schau', 'dir', '""', 'Auto', 'Korso', 'Dessau', '25.09.2021(3', ')', 'auf', 'YouTube', 'an', 'https://youtu.be/4VCSrDu1eQc', 'Raus', 'die', 'Straßen', '@Demotermine']","['O', 'O', 'O', 'B-ACTION', 'I-ACTION', 'B-LOC', 'O', 'O', 'O', 'B-ORG', 'O', 'O', 'O', 'O', 'O', 'O']"
79,Demotermine1250288610141182021-08-11 15:42:22,"['Stuttgart', 'Dobelstrasse', '11.8.2021', 'Schilderaktion', 'Raus', 'auf', 'die', 'Straße', '@Demotermine!']","['B-LOC', 'B-LOC', 'B-DATE', 'B-ACTION', 'O', 'O', 'O', 'O', 'O']"
80,Demotermine125028861066392021-03-29 11:37:57,"['Rohrbach', 'beim', 'Centro', 'Akademiestraße', '10', '@OesterreichChat', '22022021', '-', '01032021', '08032021', '15032021', '22032021', '29032021', '05042021', 'Bilder', 'und', 'Videos', 'hochladen', '@WiderstandAktiv', 'Termine', 'in', 'Textform', '@Termine_Veranstaltungen', 'Fahren', 'oder', 'Mitfahren', '@Fahrgemeinschaft', 'Übernachten', '?', '@Unterkuenfte', '@Demotermine', '@DemotermineChat', '@Demoliebe']","['B-LOC', 'I-LOC', 'I-LOC', 'B-LOC', 'I-LOC', 'O', 'B-DATE', 'O', 'B-DATE', 'B-DATE', 'B-DATE', 'B-DATE', 'B-DATE', 'B-DATE', 'O', 'O', 'O', 'O', 'O', 'O', 'O', 'O', 'O', 'O', 'O', 'O', 'O', 'O', 'O', 'O', 'O', 'O', 'O']"
81,Demotermine1250288610295182021-12-02 12:43:45,"['Wir', 'sind', 'viele', 'und', 'wir', 'werden', 'immer', 'mehr', '!', 'Das', 'örtliche', 'Schmierenblatt', 'hat', 'erstmals', 'berichtet', 'für', 'deren', 'Verhältnisse', 'beinahe', 'neutral', '.', 'Worum', 'es', 'ging', ',', 'gaben', 'sie', 'falsch', 'wieder', 'Mit', 'misslungenen', 'sprachlichen', 'Tricks', 'versuchten', 'diese', 'Nichtskönner', 'uns', 'lächerlich', 'zu', 'machen', 'Hängen', 'bleiben', 'wird', 'bei', 'den', 'Lesern', 'wohl', 'eher', 'das', 'widerwillig', 'gemachte', 'Zugeständnis', ':', '""', 'Absolut', 'friedlich', 'vielleicht', 'auch', 'dass', 'eine', 'freie', 'Presse', 'forderten', 'sehen', 'am', 'nächsten', 'Samstag', 'um', '14:00', 'Uhr', 'in', 'Freiburg', 'https://youtu.be/BQcT_lxAkRo', '#BW', '#Sa0412', '#Freiburg', 'Raus', 'auf', 'die', 'Straßen', '@Demotermine!', '👉', 'Übersicht', '/', 'Overview', '👈']","['O', 'O', 'O', 'O', 'O', 'O', 'O', 'O', 'O', 'O', 'O', 'O', 'O', 'O', 'O', 'O', 'O', 'O', 'O', 'O', 'O', 'O', 'O', 'O', 'O', 'O', 'O', 'O', 'O', 'O', 'O', 'O', 'O', 'O', 'O', 'O', 'O', 'O', 'O', 'O', 'O', 'O', 'O', 'O', 'O', 'O', 'O', 'O', 'O', 'O', 'O', 'O', 'O', 'O', 'O', 'O', 'O', 'O', 'O', 'O', 'O', 'O', 'O', 'O', 'O', 'B-DATE', 'I-DATE', 'O', 'B-TIME', 'I-TIME', 'O', 'B-LOC', 'O', 'B-LOC', 'B-DATE', 'B-LOC', 'O', 'O', 'O', 'O', 'O', 'O', 'O', 'O', 'O', 'O']"
82,Demotermine1250288610281102021-11-24 13:06:28,"['#Cremona', '#IT', '#Sa2711', 'Raus', 'auf', 'die', 'Straßen', '@Demotermine!', '👉', 'Übersicht', '/', 'Overview', '👈']","['B-LOC', 'B-LOC', 'O', 'O', 'O', 'O', 'O', 'O', 'O', 'O', 'O', 'O', 'O']"
83,Demotermine125028861092152021-04-17 14:40:15,"['Stuttgart', ',', '17.4.2021', '@BadenWuerttembergInfoChat', 'Raus', 'auf', 'die', 'Straße', '@Demotermine!']","['B-LOC', 'O', 'B-DATE', 'O', 'O', 'O', 'O', 'O', 'O']"
84,Demotermine1250288610172202021-09-06 03:06:25,"['06.09.', 'TERMINE', 'BUNDESWEIT', '🇩', '🇪', '🇦', '🇹', '🇨', '🇭', 'MONTAG', ',', '06.', 'September', 'Spaziergänge', 'SP', 'Kundgebungen', 'KU', 'Mahnwachen', 'MW', 'Österreich', 'Wien', '🕐', '07.30', '-', '14.00', 'Lessinggasse', '1120', 'Schuldemo', 'Klagenfurt', '18.00', 'Neuer', 'Markt', 'Lichterprotest', 'Rohrbach', 'Centro', 'Pinzgau', '18.15', 'gesamter', '/', 'alle', 'Orte', 'Salzburg', '19.00', 'Residenzplatz', 'Bad', 'Ischl', '20.00', 'Leharkino', 'Schweiz', 'Horn', '16.00', 'Gemeindehaus', 'Tübacher', 'Str.', '11', 'Protest', 'gegen', 'Kinder-Impfbus', 'Luzern', 'Schwanenplatz', 'Kirchberg', 'BE', 'Wangen', 'SZ', 'Altes', 'Schulhaus', 'Bundesrepublik', '◼️', 'Baden-Württemberg:', 'Brackenheim', '18.30', '(', 'keine', 'Angaben', 'zum', 'Treffpunkt', ')', '👉', 'Pforzheim', 'Hilda-Gymnasium,', 'Kiehnlestr', '.', '25', 'jeden', 'Montag', 'Bayern', ':', 'Wertingen', 'Rathaus', 'Nürnberg', 'Jakobsplatz', '+', 'Berlin', 'Keine', 'Termine', 'bekannt', 'Berlin-Infos:', '@AutoKorsoBerlin', '@BerlinInfoChat', '@berlinstehtauf', '@Demotermine', 'Brandenburg', 'a.d', 'Havel', 'Neustädtischer', 'Hessen', 'Langen', 'Bahnstr./Goethestr', 'Mecklenburg-Vorpommern:', 'Wismar', 'Marktplatz', 'Neubrandenburg', 'Teterow', '17.00', 'Greifswald', 'Rostock', 'U', '◽', 'Aufzug', '11.00', 'Klostergarten', 'Auftritt', 'Annalena', 'Baerbock', 'Grüne', 'Niedersachsen', 'Stechbahn', 'Schloß', 'Wilhelmshaven', 'Sachsen', 'Dresden', 'Altmarkt', 'Leipzig', 'Richard-Wagner-Platz', 'Chemnitz', 'Schillerplatz', 'Bautzen', 'Kornmarkt', 'Görlitz', 'Postplatz', 'Zu', 'den', 'übrigen', 'der', '70-80', 'Montagsspaziergänge', 'in', 's.a', '@FreieSachsen', 'Thüringen', 'Greiz', 'Sonneberg', 'Am', 'Stadtparkhüttla', '[', 'MONTAGS-TERMINE', ']', 'Gewähr', 'Darf', 'gerne', 'geteilt', 'werden', 'Wird', 'ggfls', 'ergänzt', '(=', 'Siehe', 'auch', 'und', 'https://demo.terminkalender.top', '@RoyalAllemand']","['B-DATE', 'O', 'O', 'O', 'O', 'O', 'O', 'O', 'O', 'B-DATE', 'I-DATE', 'O', 'I-DATE', 'B-ACTION', 'B-ACTION', 'B-ACTION', 'B-ACTION', 'B-ACTION', 'B-ACTION', 'B-LOC', 'B-LOC', 'O', 'B-TIME', 'I-TIME', 'I-TIME', 'B-LOC', 'B-TIME', 'B-ACTION', 'B-LOC', 'B-TIME', 'B-LOC', 'I-LOC', 'B-ACTION', 'B-LOC', 'B-LOC', 'B-LOC', 'B-TIME', 'O', 'O', 'O', 'O', 'B-LOC', 'B-TIME', 'B-LOC', 'B-LOC', 'I-LOC', 'B-TIME', 'B-LOC', 'B-LOC', 'B-LOC', 'B-TIME', 'B-LOC', 'B-LOC', 'I-LOC', 'O', 'B-ACTION', 'I-ACTION', 'I-ACTION', 'B-LOC', 'B-LOC', 'B-LOC', 'B-LOC', 'I-LOC', 'I-LOC', 'B-LOC', 'I-LOC', 'B-LOC', 'O', 'O', 'B-LOC', 'B-TIME', 'O', 'O', 'O', 'O', 'O', 'O', 'O', 'B-LOC', 'O', 'B-LOC', 'O', 'B-ACTION', 'O', 'O', 'B-LOC', 'O', 'B-LOC', 'B-LOC', 'B-LOC', 'B-LOC', 'O', 'B-LOC', 'O', 'O', 'O', 'O', 'O', 'O', 'O', 'O', 'B-LOC', 'I-LOC', 'I-LOC', 'B-LOC', 'B-LOC', 'B-LOC', 'O', 'O', 'B-LOC', 'B-LOC', 'B-LOC', 'B-LOC', 'B-TIME', 'B-LOC', 'B-LOC', 'O', 'O', 'B-ACTION', 'B-TIME', 'B-LOC', 'O', 'B-PER', 'I-PER', 'B-ORG', 'B-LOC', 'B-LOC', 'O', 'B-LOC', 'B-LOC', 'B-LOC', 'B-LOC', 'B-LOC', 'B-LOC', 'B-LOC', 'B-LOC', 'B-LOC', 'B-LOC', 'B-LOC', 'B-LOC', 'O', 'O', 'O', 'O', 'O', 'O', 'O', 'O', 'O', 'B-LOC', 'B-LOC', 'B-LOC', 'B-LOC', 'I-LOC', 'O', 'O', 'O', 'O', 'O', 'O', 'O', 'O', 'O', 'O', 'O', 'O', 'O', 'O', 'O', 'O', 'O']"
85,Demotermine1250288610143312021-08-16 11:46:37,"['SCHWURBEL', 'TV', 'AM', '16.08.2021', '!', '🍌', '‼️HEUTE', 'AB', '18.00', 'UHR', 'AUF', 'DEM', 'SCHLOßPLATZ', 'IN', 'ORANIENBURG‼️', 't.me/bjoernbanane', 'Paypal', ':', 'info@uncle-b.de', 'JETZT', 'BESTELLEN', 'www.bjoern-banane.com', 'Raus', 'auf', 'die', 'Straße', '@Demotermine!']","['B-ORG', 'I-ORG', 'O', 'B-DATE', 'O', 'O', 'O', 'O', 'B-TIME', 'I-TIME', 'O', 'O', 'B-LOC', 'O', 'O', 'O', 'O', 'O', 'O', 'O', 'O', 'O', 'O', 'O', 'O', 'O', 'O']"
86,Demotermine1250288610218932021-10-17 07:21:23,"['Helene', 'Fischers', 'neuer', 'Querdenken', 'Song', '!', '?', '💥', '💃', '🏼', '🕺', '🏻', '🥂', 'Wann', 'stehen', 'wir', 'auf', '🎶', 'Ist', 'sie', 'jetzt', 'im', 'Widerstand', 'https://youtu.be/s0MsCAIbKmw', 'Bleib', 'up', 'to', 'date', 'und', 'abonniere', '👉', '@WendezeitHannover', 'Zur', 'MP3', 'https://t.me/Demotermine/21681', 'Raus', 'die', 'Straßen', '@Demotermine!', 'Übersicht', '/', 'Overview', '👈']","['B-PER', 'O', 'O', 'O', 'O', 'O', 'O', 'O', 'O', 'O', 'O', 'O', 'O', 'O', 'O', 'O', 'O', 'O', 'O', 'O', 'O', 'O', 'O', 'O', 'O', 'O', 'O', 'O', 'O', 'O', 'O', 'O', 'O', 'O', 'O', 'O', 'O', 'O', 'O', 'O', 'O', 'O', 'O']"
87,Demotermine1250288610281682021-11-25 11:15:25,"['🇭', '🇪', '🇺', '🇹', '🇱', '🇷', '🇫', '🇳', '#HeuteLeute', '➖', '👉', '#Do2511', '👈', '25112021', 'English', '#Thu2511', 'Tippe', '👆', 'auf', 'den', 'Tag', ',', 'dann', 'die', 'Klammer', 'nach', 'oben', 'unten', 'rechts', '^', '#Tagesübersicht', 'Mittwoch', '25.11.2021', 'Germany', 'only', '#worldwide', 'Terminliste', 'ohne', 'Flyer', 'https://t.me/Demotermine/27882', 'Online-Terminkalender', 'https://t.me/Demotermine/25517', '#Monatsübersicht', 'Bitte', 'nutzt', 'auch', 'unsere', 'Terminsuche', 'es', 'umfassend', 'nur', 'hier', 'gibt', 'Termine', 'suchen', '🔍', 'Einfach', 'Stadt', '/', 'Ort', 'Bundesland-', 'Chatgruppe', 'oder', 'Datum', 'heute', 'in', 'das', 'Suchfeld', 'dieses', 'Kanals', 'eingeben', '.', 'Heute', '20', 'mit', 'sowie', 'Ankündigungsvideos', 'unserer', 'Suche', 'diesem', 'Kanal', 'Termin', 'mitteilen', '📧', '@Terminverteiler_Bot', 'Eigene', 'Bilder', 'und', 'Videos', 'hochladen', 'sichern', 'teilen', '@WiderstandAktiv.', 'Text', 'dazuschreiben', 'Demotermine', '-', 'Die', 'große', 'Plattform', 'welche', 'meisten', '🦠', 'kennt', 'Mit', 'einzigartiger', 'Suchfunktion', '🔎', 'Detailsuche', '🔬', 'Mehr', '@Veranstaltungen', 'Raus', 'Straßen', '@Demotermine!', 'Übersicht', 'Overview']","['O', 'O', 'O', 'O', 'O', 'O', 'O', 'O', 'O', 'O', 'O', 'B-DATE', 'O', 'B-DATE', 'O', 'B-DATE', 'O', 'O', 'O', 'O', 'O', 'O', 'O', 'O', 'O', 'O', 'O', 'O', 'O', 'O', 'O', 'B-DATE', 'I-DATE', 'O', 'O', 'O', 'O', 'O', 'O', 'O', 'O', 'O', 'O', 'O', 'O', 'O', 'O', 'O', 'O', 'O', 'O', 'O', 'O', 'O', 'O', 'O', 'O', 'O', 'O', 'O', 'O', 'O', 'O', 'O', 'O', 'O', 'O', 'O', 'O', 'O', 'O', 'O', 'O', 'O', 'O', 'O', 'O', 'O', 'O', 'O', 'O', 'O', 'O', 'O', 'O', 'O', 'O', 'O', 'O', 'O', 'O', 'O', 'O', 'O', 'O', 'O', 'O', 'O', 'O', 'O', 'O', 'O', 'O', 'O', 'O', 'O', 'O', 'O', 'O', 'O', 'O', 'O', 'O', 'O', 'O', 'O', 'O']"
88,Demotermine1250288610318072021-12-14 22:32:02,"['#Karlsruhe', '#BW', '#Mo2012', '#Mo2712', '#montags', 'Raus', 'auf', 'die', 'Straßen', '@Demotermine!', '👉', 'Übersicht', '/', 'Overview', '👈']","['B-LOC', 'B-LOC', 'B-DATE', 'B-DATE', 'O', 'O', 'O', 'O', 'O', 'O', 'O', 'O', 'O', 'O', 'O']"
89,Demotermine125028861079252021-03-21 00:42:34,"['Kassel', ',', 'London', 'Paris', 'Raus', 'auf', 'die', 'Straße', '@Demotermine!']","['B-LOC', 'O', 'B-LOC', 'B-LOC', 'O', 'O', 'O', 'O', 'O']"
90,Demotermine125028861032222020-10-18 00:38:37,"['Demo-Aufruf', 'von', 'Querdenken-731', 'Ulm', 'und', 'Querdenken-711', 'Stuttgart', ',', 'u.a.', 'bundesweiter', 'Querdenken', 'Gruppen', 'laut', 'Flyer', ':', '-', 'Gemeinsam', 'Stark', 'GRSSDEMO', 'in', 'Berlin', 'Datum', '25.10.2020', 'Beginn', '12:00', 'Uhr', 'Motto', 'Europa', 'steht', 'auf', '!', 'Aktivitäten', 'siehe', '(', 'Deutsch', 'Englisch', ')', 'wird', 'dieser', 'Meldung', 'beigefügt', 'Danke', 'für', 'Veröffentlichung', '25102020', '@BerlinInfoChat', 'Bilder', 'Videos', 'hochladen', '@WiderstandAktiv', '@Termine_in_Textform', 'Fahren', 'oder', 'Mitfahren', '@Fahrgemeinschaft', 'Übernachten', '?', '@Unterkuenfte', '@Demotermine', '@DemotermineChat', '@Demoliebe']","['O', 'O', 'B-ORG', 'I-ORG', 'O', 'O', 'I-ORG', 'O', 'O', 'O', 'O', 'O', 'O', 'O', 'O', 'O', 'O', 'O', 'O', 'O', 'B-LOC', 'O', 'B-DATE', 'O', 'B-TIME', 'I-TIME', 'O', 'O', 'O', 'O', 'O', 'O', 'O', 'O', 'O', 'O', 'O', 'O', 'O', 'O', 'O', 'O', 'O', 'O', 'B-DATE', 'O', 'O', 'O', 'O', 'O', 'O', 'O', 'O', 'O', 'O', 'O', 'O', 'O', 'O', 'O', 'O']"
91,Demotermine1250288610181802021-09-18 02:03:07,"['Ich', 'möchte', 'an', 'dieser', 'Stelle', 'auf', 'diese', 'Veranstaltung', 'hinweisen', ',', 'die', 'mir', 'wiederholt', 'gesponsort', 'bei', 'Facebook', 'angezeigt', 'wurde', '.', 'Die', 'PdL', 'in', 'Halle', '/', 'Sachsen-Anhalt', '(', 'stark', 'antideutsch', 'geprägt', 'dem', 'Kapital', 'und', 'transatlantischen', 'Interessen', 'zu', 'Diensten', ')', 'insbesondere', 'Petra', 'Sitte', 'freuen', 'sich', 'sicherlich', 'Eure', 'zahlreiche', 'Teilnahme', 't.me/SandraGabriel269/3924', 'https://m.youtube.com/watch?v=ly5KmRmVJDU&t=51s', '20092021', '@SachsenAnhaltInfoChat', 'Raus', 'Straßen', '@Demotermine']","['O', 'O', 'O', 'O', 'O', 'O', 'O', 'O', 'O', 'O', 'O', 'O', 'O', 'O', 'O', 'B-ORG', 'O', 'O', 'O', 'O', 'B-ORG', 'O', 'B-LOC', 'O', 'B-LOC', 'O', 'O', 'O', 'O', 'O', 'O', 'O', 'O', 'O', 'O', 'O', 'O', 'O', 'B-PER', 'I-PER', 'O', 'O', 'O', 'O', 'O', 'O', 'O', 'O', 'B-DATE', 'O', 'O', 'O', 'O']"
92,Demotermine1250288610208842021-10-09 13:42:35,"['Stuttgart', 'Königstrasse', '9.10.2021', 'ca', '13.55', 'Uhr', 'Raus', 'auf', 'die', 'Straßen', '@Demotermine!', '👉', 'Übersicht', '/', 'Overview', '👈']","['B-LOC', 'B-LOC', 'B-DATE', 'O', 'B-TIME', 'I-TIME', 'O', 'O', 'O', 'O', 'O', 'O', 'O', 'O', 'O', 'O']"
93,Demotermine125028861034252020-10-27 22:06:05,"['Marbach', 'am', 'Neckar', '02112020', '@querdenken7144', '@demotermine', '@BadenWuerttembergInfoChat']","['B-LOC', 'I-LOC', 'I-LOC', 'B-DATE', 'O', 'O', 'O']"
94,Demotermine1250288610153042021-08-28 13:19:56,"['🔥', 'Antwort', 'auf', 'Antifa-Haufen:', '""', 'Alle', 'zusammen', 'gegen', 'den', 'Faschismus', '!', 'Raus', 'die', 'Straßen', '@Demotermine']","['O', 'O', 'O', 'O', 'O', 'O', 'O', 'O', 'O', 'O', 'O', 'O', 'O', 'O', 'O']"
95,Demotermine1250288610152032021-08-28 11:39:15,"['⚠', '️', 'WICHTIG', 'FÜR', 'ALLE', 'DEMOKRATEN', 'Es', 'scheint', ',', 'als', 'würde', 'die', 'Polizei', 'den', 'Zugang', 'zur', 'angemeldeten', 'Versammlung', 'im', 'Mauermark', 'abriegeln', '.', '🤬', 'Die', 'Demonstranten', 'scheinen', 'daher', 'jetzt', 'Richtung', 'Westen', 'U-Bahnstation', 'Naturkundemuseum', 'zu', 'gehen‼️', '#WirWerdenALLEdaSein', '#b2808', 'Raus', 'auf', 'Straßen', '@Demotermine']","['O', 'O', 'O', 'O', 'O', 'O', 'O', 'O', 'O', 'O', 'O', 'O', 'B-ORG', 'O', 'O', 'O', 'O', 'B-ACTION', 'O', 'B-LOC', 'O', 'O', 'O', 'O', 'O', 'O', 'O', 'O', 'O', 'O', 'B-LOC', 'B-LOC', 'O', 'O', 'O', 'O', 'O', 'O', 'O', 'O']"
96,Demotermine1250288610185362021-09-18 21:59:45,"['Demo', 'in', 'Brüssel', 'am', '11.09.2021', '—', 'Weiterdenken-Marburg', 'WDMR', 'https://youtu.be/Ep7ri6i7qkc', '0:45', 'Raus', 'auf', 'die', 'Straßen', '@Demotermine']","['B-ACTION', 'O', 'B-LOC', 'O', 'B-DATE', 'O', 'B-ORG', 'I-ORG', 'O', 'B-ORG', 'O', 'O', 'O', 'O', 'O']"
97,Demotermine1250288610196362021-09-27 20:25:44,"['Dagmersellen', 'Impftruck', '#CH', '#Mi2909', 'Raus', 'auf', 'die', 'Straßen', '@Demotermine']","['B-LOC', 'O', 'B-LOC', 'B-DATE', 'O', 'O', 'O', 'O', 'O']"
98,Demotermine1250288610183052021-09-18 12:18:29,"['Stuttgart', '-', 'Zug', 'in', 'Bewegung', '@Remstalrebell', 'Raus', 'auf', 'die', 'Straßen', '@Demotermine']","['B-LOC', 'O', 'B-ACTION', 'O', 'O', 'O', 'O', 'O', 'O', 'O', 'O']"
99,Demotermine125028861040982020-11-23 01:06:40,"['Balingen', 'vor', 'der', 'Stadtkirche', 'Weitere', 'Infos', 'https://t.me/Demotermine/4099', '@BadenWuerttembergInfoChat', '23112020', '@Demotermine']","['B-LOC', 'I-LOC', 'I-LOC', 'I-LOC', 'O', 'O', 'O', 'O', 'B-DATE', 'O']"
100,Demotermine125028861061992021-02-11 02:24:20,"['📆', 'WIR', 'STEHEN', 'AUF-', 'Coronamaßnahmen', 'beenden', '👉', '🏻', 'mehr', 'Infos', 'dazu', '#Termin', '#QuerDenken!', 'Telegram-Links', 'https://t.me/Demotermine/6137', 'Bilder', 'und', 'Videos', 'hochladen', '@WiderstandAktiv', '-', 'Termine', 'in', 'Textform', '@Termine_Veranstaltungen', 'Fahren', 'oder', 'Mitfahren', '@Fahrgemeinschaft', 'Übernachten', '?', '@Unterkuenfte', '@Demotermine', '@DemotermineChat', '@Demoliebe']","['O', 'O', 'O', 'O', 'O', 'O', 'O', 'O', 'O', 'O', 'O', 'O', 'O', 'O', 'O', 'O', 'O', 'O', 'O', 'O', 'O', 'O', 'O', 'O', 'O', 'O', 'O', 'O', 'O', 'O', 'O', 'O', 'O', 'O', 'O']"
101,Demotermine1250288610137612021-08-04 14:25:20,"['🇭', '🇪', '🇺', '🇹', '🇦', '🇲', '🇸', '🇷', 'https://t.me/Demotermine/13746', 'Heute', '6', 'Termin-Einträge', 'mit', 'der', 'Datumssuche', 'Mehr', 'Termine', '?', '@Veranstaltungen', 'und', '@Stammtische', 'Raus', 'auf', 'die', 'Straße', '@Demotermine!']","['O', 'O', 'O', 'O', 'O', 'O', 'O', 'O', 'O', 'O', 'O', 'O', 'O', 'O', 'O', 'O', 'O', 'O', 'O', 'O', 'O', 'O', 'O', 'O', 'O', 'O']"
102,Demotermine1250288610315382021-12-13 08:08:03,"['Spaziergänge', '#Bayern', '#BY', '#Wochenplan', 'Raus', 'auf', 'die', 'Straßen', '@Demotermine!']","['B-ACTION', 'B-LOC', 'B-LOC', 'O', 'O', 'O', 'O', 'O', 'O']"
103,Demotermine1250288610224332021-10-20 05:50:46,"['Heute', 'den', '20.10.', 'zünden', 'wir', 'ein', 'Licht', 'an', 'am', 'Silvius', 'Magnago', 'Platz', '🕯', '201', 'Lichter', 'könnten', 'leuchten', '🌞', '💫', '🌕', '🔥', 'für', 'Weltfrieden', ',', 'die', 'Solidarität', 'Wertschätzung', 'mich', 'dich', 'unseren', 'Nächsten', 'Liebe', 'uns', 'Erdenbewohner', '20.10.2021', '200', 'Menschen', 'dürfen', 'kommen', '!', '‼️Offiziell', 'ist', 'Anfrage', 'bei', 'der', 'Questur', 'gemeldet', 'in', 'Zeit', 'von', '8:15', '-', '9:30Uhr‼️', 'Freue', 'auf', 'viele', '💡', '🌈', '☮', '️', '✡', '☯', '❤', '️\u200d', '#IT', '#Mi2010', '#Bozen', 'Raus', 'Straßen', '@Demotermine!', '👉', 'Übersicht', '/', 'Overview', '👈']","['O', 'O', 'B-DATE', 'O', 'O', 'O', 'O', 'O', 'O', 'B-LOC', 'I-LOC', 'I-LOC', 'O', 'O', 'O', 'O', 'O', 'O', 'O', 'O', 'O', 'O', 'O', 'O', 'O', 'O', 'O', 'O', 'O', 'O', 'O', 'O', 'O', 'O', 'B-DATE', 'O', 'O', 'O', 'O', 'O', 'O', 'O', 'O', 'O', 'O', 'B-ORG', 'O', 'O', 'O', 'O', 'B-TIME', 'I-TIME', 'O', 'O', 'O', 'O', 'O', 'O', 'O', 'O', 'O', 'O', 'O', 'O', 'B-LOC', 'B-DATE', 'B-LOC', 'O', 'O', 'O', 'O', 'O', 'O', 'O', 'O']"
104,Demotermine125028861074472021-03-10 19:40:28,"['MP3-Werbung,', 'damit', 'auch', 'unbeteiligte', 'Zuhörer', 'euren', 'Versammlungstermin', 'online', 'finden', 'können', 'Termin', 'mitteilen', '@Terminverteiler_Bot', 'Raus', 'auf', 'die', 'Straße', '@Demotermine!']","['O', 'O', 'O', 'O', 'O', 'O', 'O', 'O', 'O', 'O', 'O', 'O', 'O', 'O', 'O', 'O', 'O', 'O']"
105,Demotermine1250288610299132021-12-04 08:16:59,"['🦋', '4.', 'Abo', 'Spezial', 'Danke', 'an', 'alle', 'Krieger', 'da', 'draußen', '.', '🙏', 'https://t.me/SoulmatesFg', 'Raus', 'auf', 'die', 'Straßen', '@Demotermine!', '👉', 'Übersicht', '/', 'Overview', '👈']","['O', 'O', 'O', 'O', 'O', 'O', 'O', 'O', 'O', 'O', 'O', 'O', 'O', 'O', 'O', 'O', 'O', 'O', 'O', 'O', 'O', 'O', 'O']"
106,Demotermine125028861025342020-08-24 11:40:51,"['berlin', '29.08.2020', '11:00', 'brandenburger', 'tor', '@BerlinInfoChat', 'Bilder', 'und', 'Videos', 'hochladen', '@WiderstandAktiv', '-', 'Termine', 'in', 'Textform', '👉', '@Hier', 'mitteilen', 'Fahren', 'oder', 'Mitfahren', '@Fahrgemeinschaft', 'Übernachten', '?', '@Unterkuenfte', '@Demotermine']","['B-LOC', 'B-DATE', 'B-TIME', 'B-LOC', 'O', 'O', 'O', 'O', 'O', 'O', 'O', 'O', 'O', 'O', 'O', 'O', 'O', 'O', 'O', 'O', 'O', 'O', 'O', 'O', 'O', 'O']"
107,Demotermine1250288610161012021-08-29 12:20:19,"['Protestzug', 'gegen', 'den', '""', 'Corona-Wahnsinn', 'der', 'dt', '.', 'Bundesregierung', 'Raus', 'auf', 'die', 'Straßen', '@Demotermine']","['B-ACTION', 'O', 'O', 'O', 'O', 'O', 'O', 'O', 'B-ORG', 'O', 'O', 'O', 'O', 'O']"
108,Demotermine125028861083322021-03-28 16:38:38,"['CoviZEI', 'in', 'Sinsheim', ',', '28.3.2021', 'Wir', 'wurden', 'eingekesselt', 'und', '2', '1', '/', 'Stunden', 'daran', 'gehindert', 'unser', 'Demo-Recht', 'wahr', 'zu', 'nehmen', '.', 'Ca', '100', 'Leute', '60', 'Polizisten', '🙈', 'Beweise', 'sichern', '@DemotermineChat', '@BadenWuerttembergInfoChat', 'Raus', 'auf', 'die', 'Straße', '@Demotermine!']","['B-ORG', 'O', 'B-LOC', 'O', 'B-DATE', 'O', 'O', 'O', 'O', 'O', 'O', 'O', 'O', 'O', 'O', 'O', 'O', 'O', 'O', 'O', 'O', 'O', 'O', 'O', 'O', 'O', 'O', 'O', 'O', 'O', 'O', 'O', 'O', 'O', 'O', 'O']"
109,Demotermine1250288610156252021-08-28 18:10:54,"['20:09', 'Uhr', ',', 'Tagesschau', ':', 'Bundesliga', 'Raus', 'auf', 'die', 'Straßen', '@Demotermine']","['B-TIME', 'I-TIME', 'O', 'B-ORG', 'O', 'O', 'O', 'O', 'O', 'O', 'O']"
110,Demotermine1250288610160842021-08-29 12:11:17,"['Berlin', ',', '29.08.2021', '-', 'Weidenweg', 'Tausende', 'Demonstranten', 'wohin', 'man', 'blickt', '....', '@SandraGabriel269', 'Raus', 'auf', 'die', 'Straßen', '@Demotermine']","['B-LOC', 'O', 'B-DATE', 'O', 'B-LOC', 'O', 'O', 'O', 'O', 'O', 'O', 'O', 'O', 'O', 'O', 'O', 'O']"
111,Demotermine1250288610290012021-11-30 05:10:17,"['29.11.2021', '|', '18:00', '#Memmingen', 'leuchtet', 'Darf', 'Helge', 'sprechen', '?', '—', '#MAMAandME', 'https://youtu.be/VzdAbFrgJ00', '0:14', 'Raus', 'auf', 'die', 'Straßen', '@Demotermine!', '👉', 'Übersicht', '/', 'Overview', '👈']","['B-DATE', 'O', 'B-TIME', 'O', 'O', 'O', 'B-PER', 'O', 'O', 'O', 'O', 'O', 'B-TIME', 'O', 'O', 'O', 'O', 'O', 'O', 'O', 'O', 'O', 'O']"
112,Demotermine1250288610154392021-08-28 15:08:22,"['Vor', 'dem', 'Europaparlament', 'in', 'Straßburg', ',', '28.8.2021', 'Raus', 'auf', 'die', 'Straßen', '@Demotermine']","['O', 'O', 'B-LOC', 'O', 'B-LOC', 'O', 'B-DATE', 'O', 'O', 'O', 'O', 'O']"
113,Demotermine1250288610303392021-12-06 10:08:59,"['#Hessen‼️', '#Fernwald‼️', '#Pohlheim‼️', '#Buseck‼️', '#Allendorf‼️', '#Wetzlar‼️', '‼️Bürgeraustausch‼️', '#HE', '#Mo0612', '#Mo1312', '#Mo2012', '#Mo2712', '#montags', 'Raus', 'auf', 'die', 'Straßen', '@Demotermine!', '👉', 'Übersicht', '/', 'Overview', '👈']","['B-LOC', 'B-LOC', 'B-LOC', 'B-LOC', 'B-LOC', 'B-LOC', 'B-ACTION', 'B-LOC', 'B-DATE', 'B-DATE', 'B-DATE', 'B-DATE', 'O', 'O', 'O', 'O', 'O', 'O', 'O', 'O', 'O', 'O', 'O']"
114,Demotermine1250288610217372021-10-16 21:44:15,"['Besucher', 'Stuttgart', 'Uni', 'Stadtpark', 'ca.', '14.18', 'Uhr', 'bei', 'den', 'Freien', 'Linken', 'Raus', 'auf', 'die', 'Straßen', '@Demotermine!', '👉', 'Übersicht', '/', 'Overview', '👈']","['O', 'B-LOC', 'I-LOC', 'B-LOC', 'O', 'B-TIME', 'I-TIME', 'O', 'O', 'B-ORG', 'I-ORG', 'O', 'O', 'O', 'O', 'O', 'O', 'O', 'O', 'O', 'O']"
115,Demotermine1250288610173302021-09-06 15:42:28,"['London', 'steht', 'auf', 'gegen', 'Impfterror', ',', 'Corona-Lüge', 'und', 'Gleichschaltung', '4.', 'September', '2021.', 'Raus', 'die', 'Straßen', '@Demotermine']","['B-LOC', 'O', 'O', 'O', 'O', 'O', 'O', 'O', 'O', 'B-DATE', 'I-DATE', 'O', 'O', 'O', 'O', 'O']"
116,Demotermine1250288610209552021-10-10 11:39:59,"['10', 'Jahre', 'Friedens', 'Baum', 'Ersatz', 'Stream', '—', 'Augsburg', 'unmaskiert', 'https://youtu.be/1nFQJMUyVQI', '2:28:56', 'Raus', 'auf', 'die', 'Straßen', '@Demotermine!', '👉', 'Übersicht', '/', 'Overview', '👈']","['O', 'O', 'O', 'O', 'O', 'B-ACTION', 'O', 'B-LOC', 'O', 'O', 'B-TIME', 'O', 'O', 'O', 'O', 'O', 'O', 'O', 'O', 'O', 'O']"
117,Demotermine1250288610304832021-12-07 07:05:19,"['Lichtermeer', 'am', '06.12.2021', 'vorm', 'Rathaus', 'in', 'Dresden', '—', 'QUERDENKEN', '351', '-', 'https://youtu.be/nyU3MlghDB4', '1:20', 'Raus', 'auf', 'die', 'Straßen', '@Demotermine!', '👉', 'Übersicht', '/', 'Overview', '👈']","['B-ACTION', 'O', 'B-DATE', 'O', 'B-LOC', 'O', 'B-LOC', 'O', 'B-ORG', 'I-ORG', 'O', 'O', 'B-TIME', 'O', 'O', 'O', 'O', 'O', 'O', 'O', 'O', 'O', 'O']"
118,Demotermine1250288610119662021-06-28 10:30:13,"['♥', '️', 'Am', '1.', 'August', '2021', 'sind', 'wir', 'wieder', 'in', 'Berlin', '-', 'Monika', 'Bonnes', '—', 'Querdenken', '441', 'Oldenburg', 'https://youtu.be/VSQ46E0y0Gs', '3:10', 'Raus', 'auf', 'die', 'Straße', '@Demotermine!']","['O', 'O', 'O', 'B-DATE', 'I-DATE', 'I-DATE', 'O', 'O', 'O', 'O', 'B-LOC', 'O', 'B-PER', 'I-PER', 'O', 'B-ORG', 'I-ORG', 'B-LOC', 'O', 'B-TIME', 'O', 'O', 'O', 'O', 'O']"
119,Demotermine125028861010639,"['Dr.', 'Stefan', 'Lanka', '-', 'in', 'einem', 'Jahr', 'ist', 'Corona', 'vorbei', '15.05.2021', 'Nürnberg', '❗', '️', 'Lankas', 'Aussagen', 'zusammengefasst', ':', 'Es', 'wird', 'keinen', 'Great', 'Reset', 'geben', ',', 'Die', 'Virusexistenzfrage', 'die', 'zentrale', 'Frage', '.', 'laufen', 'derzeit', 'drei', 'Klagen', 'zur', 'notwendigen', 'Kontrollexperimente', 'Widerlegung', 'der', 'Virusexistenzbehauptung', 'wurden', 'durch', 'unabhängige', 'Labore', 'erneut', 'durchgeführt', 'und', 'bestätigt', 'Zellen', 'sterben', 'nicht', 'an', 'behaupteten', 'Viren', 'sondern', 'am', 'Versuchsaufbau', 'selbst', 'Dies', 'eine', 'Tatsache', 'spreche', 'sich', 'gerade', 'unter', 'Ärzten', 'herum', 'werde', 'weiter', 'verbreiten', 'Mauer', 'aus', 'Angst', 'Panik', 'von', 'Staat', 'Kirchen', 'fallen', 'In', 'es', 'mehr', '!', 'Alle', 'wichtigen', 'Informationen', '👉', 'Erster', 'Einblick', 'Ergebnisse', 'Rote', 'Karte', 'für', 'Machtwerk', 'Einstieg', 'Virusbehauptung', '—', 'auf', '@Corona_Fakten', 'Corona_Fakten', 'Ansprechpartner', '=', '@NotIsolate', '❤', 'unterstützen']","['O', 'B-PER', 'I-PER', 'O', 'O', 'O', 'O', 'O', 'O', 'O', 'B-DATE', 'B-LOC', 'O', 'O', 'O', 'O', 'O', 'O', 'O', 'O', 'O', 'O', 'O', 'O', 'O', 'O', 'O', 'O', 'O', 'O', 'O', 'O', 'O', 'O', 'O', 'O', 'O', 'O', 'O', 'O', 'O', 'O', 'O', 'O', 'O', 'O', 'O', 'O', 'O', 'O', 'O', 'O', 'O', 'O', 'O', 'O', 'O', 'O', 'O', 'O', 'O', 'O', 'O', 'O', 'O', 'O', 'O', 'O', 'O', 'O', 'O', 'O', 'O', 'O', 'O', 'O', 'O', 'O', 'O', 'O', 'O', 'O', 'O', 'O', 'O', 'O', 'O', 'O', 'O', 'O', 'O', 'O', 'O', 'O', 'O', 'O', 'O', 'O', 'O', 'O', 'O', 'O', 'O', 'O', 'O']"
120,Demotermine1250288610160902021-08-29 12:15:07,"['Berlin', '29.08.2021', 'um', '14', ':', 'Uhr', 'Raus', 'auf', 'die', 'Straßen', '@Demotermine']","['B-LOC', 'B-DATE', 'O', 'B-TIME', 'O', 'O', 'O', 'O', 'O', 'O', 'O']"
121,Demotermine125028861076122021-03-15 20:08:50,"['🇳', '🇪', '🇺', '🇿', '🇬', '🇦', 'Hallo', 'an', 'Alle', ',', 'Zur', 'Info', '...', 'Ich', 'hab', 'am', 'Mittwoch', 'den', '17.03.2021', 'um', '18:30', 'Uhr', 'eine', 'Demo', 'in', 'Großheubach', 'vorm', 'alten', 'Rathaus', 'angemeldet', 'Bin', 'für', 'jede', 'Unterstützung', 'dankbar', 'Liebe', 'Grüße', '@BayernInfoChat', '17032021', 'Raus', 'auf', 'die', 'Straße', '@Demotermine!', 'Kommt', 'zahlreich', 'zu', 'neuen', 'Demos', '.', 'Du', 'willst', 'auch', 'aktiv', 'werden', '?', '@Demo2Go', 'bekommst', 'du', 'alle']","['O', 'O', 'O', 'O', 'O', 'O', 'O', 'O', 'O', 'O', 'O', 'O', 'O', 'O', 'O', 'O', 'B-DATE', 'I-DATE', 'I-DATE', 'O', 'B-TIME', 'I-TIME', 'O', 'B-ACTION', 'O', 'B-LOC', 'B-LOC', 'I-LOC', 'I-LOC', 'O', 'O', 'O', 'O', 'O', 'O', 'O', 'O', 'O', 'B-ACTION', 'O', 'O', 'O', 'O', 'O', 'O', 'O', 'O', 'O', 'O', 'O', 'O', 'O', 'O', 'O', 'O', 'O', 'O', 'O', 'O', 'O']"
122,Demotermine1250288610135022021-08-01 15:38:09,"['Busfahrer', 'Thomas', 'ist', 'verhaftet', '❗', 'Folgt', 'unseren', 'Kanälen', ':', 't.me/bjoernbanane', 't.me/busfahrerthomas', 't.me/pianoacrosstheworld', 'Raus', 'auf', 'die', 'Straße', '@Demotermine!']","['O', 'B-PER', 'O', 'O', 'O', 'O', 'O', 'O', 'O', 'O', 'O', 'O', 'O', 'O', 'O', 'O', 'O']"
123,Demotermine1250288610317772021-12-14 10:15:13,"['Über', '4000', 'Demonstranten', 'in', 'Rostock', '!', '—', 'Nebuca', 'MV', 'https://youtu.be/6E5TuI4ZQLI', '7:13', 'Raus', 'auf', 'die', 'Straßen', '@Demotermine!', '👉', 'Übersicht', '/', 'Overview', '👈']","['O', 'O', 'O', 'O', 'B-LOC', 'O', 'O', 'O', 'O', 'O', 'B-TIME', 'O', 'O', 'O', 'O', 'O', 'O', 'O', 'O', 'O', 'O']"
124,Demotermine125028861083102021-03-28 10:20:06,"['Oberwölbling', 'Treffpunkt', 'Beim', 'Prangermann', '@OesterreichChat', '28032021', '-', '04042021', '11042021', '18042021', '25042021', 'Raus', 'auf', 'die', 'Straße', '@Demotermine!']","['B-LOC', 'O', 'B-LOC', 'I-LOC', 'O', 'B-DATE', 'O', 'B-DATE', 'B-DATE', 'B-DATE', 'B-DATE', 'O', 'O', 'O', 'O', 'O']"
125,Demotermine125028861034212020-10-27 21:48:58,"['Öhringen', ',', '31.10.20', '15:30', '-', '19:30', 'Uhr', '@Demo_Oehringen', '@BadenWuerttembergInfoChat', '31102020']","['B-LOC', 'O', 'B-DATE', 'B-TIME', 'I-TIME', 'I-TIME', 'I-TIME', 'O', 'O', 'B-DATE']"
126,Demotermine12502886103411,"['Stuttgart-Böblingen', '30.10.2020', '@EfAuF_BB', '@demotermine']","['O', 'B-DATE', 'O', 'O']"
127,Demotermine1250288610183232021-09-18 12:39:10,"['Stuttgart', 'Königstraße', 'Höhe', 'Eberhardstraße', '@Remstalrebell', 'Raus', 'auf', 'die', 'Straßen', '@Demotermine']","['B-LOC', 'B-LOC', 'I-LOC', 'I-LOC', 'O', 'O', 'O', 'O', 'O', 'O']"
128,Demotermine1250288610140442021-08-11 00:06:32,"['In', 'Kuweit', 'protestieren', 'die', 'Menschen', 'weiter', 'gegen', 'Impfpflicht', '.', 'Die', 'Schwester', 'sagt', ',', 'ihr', 'habt', 'kein', 'Recht', 'uns', 'für', 'dumm', 'zu', 'verkaufen', 'Ihr', 'seid', 'nicht', 'Gott', 'Wir', 'sind', 'ein', 'gebildetes', 'Volk', 'Unter', 'Ärzte', 'und', 'Wissenschaftler', 'verteidigen', 'unsere', 'Gesundheit', 'unseren', 'Glauben', 'Warum', 'redet', 'über', 'den', 'Inhalt', 'des', 'Impfstoffs', '?', 'erklärt', 'was', 'self-amplifying', 'ist', 'Es', 'geht', 'nur', 'um', 'Gewinn', 'Wissenschaft', 'Versucht', 'mit', 'wissenschaftlichen', 'Fakten', 'überzeugen', 'werdet', 'können', 'weil', 'wir', 'nun', 'davon', 'überzeugt', 'dass', 'diese', 'Spritze', 'Gift', 'tödlich', 'könnt', 'euch', 'ruhig', 'impfen', 'lassen', 'aber', 'rote', 'Linie', 'Kinder', 'eine', 'Mütter', 'Väter', 'Geschwister', 'Keiner', 'wird', 'zwingen', 'Impfen', 'Raus', 'auf', 'Straße', '@Demotermine!']","['O', 'B-LOC', 'O', 'O', 'O', 'O', 'O', 'O', 'O', 'O', 'O', 'O', 'O', 'O', 'O', 'O', 'O', 'O', 'O', 'O', 'O', 'O', 'O', 'O', 'O', 'O', 'O', 'O', 'O', 'O', 'O', 'O', 'O', 'O', 'O', 'O', 'O', 'O', 'O', 'O', 'O', 'O', 'O', 'O', 'O', 'O', 'O', 'O', 'O', 'O', 'O', 'O', 'O', 'O', 'O', 'O', 'O', 'O', 'O', 'O', 'O', 'O', 'O', 'O', 'O', 'O', 'O', 'O', 'O', 'O', 'O', 'O', 'O', 'O', 'O', 'O', 'O', 'O', 'O', 'O', 'O', 'O', 'O', 'O', 'O', 'O', 'O', 'O', 'O', 'O', 'O', 'O', 'O', 'O', 'O', 'O']"
129,Demotermine1250288610176652021-09-11 03:48:04,"['💥', 'Wichtige', 'Neuigkeiten‼️', 'Matthias', ',', 'der', 'mutige', 'Papa', 'aus', 'Niedersachsen', 'hat', 'interessante', 'Informationen', 'einem', 'Schulamt', '!', 'Wie', 'ich', 'bereits', 'angekündigt', 'habe', 'ist', 'es', 'tatsächlich', 'wichtig', 'jetzt', 'aufzubegehren', 'Aber', 'hört', 'selbst', 'was', 'zu', 'berichten', 'Es', 'wirklich', 'sehr', 'interessant', '📌', 'Ihr', 'habt', 'auch', 'etwas', 'erlebt', 'und', 'möchtet', 'davon', '?', 'Schreibt', 'uns', 'im', 'Chat', 'an', '„', 'Gemeinsam', 'stark', 'für', 'unsere', 'Kinder', '“', 'Der', 'Kanal', 'mit', 'Tipps', 'Hilfe', 'zur', 'Selbsthilfe', 'von', 'Eltern', 'Du', 'möchtest', 'dabei', 'sein', 'Dann', 'abonniere', 'unseren', ':', 'https://t.me/gemeinsamstarkfuerunserekinder', 'Raus', 'auf', 'die', 'Straßen', '@Demotermine']","['O', 'O', 'O', 'B-PER', 'O', 'O', 'O', 'O', 'O', 'B-LOC', 'O', 'O', 'O', 'O', 'O', 'O', 'O', 'O', 'O', 'O', 'O', 'O', 'O', 'O', 'O', 'O', 'O', 'O', 'O', 'O', 'O', 'O', 'O', 'O', 'O', 'O', 'O', 'O', 'O', 'O', 'O', 'O', 'O', 'O', 'O', 'O', 'O', 'O', 'O', 'O', 'O', 'O', 'O', 'O', 'O', 'O', 'O', 'O', 'O', 'O', 'O', 'O', 'O', 'O', 'O', 'O', 'O', 'O', 'O', 'O', 'O', 'O', 'O', 'O', 'O', 'O', 'O', 'O', 'O', 'O', 'O', 'O']"
130,Demotermine1250288610247952021-11-03 07:39:53,"['frei', 'und', 'gesund', 'CLIP', 'zum', 'TEILEN', '#CH', '#So2811', '#schweizweit', 'Raus', 'auf', 'die', 'Straßen', '@Demotermine!', '👉', 'Übersicht', '/', 'Overview', '👈']","['O', 'O', 'O', 'O', 'O', 'O', 'B-LOC', 'B-DATE', 'O', 'O', 'O', 'O', 'O', 'O', 'O', 'O', 'O', 'O', 'O']"
131,Demotermine1250288610263,"['Aufruf', 'zum', 'Gedenken', '_', 'Dresden', '2019', 'Aktionswoche', 'in', 'Bautzen', '@hermannsland', '@unzensiert']","['O', 'O', 'B-ACTION', 'O', 'B-LOC', 'B-DATE', 'B-ACTION', 'O', 'B-LOC', 'O', 'O']"
132,Demotermine1250288610117252021-06-17 23:45:09,"['#BOAufzug0307', 'Spaziergang', 'Trailer', '1', '—', 'Querdenken234', '-', 'Bochum', 'https://youtu.be/7LzY-FWWsw0', '1:18', 'Raus', 'auf', 'die', 'Straße', '@Demotermine!']","['O', 'B-ACTION', 'O', 'O', 'O', 'B-ORG', 'O', 'B-LOC', 'O', 'B-TIME', 'O', 'O', 'O', 'O', 'O']"
133,Demotermine125028861034,"['Die', 'Demos', 'der', 'Partei', 'AfD', 'findet', 'ihr', 'gesondert', 'in', 'AfD-Gruppe.']","['O', 'B-ACTION', 'O', 'O', 'B-ORG', 'O', 'O', 'O', 'O', 'O']"
134,Demotermine1250288610126302021-07-19 13:48:13,"['17.07.2021', 'Kiel-Wik', '-', 'Plakate', 'am', 'Straßenrand', 'Raus', 'auf', 'die', 'Straße', '@Demotermine!']","['B-DATE', 'O', 'O', 'B-ACTION', 'O', 'O', 'O', 'O', 'O', 'O', 'O']"
135,Demotermine1250288610116942021-06-17 13:10:20,"['🚙', 'AUTOKORSO', 'BERLIN', 'NORD', '🚘', '⚠', '️', 'Große', 'Berliner-Parks-Tour', 'Freitag', '18.', 'Juni', '2021', 'AUTOKORSO-START:', '🅿', 'P+R', 'PARKPLATZ', 'in', 'PANKOW', 'S-BAHNHOF', 'PANKOW-HEINERSDORF', '📌', 'Am', 'Feuchten', 'Winkel', ',', '13189', 'Berlin', '️TREFFEN', ':', '17:30', 'UHR', '(', 'Abfahrt', '18:30', 'Uhr', ')', 'GOOGLE', 'MAPS', 'https://goo.gl/maps/WS6eLEAZA4phbdmv9', 'S-Bahnhof', 'Pankow-Heinersdorf', '⬇', 'FOLGEN', '&', 'TEILEN', '✅', 'https://t.me/AutokorsoBerlinInfo', 'https://t.me/silberjungeoffiziell', 'https://t.me/etvideocontent', 'https://t.me/horizont_telegram', '🐻', 'Autokorso', 'rollt', 'solange', 'durch', 'die', 'Hauptstadt', 'bis', 'diese', 'Corona-Diktatur', 'beendet', 'ist', '!', 'Raus', 'auf', 'Straße', '@Demotermine!']","['O', 'B-ACTION', 'B-LOC', 'B-LOC', 'O', 'O', 'O', 'O', 'O', 'B-DATE', 'I-DATE', 'I-DATE', 'I-DATE', 'O', 'O', 'B-LOC', 'I-LOC', 'O', 'B-LOC', 'B-LOC', 'I-LOC', 'O', 'B-LOC', 'I-LOC', 'I-LOC', 'O', 'B-LOC', 'O', 'O', 'O', 'B-TIME', 'I-TIME', 'O', 'O', 'B-TIME', 'I-TIME', 'O', 'O', 'O', 'O', 'I-LOC', 'I-LOC', 'O', 'O', 'O', 'O', 'O', 'O', 'O', 'O', 'O', 'O', 'O', 'O', 'O', 'O', 'O', 'O', 'O', 'O', 'O', 'O', 'O', 'O', 'O', 'O', 'O', 'O']"
136,Demotermine1250288610215192021-10-15 02:45:59,"['Der', 'wurde', 'nie', 'gewählt', ',', 'vergesst', 'das', 'nicht', '!', 'Raus', 'auf', 'die', 'Straßen', '@Demotermine!', '👉', 'Übersicht', '/', 'Overview', '👈']","['O', 'O', 'O', 'O', 'O', 'O', 'O', 'O', 'O', 'O', 'O', 'O', 'O', 'O', 'O', 'O', 'O', 'O', 'O']"
137,Demotermine125028861040792020-11-22 00:11:19,"['eine', 'Stimme', 'aus', 'der', 'Vielfalt', 'Neubrandenburger', 'Spaziergang', 'jeden', 'Montag', '19', 'Uhr', 'Marktplatz', ',', 'ab', '18.30', 'offenes', 'Mikrofon', '!', '@MecklenburgVorpommernInfoChat', '23112020', 'Bilder', 'und', 'Videos', 'hochladen', '@WiderstandAktiv', '-', 'Termine', 'in', 'Textform', '@Termine_Veranstaltungen', 'Fahren', 'oder', 'Mitfahren', '@Fahrgemeinschaft', 'Übernachten', '?', '@Unterkuenfte', '@Demotermine', '@DemotermineChat', '@Demoliebe']","['O', 'O', 'O', 'O', 'O', 'B-ACTION', 'I-ACTION', 'O', 'O', 'B-TIME', 'I-TIME', 'B-LOC', 'O', 'O', 'B-TIME', 'B-ACTION', 'I-ACTION', 'O', 'O', 'B-DATE', 'O', 'O', 'O', 'O', 'O', 'O', 'O', 'O', 'O', 'O', 'O', 'O', 'O', 'O', 'O', 'O', 'O', 'O', 'O', 'O']"
138,Demotermine1250288610319642021-12-16 13:30:10,"['🚙', '🐻', 'AUTOKORSO', 'BERLIN', 'rollt', 'am', 'Samstag', '18.12.2021', 'ACHTUNG', '⚠', '️ACHTUNG', 'Treffpunkt', 'ab', '13:00', 'Uhr', '🅿', '️', 'PARKPLATZ', 'ALT-FRIEDRICHSFELDE', 'an', 'der', 'B1', '📌', 'Alt-Friedrichsfelde', '78', ',', '10315', 'Berlin', 'GOOGLE', 'MAPS', ':', 'https://goo.gl/maps/FeeiPAFCuci9d72v7', '️Abfahrt', '14:00', '👩', '\u200d🦽', '🚶', '\u200d', '♀', '️🧍\u200d', '♂', 'Für', 'alle', 'Demonstranten', 'die', 'ohne', 'Auto', 'unterwegs', 'sind', 'bitte', 'unterstützt', 'uns', 'lautstark', 'Live', 'vor', 'Ort', '⬇', '️HIER', 'Achtung', 'Änderung', '1.', 'Zwischenkundgebung', '👇', 'Jetzt', 'hier', 'ZK', '/', 'I.', 'circa', '14:45', 'Checkpoint', 'Charlie', 'https://goo.gl/maps/3z4qFTK67LD1W3QH7', '2.', 'II.', '15:45', 'Kurfürstendamm', 'Cafe', 'Kranzler', 'https://goo.gl/maps/nucNrYCfhBq4ED5u9', '️3.', 'Endkundgebung', 'EK', '16:45', 'Wittenbergplatz', 'https://goo.gl/maps/DP2K4T9q4yo7is5AA', 'FOLGEN', '✅', 'https://t.me/AutokorsoBerlinInfo', '#BLN', '#Sa1812', '#Berlin', 'Raus', 'auf', 'Straßen', '@Demotermine!']","['O', 'O', 'B-ACTION', 'B-LOC', 'O', 'O', 'B-DATE', 'I-DATE', 'O', 'O', 'O', 'O', 'O', 'B-TIME', 'I-TIME', 'O', 'O', 'B-LOC', 'I-LOC', 'O', 'O', 'B-LOC', 'O', 'B-LOC', 'I-LOC', 'O', 'B-LOC', 'I-LOC', 'O', 'O', 'O', 'O', 'O', 'B-TIME', 'O', 'O', 'O', 'O', 'O', 'O', 'O', 'O', 'O', 'O', 'O', 'O', 'O', 'O', 'O', 'O', 'O', 'O', 'O', 'O', 'O', 'O', 'O', 'O', 'O', 'O', 'O', 'O', 'O', 'O', 'O', 'B-ACTION', 'O', 'O', 'O', 'B-TIME', 'B-LOC', 'I-LOC', 'O', 'O', 'O', 'B-TIME', 'B-LOC', 'B-LOC', 'I-LOC', 'O', 'O', 'B-ACTION', 'B-ACTION', 'B-TIME', 'B-LOC', 'O', 'O', 'O', 'O', 'B-LOC', 'B-DATE', 'B-LOC', 'O', 'O', 'O', 'O']"
139,Demotermine1250288610177262021-09-11 14:23:46,"['Wien', ',', '11.09.2021', 'Raus', 'auf', 'die', 'Straßen', '@Demotermine']","['B-LOC', 'O', 'B-DATE', 'O', 'O', 'O', 'O', 'O']"
140,Demotermine1250288610152042021-08-28 11:39:37,"['Berlin', '#b2808', 'Richtung', 'Google', 'center', '@AktivistMann', 'Raus', 'auf', 'die', 'Straßen', '@Demotermine']","['B-LOC', 'O', 'O', 'B-LOC', 'I-LOC', 'O', 'O', 'O', 'O', 'O', 'O']"
141,Demotermine125028861066122021-02-21 23:29:21,"['""', 'Russland', 'und', 'China', 'sind', 'keine', 'Feindbilder', '-', 'Anti-Kriegsdemo', 'gegen', 'Münchner', 'Sicherheitskonferenz', '—', 'RT', 'DE', 'https://youtu.be/fZFEi07kZAY', '1:07', '@RT_Deutsch', 'Gegen', 'den', 'Corona-Krieg', 'hier', 'bei', 'uns', 'geht', 'man', '@Demotermine', 'auf', 'die', 'Straße', '!']","['O', 'B-LOC', 'O', 'B-LOC', 'O', 'O', 'O', 'O', 'B-ACTION', 'O', 'B-ORG', 'I-ORG', 'O', 'B-ORG', 'I-ORG', 'O', 'O', 'O', 'O', 'O', 'O', 'O', 'O', 'O', 'O', 'O', 'O', 'O', 'O', 'O', 'O']"
142,Demotermine1250288610148002021-08-25 03:01:37,"['Die', 'Trommeln', 'rufen', 'nach', 'Straßburg', 'RufderTrommeln', 'Samstag', ',', '28.8.2021', '13:00', 'Uhr', 'Thema', ':', 'Freiheit', 'für', 'Alle', '-', 'Liberté', '!', '⚠', '️Aufzug', 'durch', 'mit', 'Ziel', 'Europäischer', 'Gerichtshof', 'Menschenrechte', '.', 'Gemeinsamer', 'Aufruf', 'des', 'französischen', 'und', 'deutschen', 'Widerstands.', '✊', '🇩', '🇪', '🇫', '🇷', '️', 'Kontakt', '/', 'Telegram', '@Freiheit111', 'Info-Kanal', '@rufdertrommeln', 'Pressekontakt', 'rufdertrommeln@gmail.com', 'Bringt', 'eure', 'Und', 'die', 'Flagge', 'Landes', 'aus', 'dem', 'ihr', 'kommt', 'Aktualisierter', 'Zeitplan', 'Beginn', 'Auftaktkundgebung', 'Place', 'de', 'la', 'Republique', 'Aufzug', '14:00', 'Geeignet', 'denen', 'es', 'Berlin', 'zu', 'weit', 'ist', 'Oder', 'diejenigen', 'Kraft', 'Elan', 'unser', 'Brüder', 'Schwestern', 'spüren', 'wollen', 'einfach', 'ihren', 'Protest', 'in', 'einem', 'gewaltigen', 'zum', 'Ausdruck', 'bringen', 'ohne', 'von', 'der', 'Polizei', 'drangsaliert', 'werden', '@ElsassInfoChat', '28082021', 'Raus', 'auf', 'Straßen', '@Demotermine']","['O', 'O', 'O', 'O', 'B-LOC', 'B-ACTION', 'B-DATE', 'I-DATE', 'I-DATE', 'B-TIME', 'I-TIME', 'O', 'O', 'O', 'O', 'O', 'O', 'O', 'O', 'O', 'O', 'O', 'O', 'O', 'B-LOC', 'I-LOC', 'I-LOC', 'O', 'O', 'O', 'O', 'O', 'O', 'O', 'O', 'O', 'O', 'O', 'O', 'O', 'O', 'O', 'O', 'B-ORG', 'O', 'O', 'O', 'O', 'O', 'O', 'O', 'O', 'O', 'O', 'O', 'O', 'O', 'O', 'O', 'O', 'O', 'O', 'B-ACTION', 'B-LOC', 'O', 'O', 'I-LOC', 'B-ACTION', 'B-TIME', 'O', 'O', 'O', 'B-LOC', 'O', 'O', 'O', 'O', 'O', 'O', 'O', 'O', 'O', 'O', 'O', 'O', 'O', 'O', 'O', 'O', 'O', 'O', 'O', 'O', 'O', 'O', 'O', 'O', 'B-ORG', 'O', 'O', 'O', 'B-DATE', 'O', 'O', 'O', 'O']"
143,Demotermine1250288610215592021-10-15 08:42:32,"['💙', '⚪', '️', '☀', 'Guten', 'Morgen', ',', 'Bayern', '!', 'BÜNDNIS', 'LANDTAG', 'ABBERUFEN', '👁', 'Mehr', 'Information', ':', 'https://buendnis-landtag-abberufen.de', '/', '#södermussweg', 'Ein', 'bayrischer', 'Grundrechtsaktivist', 'via', '@alexander_ehrlich', 'Raus', 'auf', 'die', 'Straßen', '@Demotermine!', '👉', 'Übersicht', 'Overview', '👈']","['O', 'O', 'O', 'O', 'O', 'O', 'O', 'B-LOC', 'O', 'B-ORG', 'I-ORG', 'I-ORG', 'O', 'O', 'O', 'O', 'O', 'O', 'O', 'O', 'O', 'O', 'O', 'O', 'O', 'O', 'O', 'O', 'O', 'O', 'O', 'O', 'O']"
144,Demotermine125028861040852020-11-22 09:54:32,"['https://demo.terminkalender.top', '/', 'Aktualisierte', 'Terminliste', 'https://t.me/DemotermineChat/44157', 'Aufruf', 'zum', 'Fortbetrieb', 'dieses', 'Kalenders', 'https://t.me/Demotermine/4064']","['O', 'O', 'O', 'O', 'O', 'O', 'O', 'O', 'O', 'O', 'O']"
145,Demotermine1250288610135312021-08-01 16:56:21,"['🇩', '🇪', 'Demo', 'Berlin', ':', 'Tausende', 'auf', 'dem', 'Alexanderplatz', '!', '#b0108', 'Raus', 'die', 'Straße', '@Demotermine!']","['O', 'O', 'B-ACTION', 'B-LOC', 'O', 'O', 'O', 'O', 'B-LOC', 'O', 'O', 'O', 'O', 'O', 'O']"
146,Demotermine1250288610158572021-08-29 09:48:16,"['🇩', '🇪', 'Demo-Berlin:', 'Die', 'Polizei', 'begleitet', 'noch', 'friedlich', '.', '#b2908', 'Raus', 'auf', 'die', 'Straßen', '@Demotermine']","['O', 'O', 'O', 'O', 'O', 'O', 'O', 'O', 'O', 'O', 'O', 'O', 'O', 'O', 'O']"
147,Demotermine1250288610121592021-07-05 10:27:51,"['Demo-Termine', 'von', 'https://terminkalender.top', 'Demo', 'hier', 'eintragen', ':', 'https://terminkalender.top/add', 'Spendenseite', 'https://terminkalender.top/spende', 'Telegram', 'https://terminkalender.top/telegram', 'oder', '@terminkalender', 'Discord', 'https://terminkalender.top/discord', 'Zum', 'Redaktionsschluss', 'um', '10:37', 'Uhr', ',', 'wurden', 'für', 'den', 'heutigen', 'Tag', 'folgende', 'Demotermine', 'gemeldet', '🔴', 'Montag', '05.', 'Juli', '2021', '▶', '️', 'DE', 'Celle', 'Stechbahn', '/', 'Schloß', '(', 'Spaziergang', ')', '🕑', '18:30', 'Dessau-Roßlau,', 'Rathaus', 'Friedensglocke', 'Kundgebung', '18:00', 'Haslbach', 'Schwandorf', 'Kirchawirt', 'Zusammenkunft', 'Kaufbeuren-Neugablonz,', 'Neuer', 'Markt', '19:00', 'Langen', 'Hessen', 'Bahnstr', '.', 'Goethestr', 'Mahnwache', 'Nürnberg', 'Jakobsplatz', 'Aufzug', 'Neubrandenburg', 'Marktplatz', 'Innenstadt', '18:45', 'Wilhelmshaven', 'Zittau', 'Raus', 'auf', 'die', 'Straße', '@Demotermine!']","['O', 'O', 'O', 'O', 'O', 'O', 'O', 'O', 'O', 'O', 'B-ORG', 'O', 'O', 'O', 'B-ORG', 'O', 'O', 'O', 'O', 'B-TIME', 'I-TIME', 'O', 'O', 'O', 'O', 'O', 'O', 'O', 'O', 'O', 'O', 'B-DATE', 'O', 'I-DATE', 'I-DATE', 'O', 'O', 'B-LOC', 'B-LOC', 'B-LOC', 'O', 'I-LOC', 'O', 'B-ACTION', 'O', 'O', 'B-TIME', 'O', 'B-LOC', 'I-LOC', 'B-ACTION', 'B-TIME', 'B-LOC', 'I-LOC', 'B-LOC', 'B-ACTION', 'O', 'B-LOC', 'I-LOC', 'B-TIME', 'B-LOC', 'I-LOC', 'B-LOC', 'O', 'I-LOC', 'B-ACTION', 'B-LOC', 'B-LOC', 'B-ACTION', 'B-LOC', 'B-LOC', 'I-LOC', 'B-TIME', 'B-LOC', 'B-LOC', 'O', 'O', 'O', 'O', 'O']"
148,Demotermine1250288610177052021-09-11 12:29:56,"['Wien', ':', 'Kurz', '&', 'Co', 'müssen', 'schon', 'lange', 'weg', '!', '-', '11.9.2021', 'Raus', 'auf', 'die', 'Straßen', '@Demotermine']","['B-LOC', 'O', 'B-PER', 'O', 'O', 'O', 'O', 'O', 'O', 'O', 'O', 'B-DATE', 'O', 'O', 'O', 'O', 'O']"
149,Demotermine1250288610161892021-08-29 13:03:44,"['Querdenken', 'Gründer', 'Michael', 'Ballweg', 'zwischen', 'den', 'Demonstranten', 'in', 'Berlin', '/', '29.08.21', ',', '14:55', '@WendezeitHannover', 'Raus', 'auf', 'die', 'Straßen', '@Demotermine']","['B-ORG', 'O', 'B-PER', 'I-PER', 'O', 'O', 'O', 'O', 'B-LOC', 'O', 'B-DATE', 'O', 'B-TIME', 'O', 'O', 'O', 'O', 'O', 'O']"
150,Demotermine1250288610135372021-08-01 18:40:52,"['🇩', '🇪', 'Demo', 'Berlin', ':', 'Eine', 'Verhaftung', 'folgt', 'der', 'nächsten', '.', '#b0108', 'Raus', 'auf', 'die', 'Straße', '@Demotermine!']","['O', 'O', 'B-ACTION', 'B-LOC', 'O', 'O', 'O', 'O', 'O', 'O', 'O', 'O', 'O', 'O', 'O', 'O', 'O']"
151,Demotermine125028861062072021-02-11 12:52:09,"['Morgen', 'in', 'Schorndorf', 'https://t.me/Demotermine/6137', 'Auf', 'die', 'Straße', '@Demotermine!']","['B-DATE', 'O', 'B-LOC', 'O', 'O', 'O', 'O', 'O']"
152,Demotermine1250288610302742021-12-05 12:59:10,"['Stuttgart', ',', 'Wilhelmsplatz', '05.12.2021', 'Ein', 'Film', 'vom', '@DirectorOfCoronaReset', 'Raus', 'auf', 'die', 'Straßen', '@Demotermine!', '👉', 'Übersicht', '/', 'Overview', '👈']","['B-LOC', 'O', 'B-LOC', 'B-DATE', 'O', 'O', 'O', 'O', 'O', 'O', 'O', 'O', 'O', 'O', 'O', 'O', 'O', 'O']"
153,Demotermine125028861036902020-11-10 05:14:31,"['Demo-Termine', 'von', 'https://terminkalender.top', 'Leipzig', 'singt', 'den', 'Anti-Corona-Song:', 'https://youtu.be/W091qY2IWlk', 'Zum', 'Redaktionsschluss', 'um', '00:00', 'Uhr', ',', 'wurden', 'für', 'heutigen', 'Tag', 'folgende', 'Demotermine', 'gemeldet', ':', '🔴', 'Dienstag', '10.', 'November', '2020', '▶', '️', 'DE', 'Alfdorf', 'Alte', 'Sporthalle', '(', 'Spaziergang', ')', '🕑', '16:30', 'Wangen', 'Marktplatz', '19:00', 'Bilder', 'und', 'Videos', 'hochladen', '@WiderstandAktiv', '-', 'Termine', 'in', 'Textform', '@Termine_Veranstaltungen', 'Fahren', 'oder', 'Mitfahren', '@Fahrgemeinschaft', 'Übernachten', '?', '@Unterkuenfte', '@Demotermine', '@DemotermineChat', '@Demoliebe']","['O', 'O', 'O', 'O', 'O', 'O', 'O', 'O', 'O', 'O', 'O', 'B-TIME', 'I-TIME', 'O', 'O', 'O', 'O', 'O', 'O', 'O', 'O', 'O', 'O', 'B-DATE', 'I-DATE', 'I-DATE', 'I-DATE', 'O', 'O', 'B-LOC', 'B-LOC', 'B-LOC', 'I-LOC', 'O', 'B-ACTION', 'O', 'O', 'B-TIME', 'B-LOC', 'B-LOC', 'B-TIME', 'O', 'O', 'O', 'O', 'O', 'O', 'O', 'O', 'O', 'O', 'O', 'O', 'O', 'O', 'O', 'O', 'O', 'O', 'O', 'O']"
154,Demotermine125028861031022020-10-09 23:50:27,"['Heinsberg', '17102020']","['B-LOC', 'B-DATE']"
155,Demotermine1250288610281882021-11-25 18:18:41,"['‼️‼️', 'Standortwechsel', '👉', 'Stadthalle', 'kurzfristig', 'kann', 'auch', 'wieder', 'der', 'Marktplatz', 'sein', '.', '🤮', 'DROHENDE', 'IMPFLICHT', 'Ausschluss', 'aus', 'Berufen', '3', 'G', 'im', 'Job', 'und', 'ÖPNV', '⁉️⁉️', 'Was', 'muss', 'noch', 'passieren', ',', 'damit', 'die', 'Straße', 'voll', 'ist', 'GENUG', 'IST', 'Raus', 'auf', 'JETZT', '#BW', '#Sa2711', '#Reutlingen', 'Straßen', '@Demotermine!', 'Übersicht', '/', 'Overview', '👈']","['O', 'O', 'O', 'B-LOC', 'O', 'O', 'O', 'O', 'O', 'B-LOC', 'O', 'O', 'O', 'O', 'O', 'O', 'O', 'O', 'O', 'O', 'O', 'O', 'O', 'O', 'O', 'O', 'O', 'O', 'O', 'O', 'O', 'O', 'O', 'O', 'O', 'O', 'O', 'O', 'O', 'O', 'B-LOC', 'B-DATE', 'B-LOC', 'O', 'O', 'O', 'O', 'O', 'O']"
156,Demotermine12502886104946,"['Dr.', 'Heinrich', 'Fiechtner', 'ruft', 'zu', 'einer', 'Spontandemo', 'auf', '-', 'einem', 'Spaziergang', 'vom', 'Marktplatz', 'zum', 'Karlsplatz', '.', 'Hier', 'ein', 'Bericht', 'was', 'sich', 'dabei', 'ereignete', 'Er', 'zeigt', ',', 'wie', 'die', 'Kommunikation', 'mit', 'der', 'Polizei', 'funktioniert', 'oder', 'auch', 'nicht', 'Stuttgart', '06.01.2021', 'Bitte', 'abonniere', 'diesen', 'Telegram-Kanal', 'für', 'aktuelle', 'Berichte', 'rund', 'um', '@DirectorOfCoronaReset', 'Drücke', 'bevorzugt', 'den', 'Link', 'oberhalb', 'des', 'Bildes', 'und', 'meinen', 'Youtube', 'Kanal', 'Vielen', 'lieben', '❤', '️', 'Dank', 'Dein', 'Abo', 'https://youtu.be/et45cEfgrs8']","['O', 'B-PER', 'I-PER', 'O', 'O', 'O', 'B-ACTION', 'O', 'O', 'O', 'B-ACTION', 'O', 'B-LOC', 'O', 'B-LOC', 'O', 'O', 'O', 'O', 'O', 'O', 'O', 'O', 'O', 'O', 'O', 'O', 'O', 'O', 'O', 'O', 'B-ORG', 'O', 'O', 'O', 'O', 'B-LOC', 'B-DATE', 'O', 'O', 'O', 'O', 'O', 'O', 'O', 'O', 'O', 'O', 'O', 'O', 'O', 'O', 'O', 'O', 'O', 'O', 'O', 'O', 'O', 'O', 'O', 'O', 'O', 'O', 'O', 'O', 'O']"
157,Demotermine125028861088992021-04-10 10:30:06,"['Übersicht', 'Samstag', ',', '10.4.2021', 'Terminkalender', '🗓', 'https://t.me/Demotermine/8877', 'Mehr', 'Details', '👇', 'Aichach', '🔊', '🎤', 'https://t.me/Demotermine/8730', 'Altdorf', '❌', 'https://t.me/Demotermine/8747', 'Amstetten', '🏃', 'https://t.me/Demotermine/8266', 'Augsburg', 'Aurich', 'https://t.me/Demotermine/8649', 'https://t.me/Demotermine/8504', 'Bad', 'Dürrenberg', '💂', 'https://t.me/Demotermine/8761', 'Ischl', 'https://t.me/Demotermine/8264', 'Kreuznach', 'https://t.me/Demotermine/8884', 'Waldsee', '🕙', 'https://t.me/Demotermine/8835', 'Windsheim', '✨', 'neu', 'https://t.me/Demotermine/8709', 'Bamberg', '🗣', 'https://t.me/Demotermine/8879', 'Berlin', '-', 'Maskenfreiheit', 'https://t.me/Demotermine/8898', 'Wir', 'sind', 'viele', 'https://t.me/Demotermine/8654', 'Bochum', 'https://t.me/Demotermine/8791', 'Bönnigeim', '🕯', 'https://t.me/Demotermine/8863', 'Crimmitschau', '🛣', 'https://t.me/Demotermine/8848', 'Dachau', 'https://t.me/Demotermine/8827', 'Dießen', 'https://t.me/Demotermine/8807', 'Düsseldorf', 'https://t.me/Demotermine/8736', 'Emden', 'https://t.me/Demotermine/8812', 'Erfurt', 'https://t.me/Demotermine/8682', 'Espelkamp', 'https://t.me/Demotermine/8883', 'Frankenthal', 'https://t.me/Demotermine/8687', 'Frankfurt', 'https://t.me/Demotermine/8703', 'Friedrichsdorf', 'https://t.me/Demotermine/8896', 'Fulda', 'https://t.me/Demotermine/8894', 'Gera', 'https://t.me/Demotermine/8886', 'Graz', 'https://t.me/Demotermine/8261', 'Halle', 'https://t.me/Demotermine/8783', 'Hamburg', 'https://t.me/Demotermine/8561', 'Hannover', 'https://t.me/Demotermine/8705', 'Heilbronn', 'https://t.me/Demotermine/8706', 'Henstedt-Ulzburg', '🔣', 'https://t.me/Demotermine/8844', 'Ingolstadt', '🎶', 'https://t.me/Demotermine/8661', 'Jever', 'Kaltenkirchen', 'Kaufbeuren', '🧘', '\u200d', '♂', '️', 'https://t.me/Demotermine/8887', 'Leipzig', 'https://t.me/Demotermine/8856', 'https://t.me/Demotermine/8755', 'Lienz', 'https://t.me/Demotermine/8268', 'Lörrach', 'https://t.me/Demotermine/8880', 'Lübeck', 'https://t.me/Demotermine/8762', 'Magdeburg', 'https://t.me/Demotermine/8739', 'Mittenwald', '🔗', 'https://t.me/Demotermine/8793', 'Oldenburg', 'https://t.me/Demotermine/8769', 'Osnabrück', 'https://t.me/Demotermine/8895', 'Rapperswil', 'https://t.me/Demotermine/8741', 'Rastatt', 'https://t.me/Demotermine/8674', 'Regensburg', 'https://t.me/Demotermine/8826', 'Reichelsheim', 'https://t.me/Demotermine/8839', 'Riedlingen', 'https://t.me/Demotermine/8729', 'Senftenberg', 'https://t.me/Demotermine/8789', 'Sigmaringen', 'https://t.me/Demotermine/8821', 'Solingen', 'https://t.me/Demotermine/8690', 'Speyer', 'https://t.me/Demotermine/8725', 'Suhl', 'https://t.me/Demotermine/8111', 'Traunstein', 'https://t.me/Demotermine/8878', 'Trier', 'https://t.me/Demotermine/8773', 'Tübingen', 'https://t.me/Demotermine/8656', 'Weißenfels', 'https://t.me/Demotermine/8801', 'Wendelstein', 'https://t.me/Demotermine/8805', 'Wien', 'https://t.me/Demotermine/8890', 'Wilkau-Haßlau', 'Wuppertal', 'https://t.me/Demotermine/8689', 'Zwickau', 'Terminsuche', '🔎', 'und', 'Kommentare', '🖋', 'https://t.me/Demotermine/1153', 'Termin', 'mitteilen', '📧', '@Terminverteiler_Bot', 'Raus', 'auf', 'die', 'Straße', '@Demotermine!']","['O', 'B-DATE', 'I-DATE', 'I-DATE', 'O', 'O', 'O', 'O', 'O', 'O', 'B-LOC', 'O', 'O', 'O', 'B-LOC', 'O', 'O', 'B-LOC', 'O', 'O', 'B-LOC', 'B-LOC', 'O', 'O', 'B-LOC', 'I-LOC', 'O', 'O', 'O', 'O', 'O', 'O', 'I-LOC', 'O', 'O', 'I-LOC', 'O', 'O', 'O', 'B-LOC', 'O', 'O', 'B-LOC', 'O', 'O', 'O', 'O', 'O', 'O', 'O', 'B-LOC', 'O', 'B-LOC', 'O', 'O', 'B-LOC', 'O', 'O', 'B-LOC', 'O', 'B-LOC', 'O', 'B-LOC', 'O', 'B-LOC', 'O', 'B-LOC', 'O', 'B-LOC', 'O', 'B-LOC', 'O', 'B-LOC', 'O', 'O', 'O', 'B-LOC', 'O', 'B-LOC', 'O', 'B-LOC', 'O', 'B-LOC', 'O', 'B-LOC', 'O', 'B-LOC', 'O', 'B-LOC', 'O', 'O', 'O', 'O', 'B-LOC', 'O', 'O', 'B-LOC', 'B-LOC', 'B-LOC', 'O', 'O', 'O', 'O', 'O', 'B-LOC', 'O', 'O', 'B-LOC', 'O', 'B-LOC', 'O', 'B-LOC', 'O', 'B-LOC', 'O', 'B-LOC', 'O', 'O', 'B-LOC', 'O', 'B-LOC', 'O', 'O', 'O', 'B-LOC', 'O', 'B-LOC', 'O', 'O', 'O', 'B-LOC', 'O', 'B-LOC', 'O', 'B-LOC', 'O', 'B-LOC', 'O', 'B-LOC', 'O', 'B-LOC', 'O', 'B-LOC', 'O', 'O', 'O', 'B-LOC', 'O', 'B-LOC', 'O', 'B-LOC', 'O', 'B-LOC', 'O', 'O', 'B-LOC', 'O', 'B-LOC', 'O', 'O', 'O', 'O', 'O', 'O', 'O', 'O', 'O', 'O', 'O', 'O', 'O', 'O', 'O']"
158,Demotermine1250288610299352021-12-04 11:38:50,"['🇦', '🇺', 'Vor', 'der', 'australische', 'Botschaft', 'in', 'Wien', '🇹', 'Raus', 'auf', 'die', 'Straßen', '@Demotermine!', '👉', 'Übersicht', '/', 'Overview', '👈']","['O', 'O', 'O', 'O', 'B-LOC', 'I-LOC', 'O', 'B-LOC', 'O', 'O', 'O', 'O', 'O', 'O', 'O', 'O', 'O', 'O', 'O']"
159,Demotermine125028861073192021-03-08 11:47:02,"['Autokorso', 'Elbe', 'Elster', '7.3.21', 'Raus', 'auf', 'die', 'Straße', '@Demotermine!']","['B-ACTION', 'B-LOC', 'I-LOC', 'B-DATE', 'O', 'O', 'O', 'O', 'O']"
160,Demotermine1250288610128202021-07-22 10:45:17,"['Einladung', 'an', 'die', 'Kölner', 'Freiheits-', '&', 'Friedensbewegung', 'zur', 'Demonstration', 'in', 'Berlin', 'am', '01.08.2021', '—', 'Querdenken', '441', '-', 'Oldenburg', 'https://youtu.be/QNPksDFJuVU', '4:25', 'Raus', 'auf', 'Straße', '@Demotermine!']","['O', 'O', 'O', 'O', 'O', 'O', 'O', 'O', 'B-ACTION', 'O', 'B-LOC', 'O', 'B-DATE', 'O', 'B-ORG', 'I-ORG', 'O', 'B-LOC', 'O', 'B-TIME', 'O', 'O', 'O', 'O']"
161,Demotermine125028861064462021-02-17 10:46:48,"['SO', 'MACHT', 'MAN', 'DAS', '!', 'Sollten', 'alle', 'Bauern', 'tun', ',', 'nicht', 'nur', 'bei', 'Lidl', '...', '@nichtsalsdiewahrheit', '@Landvolk_schafft_Verbindung', 'Infoticker', '@LandSchafftVerbindung', 'So', 'geht', 'Protest', '@Demotermine!']","['O', 'O', 'O', 'O', 'O', 'O', 'O', 'O', 'O', 'O', 'O', 'O', 'O', 'B-ORG', 'O', 'O', 'O', 'O', 'O', 'O', 'O', 'O', 'O']"
162,Demotermine1250288610114622021-06-09 03:26:53,"['Bürgermeisterwahl', 'in', 'Plauen', ':', 'Der', 'Sachsenkanal', 'ruft', 'zur', 'Unterstützung', 'von', 'Thomas', 'Kaden', 'auf', '!', 'Am', 'Sonntag', 'wählen', 'die', 'Plauener', 'ihren', 'neuen', 'Oberbürgermeister', '.', 'Besonders', 'im', 'Fokus', 'steht', 'dabei', 'das', 'Abschneiden', 'traut', 'sich', ',', 'unbequeme', 'Standpunkte', 'etwa', 'Corona-', 'oder', 'Migrationspolitik', 'zu', 'vertreten', 'Und', 'wird', 'deshalb', 'verschiedenen', 'Medien', 'der', '(', 'angeblich', ')', '""', 'Freien', 'Presse', 'medial', 'ausgegrenzt', 'hat', 'jetzt', 'einen', 'Aufruf', 'veröffentlicht', 'warum', 'es', 'lohnt', 'unterstützen', 'und', 'weshalb', 'dringend', 'Kurswechsel', 'braucht', 'Lest', 'hier', 'https://freie-sachsen.info/wp-content/uploads/2021/06/wortmeldung-sachsenkanal.pdf', 'FREIE', 'SACHSEN', '@freiesachsen', 'Raus', 'Straße', '@Demotermine!']","['B-ACTION', 'O', 'B-LOC', 'O', 'O', 'B-ORG', 'O', 'O', 'O', 'O', 'B-PER', 'I-PER', 'O', 'O', 'O', 'O', 'O', 'O', 'O', 'O', 'O', 'O', 'O', 'O', 'O', 'O', 'O', 'O', 'O', 'O', 'O', 'O', 'O', 'O', 'O', 'O', 'O', 'O', 'O', 'O', 'O', 'O', 'O', 'O', 'O', 'O', 'O', 'O', 'O', 'O', 'O', 'O', 'O', 'O', 'O', 'O', 'O', 'O', 'O', 'O', 'O', 'O', 'O', 'O', 'O', 'O', 'O', 'O', 'O', 'O', 'O', 'O', 'O', 'O', 'O', 'O', 'O', 'O']"
163,Demotermine125028861073052021-03-08 02:58:45,"['Tübingen', 'Start', 'Blaue', 'Brücke', 'Friedrichstraße', '19', 'Ziel', 'Rathausplatz', '@BadenWuerttembergInfoChat', '12032021', 'Raus', 'auf', 'die', 'Straße', '@Demotermine!']","['B-LOC', 'O', 'B-LOC', 'I-LOC', 'B-LOC', 'I-LOC', 'O', 'B-LOC', 'O', 'B-DATE', 'O', 'O', 'O', 'O', 'O']"
164,Demotermine1250288610120932021-07-02 22:15:30,"['🚗', '🚐', '🚙', '🚛', '🚜', '🛵', '🏍', '🚓', 'Autokorso', 'vom', '2.7.21', 'in', 'Bamberg', 'Raus', 'auf', 'die', 'Straße', '@Demotermine!']","['O', 'O', 'O', 'O', 'O', 'O', 'O', 'O', 'B-ACTION', 'O', 'B-DATE', 'O', 'B-LOC', 'O', 'O', 'O', 'O', 'O']"
165,Demotermine125028861058202021-02-02 12:42:26,"['💚', 'Bitte', 'kommt', 'wieder', 'zahlreich', 'nach', 'Poing', 'zur', 'Demo', '.', 'Jeden', 'Donnerstag', 'ab', '18h', ',', 'direkt', 'am', 'S-Bahnhof,', 'nördlich', 'der', 'Bahnlinie', 'im', 'Trichterbereich', 'neuen', 'Fußgängerunterführung', '‼️', 'Diesmal', 'wurde', 'eine', 'Gegen-Demo', 'in', 'unmittelbarer', 'Nähe', 'angekündigt', 'Lasst', 'uns', 'mit', 'Schildern', 'unsere', 'Botschaften', 'außen', 'tragen', '!', 'Wer', 'kann', 'bringt', 'bitte', 'kurze', 'knackige', 'Sprüche', '(', 'FFP2-Masken', 'Lockdown', 'Existenzen', 'Impfschäden', 'usw.', ')', 'Maskenpflicht', 'außer', 'bei', 'Befreiung', 'Abstand', 'halten', 'auch', 'beim', 'Kommen', '/', 'Gehen', 'nicht', 'von', 'Polizei', 'Umarmen', 'erwischen', 'lassen', 'vor', 'Danke', '@BayernInfoChat', '04022021', 'Bilder', 'und', 'Videos', 'hochladen', '@WiderstandAktiv', '-', 'Termine', 'Textform', '@Termine_Veranstaltungen', 'Fahren', 'oder', 'Mitfahren', '@Fahrgemeinschaft', 'Übernachten', '?', '@Unterkuenfte', '@Demotermine', '@DemotermineChat', '@Demoliebe']","['O', 'O', 'O', 'O', 'O', 'O', 'B-LOC', 'O', 'B-ACTION', 'O', 'O', 'B-DATE', 'O', 'B-TIME', 'O', 'O', 'O', 'O', 'I-LOC', 'O', 'I-LOC', 'I-LOC', 'I-LOC', 'I-LOC', 'I-LOC', 'O', 'O', 'O', 'O', 'B-ACTION', 'O', 'O', 'O', 'O', 'O', 'O', 'O', 'O', 'O', 'O', 'O', 'O', 'O', 'O', 'O', 'O', 'O', 'O', 'O', 'O', 'O', 'O', 'O', 'O', 'O', 'O', 'O', 'O', 'O', 'O', 'O', 'O', 'O', 'O', 'O', 'O', 'O', 'O', 'O', 'O', 'O', 'O', 'O', 'O', 'O', 'O', 'O', 'O', 'O', 'O', 'O', 'O', 'O', 'O', 'O', 'O', 'O', 'O', 'O', 'O', 'O', 'O', 'O', 'O', 'O', 'O', 'O']"
166,Demotermine1250288610160112021-08-29 11:35:30,"['Berlin', '28.+29.08', 'jetzt', 'erst', 'recht', 'und', 'sowieso', '#1', 'Raus', 'auf', 'die', 'Straßen', '@Demotermine']","['B-LOC', 'O', 'O', 'O', 'O', 'O', 'O', 'O', 'O', 'O', 'O', 'O', 'O']"
167,Demotermine125028861068572021-02-26 11:35:25,"['📆', 'Autokorso', 'zur', 'Fahrt', 'aus', 'der', 'Diktatur', 'in', 'die', 'Freiheit', '👉', '🏻', 'mehr', 'Infos', 'dazu', '#Termin', '#QuerDenken!', 'Ludwigsburg', 'Abfahrtsort', ':', 'Pädagogische', 'Hochschule', 'Reuteallee', '46', 'Zielort', 'Häfnerhaslach', 'bis', 'Parkplatz', 'Stausee', 'Ehmetsklinge', 'Zaberfeld', 'im', 'Zabergäu', '@querdenken7141', '@BadenWuerttembergInfoChat', '28022021', 'Bilder', 'und', 'Videos', 'hochladen', '@WiderstandAktiv', '-', 'Termine', 'Textform', '@Termine_Veranstaltungen', 'Fahren', 'oder', 'Mitfahren', '@Fahrgemeinschaft', 'Übernachten', '?', '@Unterkuenfte', '@Demotermine', '@DemotermineChat', '@Demoliebe']","['O', 'B-ACTION', 'O', 'O', 'O', 'O', 'O', 'O', 'O', 'O', 'O', 'O', 'O', 'O', 'O', 'O', 'O', 'O', 'O', 'O', 'B-LOC', 'I-LOC', 'B-LOC', 'I-LOC', 'O', 'B-LOC', 'I-LOC', 'I-LOC', 'I-LOC', 'B-LOC', 'B-LOC', 'O', 'B-LOC', 'O', 'O', 'B-DATE', 'O', 'O', 'O', 'O', 'O', 'O', 'O', 'O', 'O', 'O', 'O', 'O', 'O', 'O', 'O', 'O', 'O', 'O', 'O']"
168,Demotermine125028861089012021-04-10 20:29:37,"['Autokorso', 'und', 'Kundgebung', 'in', 'der', 'Innenstadt', '👉', '🏻', 'Neuer', 'Beitrag', 'Raus', 'auf', 'die', 'Straße', '@Demotermine!']","['B-ACTION', 'O', 'B-ACTION', 'O', 'O', 'B-LOC', 'O', 'O', 'O', 'O', 'O', 'O', 'O', 'O', 'O']"
169,Demotermine1250288610204732021-10-05 17:16:03,"['05', '10', '2021', ',', 'Dr.', 'Daniel', 'Langhans', 'IM', 'DIALOG', 'Teil', '4', ':', '""', 'In', 'welches', 'Taxi', 'steigen', 'Sie', 'ein', 'Herr', 'Klopp', '?', '-', 'Lässt', 'sich', 'die', 'Verweigerung', 'der', 'Covid-Spritze', 'vergleichen', 'damit', 'betrunken', 'zu', 'fahren', 'Ist', 'eine', 'Covid-19-Spritze', 'unsolidarisch', 'Wie', 'hoch', 'haben', 'Experten', 'wie', 'Steve', 'Kirsch', 'Tödlichkeit', '(', 'Toxizität', ')', 'berechnet', 'welchem', 'Verhältnis', 'steht', 'diese', 'jener', 'konventioneller', 'Impfstoffe', 'Steht', 'fest', 'dass', 'Leben', 'gerettet', 'hat', 'es', 'mit', 'dem', 'Menschenbild', 'des', 'Grundgesetzes', 'vereinbar', 'Tote', 'nach', 'Covid-Toten', 'aufzurechnen', 'Quellen', 'https://www.skirsch.com/covid/Killed.pdf', 'https://www.augsburger-allgemeine.de/sport/fussball/international/Corona-Pandemie-Klopp-Impfung-ist-keine-Freiheitsbeschraenkung-id60700141.html', 'Wer', 'meine', 'Arbeit', 'unterstützen', 'will', 'kann', 'dies', 'Stichwort', 'Schenkung', 'tun', 'DE18730611910003280420', 'https://t.me/drdaniellanghans', 'Raus', 'auf', 'Straßen', '@Demotermine!', '👉', 'Übersicht', '/', 'Overview', '👈']","['B-DATE', 'I-DATE', 'I-DATE', 'O', 'O', 'B-PER', 'I-PER', 'O', 'O', 'O', 'O', 'O', 'O', 'O', 'O', 'O', 'O', 'O', 'O', 'O', 'B-PER', 'O', 'O', 'O', 'O', 'O', 'O', 'O', 'O', 'O', 'O', 'O', 'O', 'O', 'O', 'O', 'O', 'O', 'O', 'O', 'O', 'O', 'O', 'B-PER', 'I-PER', 'O', 'O', 'O', 'O', 'O', 'O', 'O', 'O', 'O', 'O', 'O', 'O', 'O', 'O', 'O', 'O', 'O', 'O', 'O', 'O', 'O', 'O', 'O', 'O', 'O', 'O', 'O', 'O', 'O', 'O', 'O', 'O', 'O', 'O', 'O', 'O', 'O', 'O', 'O', 'O', 'O', 'O', 'O', 'O', 'O', 'O', 'O', 'O', 'O', 'O', 'O', 'O', 'O']"
170,Demotermine1250288610106472021-05-16 22:54:11,"['Zeige', 'Widerstand', '!', 'Rebelliere', 'Wir', 'leben', 'bereits', 'in', 'der', 'Hölle', 'auf', 'Erden', '(', 'ANTI', 'NWO', 'RAP', ')', '@systemforschung2021', 'Raus', 'die', 'Straße', '@Demotermine!']","['O', 'O', 'O', 'O', 'O', 'O', 'O', 'O', 'O', 'O', 'O', 'O', 'O', 'O', 'O', 'O', 'O', 'O', 'O', 'O', 'O', 'O']"
171,Demotermine125028861014398,"['Kretschmer', 'flieht', 'in', 'Freiberg', 'vor', 'seinen', 'Bürgern', ',', 'sein', 'Fluchtfahrzeug', 'überfährt', 'dabei', 'eine', 'Polizistin', '!', 'Hunderte', 'hatten', 'ausgeharrt', 'nachdem', 'ihnen', 'der', 'Einlass', 'zur', 'Bürgerversammlung', 'untersagt', 'wurde', 'und', 'wollten', 'bei', 'Abreise', 'Rede', 'stellen', '.', 'Die', 'Polizei', 'ging', 'wieder', 'einmal', 'hart', 'gegen', 'Bürger', 'räumte', 'den', 'Weg', 'frei', 'Doch', 'unübersichtlichen', 'Situation', 'überfuhr', 'das', 'Fahrzeug', 'von', 'gesteuert', 'seinem', 'Personenschützer', 'junge', 'Polizeibeamtin', 'Der', 'schwere', 'BMW', 'überrollte', 'offenbar', 'ihr', 'Bein', 'Das', 'zeigt', ':', 'seine', 'Männer', 'sind', 'rücksichtslos', 'gefährden', 'mittlerweile', 'ihrer', 'Panik', 'auch', 'Menschenleben', 'Dieser', 'Ministerpräsident', 'muss', 'unverzüglich', 'zurücktreten', 'wenn', 'er', 'noch', 'letzten', 'Funken', 'Anstand', 'hat', 'FREIE', 'SACHSEN', 'Folgt', 'uns', 'Telegram', 'http://t.me/freiesachsen', '@Polizeigewalt', 'meistens', 'Strafanzeigen', 'Bußgelder', 'Verletzungen', 'Vermögensschäden', 'Folge', 'Bild-', 'Videobeweise', 'daher', 'sofort', 'einsenden', '@Wir_holenUnsere_FREIHEIT_zurueck']","['B-PER', 'O', 'O', 'B-LOC', 'O', 'O', 'O', 'O', 'O', 'O', 'O', 'O', 'O', 'O', 'O', 'O', 'O', 'O', 'O', 'O', 'O', 'O', 'O', 'O', 'O', 'O', 'O', 'O', 'O', 'O', 'O', 'O', 'O', 'O', 'B-ORG', 'O', 'O', 'O', 'O', 'O', 'O', 'O', 'O', 'O', 'O', 'O', 'O', 'O', 'O', 'O', 'O', 'O', 'O', 'O', 'O', 'O', 'O', 'O', 'O', 'O', 'O', 'O', 'O', 'O', 'O', 'O', 'O', 'O', 'O', 'O', 'O', 'O', 'O', 'O', 'O', 'O', 'O', 'O', 'O', 'O', 'O', 'O', 'O', 'O', 'O', 'O', 'O', 'O', 'O', 'B-ORG', 'I-ORG', 'O', 'O', 'O', 'O', 'O', 'O', 'O', 'O', 'O', 'O', 'O', 'O', 'O', 'O', 'O', 'O', 'O']"
172,Demotermine1250288610192382021-09-25 08:34:59,"['Ein', 'Weiter', 'so', 'zerstört', 'die', 'Existenz', 'von', 'Millionen', '—', 'hessencam', 'https://youtu.be/6OgWSNbD3yk', '7:38', 'Raus', 'auf', 'Straßen', '@Demotermine']","['O', 'O', 'O', 'O', 'O', 'O', 'O', 'O', 'O', 'O', 'O', 'B-TIME', 'O', 'O', 'O', 'O']"
173,Demotermine1250288610194822021-09-27 01:40:02,"['Graben', '-', 'Aarau', '#CH', '#Mo2709', '#Mo0410', '#Mo1110', '#Mo1810', '#Mo2510', 'Raus', 'auf', 'die', 'Straßen', '@Demotermine']","['B-LOC', 'I-LOC', 'I-LOC', 'B-LOC', 'B-DATE', 'B-DATE', 'B-DATE', 'B-DATE', 'B-DATE', 'O', 'O', 'O', 'O', 'O']"
174,Demotermine1250288610180382021-09-15 22:16:23,"['Versetzung', 'ins', 'Ausland', ':', 'Pfarrer', 'stellte', 'Mainstream-Narrative', 'zu', 'COVID-19', 'in', 'Frage', '—', 'RT', 'DE', 'https://youtu.be/Bie6CpGRcLc', '7:09', '@RT_Deutsch']","['O', 'O', 'O', 'O', 'O', 'O', 'O', 'O', 'O', 'O', 'O', 'O', 'O', 'O', 'O', 'B-TIME', 'O']"
175,Demotermine1250288610317892021-12-14 14:03:56,"['Ausbildungsabbruch', 'ohne', 'Impfung', 'Junges', 'Mädchen', 'kann', 'ihre', 'Ausbildung', 'nicht', 'abschließen', ',', 'wenn', 'sie', 'die', 'verweigert', '.', 'Willkommen', 'in', 'der', 'Corona-Diktatur.', 'Das', 'ist', 'es', 'was', 'unfassbar', 'traurig', 'und', 'wütend', 'macht', '😔', 'Glaubt', 'ihr', 'denn', 'wenigstens', 'jetzt', 'den', 'sog.', '""', 'Verschwörungstheoretikern', '?', 'Wer', 'seine', 'körperliche', 'Unversehrtheit', 'verteidigt', 'wird', 'diskriminiert', '!', 'Wir', 'sind', 'mehr', 'alle', 'vor', 'dem', 'Gesetz', 'gleich', '@terminkalender', '-', 'www.terminkalender.top', 'Die', 'umfassendsten', 'Infos', '@Impfauswahl.', 'Werde', '@Impfbeobachter']","['O', 'O', 'O', 'O', 'O', 'O', 'O', 'O', 'O', 'O', 'O', 'O', 'O', 'O', 'O', 'O', 'O', 'O', 'O', 'O', 'O', 'O', 'O', 'O', 'O', 'O', 'O', 'O', 'O', 'O', 'O', 'O', 'O', 'O', 'O', 'O', 'O', 'O', 'O', 'O', 'O', 'O', 'O', 'O', 'O', 'O', 'O', 'O', 'O', 'O', 'O', 'O', 'O', 'O', 'O', 'O', 'O', 'O', 'O', 'O', 'O', 'O', 'O', 'O', 'O']"
176,Demotermine125028861021612020-07-23 19:35:27,"['Murrhardt', 'Sonntag', ';', '26.07.2020', '15', 'Uhr', 'Pausenhof', 'der', 'Walterichschule', ',', 'Helmut-Götz-Straße', '@Querdenken7192', '@Demotermine', '-', 'Bilder', 'und', 'Videos', 'hochladen', '@WiderstandAktiv', 'Diskussion', '@DemotermineChat', 'Fahren', 'oder', 'Mitfahren', '@Fahrgemeinschaft', 'Übernachten', '?', '@Unterkuenfte']","['B-LOC', 'B-DATE', 'I-DATE', 'I-DATE', 'B-TIME', 'I-TIME', 'B-LOC', 'I-LOC', 'I-LOC', 'O', 'B-LOC', 'O', 'O', 'O', 'O', 'O', 'O', 'O', 'O', 'O', 'O', 'O', 'O', 'O', 'O', 'O', 'O', 'O']"
177,Demotermine1250288610280142021-11-23 22:05:41,"['Rede', 'Andreas', 'Thiel', 'auf', 'der', 'Großdemo', 'in', 'Zürich', '—', 'Querdenken', '775', '-', 'Wir', 'für', 'das', 'Grundgesetz', 'https://youtu.be/lIFamB9y4wg', '9:55', 'Raus', 'die', 'Straßen', '@Demotermine!', '👉', 'Übersicht', '/', 'Overview', '👈']","['B-ACTION', 'B-PER', 'I-PER', 'O', 'O', 'B-ACTION', 'O', 'B-LOC', 'O', 'B-ORG', 'I-ORG', 'O', 'O', 'O', 'O', 'O', 'O', 'B-TIME', 'O', 'O', 'O', 'O', 'O', 'O', 'O', 'O', 'O']"
178,Demotermine1250288610161752021-08-29 12:53:44,"['🇩', '🇪', 'Demo-Berlin:', 'Menschenmeer', 'auf', 'der', 'Pufendorfstraße', '.', '#b2908', 'Raus', 'die', 'Straßen', '@Demotermine']","['O', 'O', 'O', 'O', 'O', 'O', 'B-LOC', 'O', 'O', 'O', 'O', 'O', 'O']"
179,Demotermine1250288610202622021-10-03 16:08:50,"['🇫', '🇷', 'Demo', 'Paris', ':', '""', 'Macron', 'démission', '!', 'Raus', 'auf', 'die', 'Straßen', '@Demotermine!', '👉', 'Übersicht', '/', 'Overview', '👈']","['O', 'O', 'B-ACTION', 'B-LOC', 'O', 'O', 'O', 'O', 'O', 'O', 'O', 'O', 'O', 'O', 'O', 'O', 'O', 'O', 'O']"
180,Demotermine12502886104122,"['Corona-Maßnahmen', 'sofort', 'beenden', ',', 'Existenzen', 'erhalten', '!', '@StuttgartGrundgesetzdemos', '@Corona_Reset']","['O', 'O', 'O', 'O', 'O', 'O', 'O', 'O', 'O']"
181,Demotermine1250288610122202021-07-07 05:40:43,"['Nürnberg', '@BayernInfoChat', '07072021', '-', '08072021', '09072021', '1072021', 'Raus', 'auf', 'die', 'Straße', '@Demotermine!']","['B-LOC', 'O', 'B-DATE', 'O', 'B-DATE', 'B-DATE', 'B-DATE', 'O', 'O', 'O', 'O', 'O']"
182,Demotermine125028861044602020-12-11 02:11:10,"['Kiel', 'Exer', '@SchleswigHolsteinInfoChat', '14122020']","['B-LOC', 'B-LOC', 'O', 'B-DATE']"
183,Demotermine1250288610155052021-08-28 16:04:59,"['Da', 'haben', 'wir', 'wohl', 'unsere', 'nächste', 'Titelschlagzeile', '.', '""', 'Ohne', 'Helm', 'und', 'ohne', 'Knüppel', 'seid', 'Ihr', 'nichts', '!', '#b2808', '#demokratischerwiderstand', 'Raus', 'auf', 'die', 'Straßen', '@Demotermine']","['O', 'O', 'O', 'O', 'O', 'O', 'O', 'O', 'O', 'O', 'O', 'O', 'O', 'O', 'O', 'O', 'O', 'O', 'O', 'O', 'O', 'O', 'O', 'O', 'O']"
184,Demotermine125028861034372020-10-28 19:36:54,"['Bernau', '@quer333chat', '@BrandenburgInfoChat', '02112020']","['B-LOC', 'O', 'O', 'B-DATE']"
185,Demotermine1250288610273212021-11-20 12:29:07,"['20.11.2021', 'Australien', 'In', 'allen', 'großen', 'Städten', 'waren', 'in', 'Menschen', 'auf', 'der', 'Straße', '.', 'Natürlich', 'nur', 'Nazis', 'Ich', 'habe', 'echt', 'nicht', 'gedacht', ',', 'dass', 'man', 'auch', 'Australier', 'so', 'framen', 'kann', '😅', 'So', 'wie', 'es', 'aussieht', 'diesmal', 'keine', 'Polizeigewalt', 'Für', 'mehr', 'Berichte', 'folgen', '...', '@dauerwelleDemoReport', 'Raus', 'die', 'Straßen', '@Demotermine!', '👉', 'Übersicht', '/', 'Overview', '👈']","['I-DATE', 'B-LOC', 'O', 'O', 'O', 'O', 'O', 'O', 'O', 'O', 'O', 'O', 'O', 'O', 'O', 'O', 'O', 'O', 'O', 'O', 'O', 'O', 'O', 'O', 'O', 'O', 'O', 'O', 'O', 'O', 'O', 'O', 'O', 'O', 'O', 'O', 'O', 'O', 'O', 'O', 'O', 'O', 'O', 'O', 'O', 'O', 'O', 'O', 'O', 'O', 'O', 'O']"
186,Demotermine125028861028852020-09-18 10:52:14,"['Kempten', '(', 'Allgäu', ')', '@BayernInfoChat', 'Bilder', 'und', 'Videos', 'hochladen', '@WiderstandAktiv', '-', '@Termine_in_Textform', 'Fahren', 'oder', 'Mitfahren', '@Fahrgemeinschaft', 'Übernachten', '?', '@Unterkuenfte', '@Demotermine', '@DemotermineChat', '@Demoliebe']","['B-LOC', 'O', 'B-LOC', 'O', 'O', 'O', 'O', 'O', 'O', 'O', 'O', 'O', 'O', 'O', 'O', 'O', 'O', 'O', 'O', 'O', 'O', 'O']"
187,Demotermine1250288610112292021-05-31 17:03:59,"['Start', 'Montagsdemo', '19', 'Uhr', 'https://www.twitch.tv/svenliebich', '/', 'Raus', 'auf', 'die', 'Straße', '@Demotermine!']","['O', 'B-ACTION', 'B-TIME', 'I-TIME', 'O', 'O', 'O', 'O', 'O', 'O', 'O']"
188,Demotermine1250288610259062021-11-10 04:25:51,"['Teil', '2', '-', 'Übersicht', '(', 'Stand', '09.11.21', ')', 'über', 'die', 'aktuell', 'angemeldeten', 'Feuer', 'vom', '11.11.2021', 'Bitte', 'direkt', 'beim', 'Link', 'einen', 'Kommentar', 'hinterlassen', ',', 'wenn', 'ihr', 'am', 'teilnehmen', 'möchtet', '!', '🙏', '🔥', 'der', 'Kantone', 'A', 'L', 'NW', '/', '6363', 'Obbürgen', 'OW', '6072', 'Sachseln', 'Glotersegg', 'Mittelpunkt', 'von', 'Obwalden', 'SG', '8880', 'Walenstadt', 'SO', '4718', 'HOLDERBANK', 'SZ', '6410', 'Rigi', 'Scheidegg', '4657', 'Dulliken', 'Engelberg', 'UR', '6467', 'Schattdorf', 'VD', '1660', 'Château-d’Oex', 'ZH', '8606', 'Nänikon', '8610', 'Uster', '8330', 'Pfäffikon', '8800', 'Thalwil', '8805', 'RICHTERSWIL', '.', '8452', 'Adlikon', '8405', 'Winterthur', 'Oberseen', '#CH', '#Do1111', '#schweizweit', 'Raus', 'auf', 'Straßen', '@Demotermine!', '👉', 'Overview', '👈']","['O', 'O', 'O', 'O', 'O', 'O', 'B-DATE', 'O', 'O', 'O', 'O', 'O', 'B-ACTION', 'O', 'B-DATE', 'O', 'O', 'O', 'O', 'O', 'O', 'O', 'O', 'O', 'O', 'O', 'O', 'O', 'O', 'O', 'O', 'O', 'O', 'O', 'O', 'B-LOC', 'O', 'B-LOC', 'I-LOC', 'B-LOC', 'B-LOC', 'I-LOC', 'B-LOC', 'B-LOC', 'I-LOC', 'I-LOC', 'B-LOC', 'B-LOC', 'I-LOC', 'B-LOC', 'B-LOC', 'I-LOC', 'B-LOC', 'B-LOC', 'I-LOC', 'I-LOC', 'B-LOC', 'I-LOC', 'I-LOC', 'B-LOC', 'B-LOC', 'I-LOC', 'B-LOC', 'B-LOC', 'I-LOC', 'B-LOC', 'B-LOC', 'I-LOC', 'B-LOC', 'I-LOC', 'B-LOC', 'I-LOC', 'B-LOC', 'I-LOC', 'B-LOC', 'B-LOC', 'O', 'B-LOC', 'I-LOC', 'B-LOC', 'I-LOC', 'I-LOC', 'B-LOC', 'B-DATE', 'O', 'O', 'O', 'O', 'O', 'O', 'O', 'O']"
189,Demotermine1250288610126072021-07-19 12:17:44,"['Hofheim', '@hofheimerfreiheitsboten', '@HessenInfoChat', '19072021', 'Raus', 'auf', 'die', 'Straße', '@Demotermine!']","['B-LOC', 'O', 'O', 'B-DATE', 'O', 'O', 'O', 'O', 'O']"
190,Demotermine1250288610103672021-05-11 04:16:00,"['Marktoberdorf', '-', 'Kaufbeuren-Neugablonz', 'Autokorso', '@BayernInfoChat', '13052021', 'worldwide', '@Demotermine!']","['B-LOC', 'O', 'O', 'B-ACTION', 'O', 'B-DATE', 'O', 'O']"
191,Demotermine125028861059692021-02-06 22:39:04,"['Ravensburg', 'Autokorso', 'Start', 'Parkplatz', 'Oberschwabenhalle', 'Aktuelle', 'Infos', 'auf', 'Telegram', '@autokorsoravensburgkanal', '@autokorsoravensburg', 'Videos-', 'und', 'Bilderupload', '@autokorsoravensburgdokumentation', 'Webbasiert', 'zum', 'Teilen', 'z.B.', 'per', 'Mail', 'https://t.me/s/autokorsoravensburgkanal', '@BadenWuerttembergInfoChat', '07022021', 'Bilder', 'Videos', 'hochladen', '@WiderstandAktiv', '-', 'Termine', 'in', 'Textform', '@Termine_Veranstaltungen', 'Fahren', 'oder', 'Mitfahren', '@Fahrgemeinschaft', 'Übernachten', '?', '@Unterkuenfte', '@Demotermine', '@DemotermineChat', '@Demoliebe']","['B-LOC', 'B-ACTION', 'O', 'B-LOC', 'I-LOC', 'O', 'O', 'O', 'B-ORG', 'O', 'O', 'O', 'O', 'O', 'O', 'O', 'O', 'O', 'O', 'O', 'O', 'O', 'O', 'B-DATE', 'O', 'O', 'O', 'O', 'O', 'O', 'O', 'O', 'O', 'O', 'O', 'O', 'O', 'O', 'O', 'O', 'O', 'O', 'O']"
192,Demotermine1250288610175192021-09-09 09:41:43,"['Klappstuhlcafé', 'gegen', '3G-Diskriminierung', '📅', 'Donnerstag', ',', '09.09.2021', '🗺', '️', 'Kassel', 'Treppe', 'am', 'Friedrichsplatz', 'nahe', 'Opernplatz', '🕒', '15:00', 'Das', 'Leben', 'gehört', 'uns', '.', 'Diskriminierung', 'von', '[', 'u', ']', 'ngeimpften', 'ngetesteten', 'und', 'nbeugsamen', 'Mitmenschen', 'lassen', 'wir', 'nicht', 'zu', 'Im', 'Gegenteil', 'ist', 'gerade', 'damit', 'ja', 'die', 'viel', 'wichtigere', '3U-Regel', 'erfüllt', 'Alle', 'unsere', 'insbesondere', 'diejenigen', 'erfüllen', 'sind', 'herzlich', 'eingeladen', 'mit', 'Klappstuhl', 'Selbstverpflegung', 'guter', 'Laune', 'an', 'unserem', 'Treffpunkt', 'ein', 'Zeichen', 'setzen', 'Wir', 'nie', 'wieder', 'einsperren', '@HessenInfoChat', '09092021', 'Raus', 'auf', 'Straßen', '@Demotermine']","['B-ACTION', 'O', 'O', 'O', 'I-DATE', 'I-DATE', 'I-DATE', 'O', 'O', 'B-LOC', 'B-LOC', 'I-LOC', 'I-LOC', 'I-LOC', 'I-LOC', 'O', 'B-TIME', 'O', 'O', 'O', 'O', 'O', 'O', 'O', 'O', 'O', 'O', 'O', 'O', 'O', 'O', 'O', 'O', 'O', 'O', 'O', 'O', 'O', 'O', 'O', 'O', 'O', 'O', 'O', 'O', 'O', 'O', 'O', 'O', 'O', 'O', 'O', 'O', 'O', 'O', 'O', 'O', 'O', 'O', 'O', 'O', 'O', 'O', 'O', 'O', 'O', 'O', 'O', 'O', 'O', 'O', 'I-DATE', 'O', 'O', 'O', 'O']"
193,Demotermine1250288610216792021-10-15 15:41:54,"['China', 'zeigt', 'was', 'bei', 'uns', 'in', 'Vorbereitung', 'ist', '.', 'Jetzt', 'sind', 'es', 'noch', '""', 'Impfzertifikate', 'diese', 'werden', 'aber', 'bald', 'ausgeweitet', 'eine', 'persönliche', 'ID', 'mit', 'zusätzlichen', 'Daten', 'und', 'Zahlungsmöglichkeiten', 'nur', 'dieser', 'wirst', 'du', 'dann', 'Zutritt', 'zum', 'Leben', 'haben', 'Später', 'wird', 'gekoppelt', 'Sozialkreditsystem', 'ähnlich', 'wie', 'Die', 'Impfung', 'Zertifikat', 'der', 'Einstig', 'dazu', 'Wenn', '80', '%', 'erreicht', 'die', 'Schlinge', 'zuziehen', 'zu', 'wenige', 'um', 'sich', 'wehren', 'Raus', 'auf', 'Straßen', '@Demotermine!', '👉', 'Übersicht', '/', 'Overview', '👈']","['B-LOC', 'O', 'O', 'O', 'O', 'O', 'O', 'O', 'O', 'O', 'O', 'O', 'O', 'O', 'O', 'O', 'O', 'O', 'O', 'O', 'O', 'O', 'O', 'O', 'O', 'O', 'O', 'O', 'O', 'O', 'O', 'O', 'O', 'O', 'O', 'O', 'O', 'O', 'O', 'O', 'O', 'O', 'O', 'O', 'O', 'O', 'O', 'O', 'O', 'O', 'O', 'O', 'O', 'O', 'O', 'O', 'O', 'O', 'O', 'O', 'O', 'O', 'O', 'O', 'O', 'O', 'O', 'O', 'O', 'O']"
194,Demotermine1250288610292842021-12-01 19:19:29,"['1.', 'Dezember', '-', 'Adventskalender', 'der', 'guten', 'Nachrichten', 'und', 'Impulse', 'Gedanke', ':', 'Wünschen', 'wir', 'unseren', 'Mitmenschen', 'nur', 'das', 'Allerbeste', ',', 'auch', 'wenn', 'sie', 'uns', 'Leid', 'bereiten', 'feindlich', 'gesinnt', 'sind', '.', 't.me/wolframsteurer', 'Raus', 'auf', 'die', 'Straßen', '@Demotermine!', '👉', 'Übersicht', '/', 'Overview', '👈']","['B-DATE', 'I-DATE', 'O', 'O', 'O', 'O', 'O', 'O', 'O', 'O', 'O', 'O', 'O', 'O', 'O', 'O', 'O', 'O', 'O', 'O', 'O', 'O', 'O', 'O', 'O', 'O', 'O', 'O', 'O', 'O', 'O', 'O', 'O', 'O', 'O', 'O', 'O', 'O', 'O', 'O']"
195,Demotermine1250288610225862021-10-21 14:50:08,"['Aus', 'Sven', 'Liebichs', 'Werbung', 'für', 'mehr', 'Flüchtlinge', 'im', 'linksalternativen', 'Paulusviertel', '20.10.21', '—', 'Liebich', 'https://youtu.be/jKySDulMH2A', '2:56', 'Raus', 'auf', 'die', 'Straßen', '@Demotermine!', '👉', 'Übersicht', '/', 'Overview', '👈']","['O', 'B-PER', 'I-PER', 'O', 'O', 'O', 'O', 'O', 'O', 'B-LOC', 'B-DATE', 'O', 'O', 'O', 'B-TIME', 'O', 'O', 'O', 'O', 'O', 'O', 'O', 'O', 'O', 'O']"
196,Demotermine1250288610132942021-07-31 22:03:25,"['Weimar', 'https://t.me/weimaraugust', '@ThueringenInfoChat', '07082021', 'Raus', 'auf', 'die', 'Straße', '@Demotermine!']","['B-LOC', 'O', 'O', 'B-DATE', 'O', 'O', 'O', 'O', 'O']"
197,Demotermine125028861070602021-03-05 20:17:28,"['Dein', 'Job', 'rettet', 'Menschenleben', '?', 'Es', 'reicht', '!', 'https://t.me/Demotermine/6818', '@DeutschlandInfoChat', '13032021', 'Zeig', 'Big', 'Pharma', 'den', 'Katheter', 'zu', 'legen', '@Demotermine']","['O', 'O', 'O', 'O', 'O', 'O', 'O', 'O', 'O', 'O', 'B-DATE', 'O', 'O', 'O', 'O', 'O', 'O', 'O', 'O']"
198,Demotermine1250288610191122021-09-24 09:48:42,"['Friday', 'for', 'Future', 'in', 'Arnsberg-', 'Neheim', 'Raus', 'auf', 'die', 'Straßen', '@Demotermine']","['B-ORG', 'I-ORG', 'I-ORG', 'O', 'O', 'O', 'O', 'O', 'O', 'O', 'O']"
199,Demotermine1250288610216642021-10-15 15:27:25,"['Schalli', 'meint', 'auch', ',', 'dass', 'die', 'Pandemie', 'zu', 'Ende', 'ist', '?', '!', 'Raus', 'auf', 'Straßen', '@Demotermine!', '👉', 'Übersicht', '/', 'Overview', '👈']","['O', 'O', 'O', 'O', 'O', 'O', 'O', 'O', 'O', 'O', 'O', 'O', 'O', 'O', 'O', 'O', 'O', 'O', 'O', 'O', 'O']"
200,Demotermine125028861090702021-04-14 05:11:39,"['Berlin', ',', '13.4.2021', '@BerlinInfoChat', 'Raus', 'auf', 'die', 'Straße', '@Demotermine!']","['B-LOC', 'O', 'B-DATE', 'O', 'O', 'O', 'O', 'O', 'O']"
201,Demotermine125028861087162021-04-06 22:37:12,"['Demo-Termine', 'von', 'https://terminkalender.top', 'Demo', 'hier', 'eintragen', ':', 'https://terminkalender.top/add', 'Spendenseite', 'https://terminkalender.top/spende', 'Telegram', 'https://terminkalender.top/telegram', 'oder', '@terminkalender', 'Discord', 'https://terminkalender.top/discord', 'Zum', 'Redaktionsschluss', 'um', '00:03', 'Uhr', ',', 'wurden', 'für', 'den', 'heutigen', 'Tag', 'folgende', 'Demotermine', 'gemeldet', '🔴', 'Mittwoch', '07.', 'April', '2021', '▶', '️', 'DE', 'Berlin', 'Bundeskanzleramt', '(', 'Kundgebung', ')', '🕑', '18:00', 'Dummerstorf', 'Rathaus', '17:00', 'Hanau', 'Marktplatz', 'Mahnwache', 'Nürnberg', 'Lorenzkirche', '17:30', 'Stuttgart', 'Dobelstr', '.', '/', 'Hohenheimer', 'Str.', '16:00', 'Raus', 'auf', 'die', 'Straße', '@Demotermine!']","['O', 'O', 'O', 'O', 'O', 'O', 'O', 'O', 'O', 'O', 'B-ORG', 'O', 'O', 'O', 'B-ORG', 'O', 'O', 'O', 'O', 'B-TIME', 'O', 'O', 'O', 'O', 'O', 'O', 'O', 'O', 'O', 'O', 'O', 'O', 'O', 'O', 'O', 'O', 'O', 'B-LOC', 'B-LOC', 'B-LOC', 'O', 'B-ACTION', 'O', 'O', 'B-TIME', 'B-LOC', 'B-LOC', 'B-TIME', 'B-LOC', 'B-LOC', 'B-ACTION', 'B-LOC', 'B-LOC', 'B-TIME', 'B-LOC', 'B-LOC', 'O', 'O', 'I-LOC', 'I-LOC', 'B-TIME', 'O', 'O', 'O', 'O', 'O']"
202,Demotermine125028861085,"['Morgen', 'Abend', 'ist', 'wieder', 'Critical', 'Mass', '.', 'Kommt', 'vorbei', ',', 'fahrt', 'mit', '!', '-', '20:00', 'Mariannenplatz']","['B-DATE', 'I-DATE', 'O', 'O', 'B-ACTION', 'I-ACTION', 'O', 'O', 'O', 'O', 'O', 'O', 'O', 'O', 'B-TIME', 'B-LOC']"
203,Demotermine1250288610224542021-10-20 14:59:49,"['Hannover', '13.11.21', 'Schützenplatz', 'Autokorso', 'durch', '.', 'Grundrechte', 'sind', 'nicht', 'verhandelbar', 'Schluss', 'mit', 'der', 'Diskrimminierung', '2G', '/', '3', 'G', 'Anmelder', 'und', 'Organisator', 'Querdenken', '511', 'Treffen', '15Uhr', 'Start', '16', 'Uhr', '#NI', '#Sa1311', '#Hannover', 'Raus', 'auf', 'die', 'Straßen', '@Demotermine!', '👉', 'Übersicht', 'Overview', '👈']","['B-LOC', 'B-DATE', 'B-LOC', 'B-ACTION', 'O', 'O', 'O', 'O', 'O', 'O', 'O', 'O', 'O', 'O', 'O', 'O', 'O', 'O', 'O', 'O', 'O', 'B-ORG', 'I-ORG', 'O', 'B-TIME', 'O', 'B-TIME', 'O', 'B-LOC', 'B-DATE', 'B-LOC', 'O', 'O', 'O', 'O', 'O', 'O', 'O', 'O', 'O']"
204,Demotermine1250288610132712021-07-31 14:38:58,"['Luzern', ',', '31.7.2021', 'Mehr', 'https://t.me/Widerstand2020_ch_JETZT', 'Raus', 'auf', 'die', 'Straße', '@Demotermine!']","['B-LOC', 'O', 'B-DATE', 'O', 'O', 'O', 'O', 'O', 'O', 'O']"
205,Demotermine1250288610311902021-12-11 12:03:41,"['Ergün', 'kommt', 'nach', 'Stuttgart', '💥', '@BoosterTV']","['B-PER', 'O', 'O', 'B-LOC', 'O', 'O']"
206,Demotermine1250288610160072021-08-29 11:34:47,"['Demo', 'Vorort', 'Video‼️Danziger', 'Straße', '/', 'Richtung', 'Frankfurter', 'Tor', '!', 'Raus', 'auf', 'die', 'Straßen', '@Demotermine']","['B-ACTION', 'O', 'O', 'O', 'I-LOC', 'I-LOC', 'I-LOC', 'I-LOC', 'O', 'O', 'O', 'O', 'O', 'O']"
207,Demotermine1250288610152602021-08-28 12:37:45,"['Beim', 'Hauptbahnhof', 'Berlin', '#b2808', '#CoronaProtest', '@AktivistMann', 'Raus', 'auf', 'die', 'Straßen', '@Demotermine']","['O', 'B-LOC', 'I-LOC', 'O', 'O', 'O', 'O', 'O', 'O', 'O', 'O']"
208,Demotermine1250288610259522021-11-10 14:01:30,"['Vielen', 'Dank', 'an', 'alle', 'die', 'gestern', 'wieder', 'am', 'Start', 'waren', '👍', 'Rückblick', 'wie', 'immer', 'auf', 'unserer', 'Internetseite', '.', 'https://zukunft-fr.de/autokorso-vom-09-11-2021-freiburg', '/', 'Raus', 'Straßen', '@Demotermine!', '👉', 'Übersicht', 'Overview', '👈']","['O', 'O', 'O', 'O', 'O', 'O', 'O', 'O', 'O', 'O', 'O', 'O', 'O', 'O', 'O', 'O', 'O', 'O', 'O', 'O', 'O', 'O', 'O', 'O', 'O', 'O', 'O']"
209,Demotermine125028861026002020-08-29 17:05:26,"['Sollte', 'die', 'Polizei', 'gegen', 'friedliche', 'Menschen', 'Gewalt', 'anwenden', ',', 'bitte', 'Vorgänge', 'filmen', 'und', 'teilen', '.', 'Sie', 'erscheinen', 'dann', 'als', 'Nachweis', '@Polizeigewalt', 'Bilder', 'Videos', 'hochladen', '@WiderstandAktiv', '-', 'Termine', 'in', 'Textform', '👉', '@Hier', 'mitteilen', 'Fahren', 'oder', 'Mitfahren', '@Fahrgemeinschaft', 'Übernachten', '?', '@Unterkuenfte', '@Demotermine']","['O', 'O', 'B-ORG', 'O', 'O', 'O', 'O', 'O', 'O', 'O', 'O', 'O', 'O', 'O', 'O', 'O', 'O', 'O', 'O', 'O', 'O', 'O', 'O', 'O', 'O', 'O', 'O', 'O', 'O', 'O', 'O', 'O', 'O', 'O', 'O', 'O', 'O', 'O', 'O', 'O']"
210,Demotermine125028861068252021-02-26 00:23:23,"['Lärmdemo', 'vom', 'Donnerstag', ',', '25.02.21', 'Kiel', 'kurz', 'vor', 'Wilhelmplatz', '.', 't.me/klardenkenSH', '@Demotermine']","['B-ACTION', 'O', 'B-DATE', 'I-DATE', 'I-DATE', 'B-LOC', 'O', 'O', 'B-LOC', 'O', 'O', 'O']"
211,Demotermine1250288610172352021-09-06 04:43:25,"['Scholz', 'in', 'Frankfurt', 'Raus', 'auf', 'die', 'Straßen', '@Demotermine']","['B-PER', 'O', 'B-LOC', 'O', 'O', 'O', 'O', 'O']"
212,Demotermine1250288610199522021-09-30 12:58:18,"['Nach', 'dem', 'gewaltigen', 'Einschlag', 'der', 'Aktion', 'AllesDichtmachen', 'und', 'DankeAllesDichtmachen', 'folgt', 'nun', 'die', 'ALLESAUFDENTISCH', '.', 'In', 'diesem', 'Format', 'sprechen', 'sich', 'Natur-', ',', 'Geisteswissenschaftler', 'Künstler', 'für', 'eine', 'Aufarbeitung', 'in', 'unverhältnismäßigen', 'Coronapolitik', 'aus', 'https://youtu.be/PRxB0Mc_sBY', 'Webseiten', ':', 'https://www.allesaufdentisch.tv', '/', 'YouTube-Kanal:', 'https://youtube.com/channel/UC3D7t67AEmhyne7Ol2DE6nw', 'Raus', 'auf', 'Straßen', '@Demotermine!', '👉', 'Übersicht', 'Overview', '👈']","['O', 'O', 'O', 'O', 'O', 'O', 'O', 'O', 'O', 'O', 'O', 'O', 'O', 'O', 'O', 'O', 'O', 'O', 'O', 'O', 'O', 'O', 'O', 'O', 'O', 'O', 'O', 'O', 'O', 'O', 'O', 'O', 'O', 'O', 'O', 'O', 'O', 'O', 'O', 'O', 'O', 'O', 'O', 'O', 'O']"
213,Demotermine1250288610629,"['Wir', 'freuen', 'uns', 'schon', 'total', 'auf', 'unsere', 'Jahresabschluss-Demo.', 'Alle', 'weiteren', 'Infos', 'gibt', 'es', 'heute', 'Abend', '.', '#FrauenbündnisKandel', '❤']","['O', 'O', 'O', 'O', 'O', 'O', 'O', 'O', 'O', 'O', 'O', 'O', 'O', 'I-DATE', 'I-DATE', 'O', 'O', 'O']"
214,Demotermine125028861085102021-03-31 19:24:53,"['Roßleben', 'Rathausplatz', '@ThueringenInfoChat', '01042021', 'Raus', 'auf', 'die', 'Straße', '@Demotermine!']","['B-LOC', 'B-LOC', 'O', 'B-DATE', 'O', 'O', 'O', 'O', 'O']"
215,Demotermine1250288610152162021-08-28 11:54:54,"['Bernauer', 'Str', 'Richtung', 'Süden', 'ist', 'der', 'Zug', 'derzeit', 'groß', 'Raus', 'auf', 'die', 'Straßen', '@Demotermine']","['B-LOC', 'I-LOC', 'I-LOC', 'I-LOC', 'O', 'O', 'O', 'O', 'O', 'O', 'O', 'O', 'O', 'O']"
216,Demotermine12502886103052,"['-', 'TEILEN', '!', 'DANKE', '👍', '𝐅𝐫𝐢𝐞𝐝𝐞𝐧𝐬𝐤𝐞𝐭𝐭𝐞', '𝐁𝐨𝐝𝐞𝐧𝐬𝐞𝐞+', '𝐄𝐫𝐧𝐭𝐞-𝐃𝐚𝐧𝐤-𝐃𝐞𝐦𝐨:', '𝐙𝐞𝐢𝐜𝐡𝐞𝐧', '𝐟𝐮̈𝐫', '𝐅𝐫𝐢𝐞𝐝𝐞𝐧', ',', '𝐄𝐢𝐧𝐡𝐞𝐢𝐭', '𝐮𝐧𝐝', '𝐖𝐚𝐡𝐫𝐡𝐞𝐢𝐭', 'Tausende', 'Menschen', 'bildeten', 'am', 'Wochenende', 'eine', 'Atmosphäre', 'des', 'Aufatmens', 'getragen', 'von', 'Frieden', 'Harmonie', 'und', 'Einheit', '.', 'Sie', 'erzeugten', 'somit', 'einen', 'deutlichen', 'Gegenpol', 'zur', 'Spaltung', 'im', 'Zuge', 'der', 'Corona-Panik', 'durch', 'Politik', 'Medien', 'den', 'krassen', 'Folgen', 'verordneten', 'Maßnahmen', 'die', 'anerkannte', 'Wissenschaftler', 'als', 'völlig', 'unangebracht', 'bezeichnen', 'Was', 'ist', 'wenn', 'sich', 'Friede', 'Aufatmen', 'tatsächlich', 'Gradmesser', 'für', 'Wahrheit', 'erweisen', '?', '🔗', 'https://www.kla.tv/17315', 'https://www.facebook.com/klagemauerTV/posts/3242651289116835']","['O', 'O', 'O', 'O', 'O', 'B-ACTION', 'O', 'O', 'O', 'O', 'O', 'O', 'O', 'O', 'O', 'O', 'O', 'O', 'O', 'B-DATE', 'O', 'O', 'O', 'O', 'O', 'O', 'O', 'O', 'O', 'O', 'O', 'O', 'O', 'O', 'O', 'O', 'O', 'O', 'O', 'O', 'O', 'O', 'O', 'O', 'O', 'O', 'O', 'O', 'O', 'O', 'O', 'O', 'O', 'O', 'O', 'O', 'O', 'O', 'O', 'O', 'O', 'O', 'O', 'O', 'O', 'O', 'O', 'O', 'O', 'O', 'O', 'O', 'O']"
217,Demotermine1250288610124432021-07-14 04:29:08,"['‼️FÜR', 'UNSERE', 'KINDER‼️', 'Erfurt', '@ThueringenInfoChat', '14072021', 'Raus', 'auf', 'die', 'Straße', '@Demotermine!']","['O', 'O', 'O', 'B-LOC', 'O', 'B-DATE', 'O', 'O', 'O', 'O', 'O']"
218,Demotermine1250288610251572021-11-05 14:18:46,"['Vor', 'heutigem', 'Spaziergang', ':', 'Polizeibesuch', 'bei', 'der', 'Gemeindeversammlung', 'Zwönitz', '!', 'Die', 'Nerven', 'Kretschmers', 'Apparat', 'liegen', 'offenbar', 'blank', 'Im', 'Vorfeld', 'des', 'für', 'heute', 'angekündigten', '""', 'großen', 'Abendspaziergangs', 'durch', 'haben', 'Vertreter', 'Besuch', 'von', 'Mitarbeitern', 'Staatsschutz-Dezernates', 'Chemnitzer', 'Polizei', 'erhalten', '.', 'Wie', 'die', '@gvzwoenitz', 'mitteilt', ',', 'dient', 'diese', 'Art', 'zur', 'Einschüchterung', 'Zwönitzer', 'Bürger', 'stellt', 'klar', 'dass', 'es', 'sich', 'den', 'Spaziergängen', 'in', 'nicht', 'um', 'Versammlungen', 'im', 'Sinne', 'Versammlungsgesetzes', 'handelt', 'sondern', 'nur', 'ihrem', 'Recht', 'Beine', 'zu', 'vertreten', 'Gebrauch', 'machen', 'Und', 'das', 'ist', 'verboten', 'Dass', 'mit', 'Erfolg', 'hat', 'darf', 'bezweifelt', 'werden', 'Gezielte', 'Hausbesuche', 'sind', 'aber', 'eine', 'neue', 'Form', 'erzgebirgischen', 'Bürgerprotestes', 'Gut', 'möglich', 'viele', 'Menschen', 'getreu', 'dem', 'Motto', 'Jetzt', 'erst', 'recht', 'Abend', 'auf', 'Weg', 'Solidarität', 'und', 'Mutbürgern', 'zeigen', 'FREIE', 'SACHSEN', 'Folgt', 'uns', 'Telegram', '@freiesachsen', 'Details', 'https://t.me/Demotermine/25150', 'Raus', 'Straßen', '@Demotermine!', '👉', 'Übersicht', '/', 'Overview', '👈']","['O', 'O', 'B-ACTION', 'O', 'O', 'O', 'O', 'B-ORG', 'I-ORG', 'O', 'O', 'O', 'O', 'O', 'O', 'O', 'O', 'O', 'O', 'O', 'O', 'O', 'O', 'O', 'B-ACTION', 'I-ACTION', 'O', 'O', 'O', 'O', 'O', 'O', 'O', 'O', 'O', 'O', 'O', 'O', 'O', 'O', 'O', 'O', 'O', 'O', 'O', 'O', 'O', 'O', 'O', 'O', 'O', 'O', 'O', 'O', 'O', 'B-ACTION', 'O', 'O', 'O', 'O', 'O', 'O', 'O', 'O', 'O', 'O', 'O', 'O', 'O', 'O', 'O', 'O', 'O', 'O', 'O', 'O', 'O', 'O', 'O', 'O', 'O', 'O', 'O', 'O', 'O', 'O', 'O', 'O', 'O', 'O', 'O', 'O', 'O', 'O', 'O', 'O', 'O', 'O', 'O', 'O', 'O', 'O', 'O', 'O', 'O', 'O', 'O', 'O', 'O', 'O', 'B-ORG', 'I-ORG', 'O', 'O', 'B-ORG', 'O', 'O', 'O', 'O', 'O', 'O', 'O', 'O', 'O', 'O', 'O']"
219,Demotermine1250288610182352021-09-18 10:11:59,"['Berlin', '18.09.2021', 'um', '12', ':', '01', 'Uhr', 'Situation', 'am', 'Brandenburger', 'Tor', 'Raus', 'auf', 'die', 'Straßen', '@Demotermine']","['B-LOC', 'B-DATE', 'O', 'B-TIME', 'O', 'O', 'I-TIME', 'O', 'O', 'B-LOC', 'I-LOC', 'O', 'O', 'O', 'O', 'O']"
220,Demotermine125028861029982020-09-28 22:45:32,"['Demo-Termine', 'von', 'https://terminkalender.top', 'Zum', 'Redaktionsschluss', 'um', '00:00', 'Uhr', ',', 'wurden', 'für', 'den', 'heutigen', 'Tag', 'folgende', 'Demotermine', 'gemeldet', ':', '🔴', 'Dienstag', '29.', 'September', '2020', '▶', '️', 'Bad', 'Reichenhall', 'Rathausplatz', '(', 'Kundgebung', ')', '🕑', '11:30', 'Den', 'Haag', 'Buitenhof', '12:00', 'Bilder', 'und', 'Videos', 'hochladen', '@WiderstandAktiv', '-', '@Termine_in_Textform', 'Fahren', 'oder', 'Mitfahren', '@Fahrgemeinschaft', 'Übernachten', '?', '@Unterkuenfte', '@Demotermine', '@DemotermineChat', '@Demoliebe']","['O', 'O', 'O', 'O', 'O', 'O', 'B-TIME', 'I-TIME', 'O', 'O', 'O', 'O', 'O', 'O', 'O', 'O', 'O', 'O', 'O', 'B-DATE', 'I-DATE', 'I-DATE', 'I-DATE', 'O', 'O', 'B-LOC', 'I-LOC', 'B-LOC', 'O', 'B-ACTION', 'O', 'O', 'B-TIME', 'B-LOC', 'I-LOC', 'B-LOC', 'B-TIME', 'O', 'O', 'O', 'O', 'O', 'O', 'O', 'O', 'O', 'O', 'O', 'O', 'O', 'O', 'O', 'O', 'O']"
221,Demotermine1250288610133752021-08-01 10:40:25,"['Berlin', 'Motorradkorso', 'Raus', 'auf', 'die', 'Straße', '@Demotermine!']","['B-LOC', 'B-ACTION', 'O', 'O', 'O', 'O', 'O']"
222,Demotermine1250288610215552021-10-15 04:40:36,"['Gute', 'Nacht', 'Deutschland', '.', 'Wohlstand', 'ade', 'Jetzt', 'zählt', 'es', '...', 'auf', 'die', 'Straßen', 'Raus', '@Demotermine!', '👉', 'Übersicht', '/', 'Overview', '👈']","['O', 'O', 'B-LOC', 'O', 'O', 'O', 'O', 'O', 'O', 'O', 'O', 'O', 'O', 'O', 'O', 'O', 'O', 'O', 'O', 'O']"
223,Demotermine1250288610201462021-10-02 17:09:38,"['Prof.', 'Fritz', 'Vahrenholt', ':', '“', 'Unerwünschte', 'Wahrheiten', 'zur', 'Klima-', 'und', 'Energiepolitik', '”', '—', 'Epoch', 'Times', 'Nachrichten', 'https://youtu.be/xk_eibIJ1ZU', '1:07:20', 'Raus', 'auf', 'die', 'Straßen', '@Demotermine!', '👉', 'Übersicht', '/', 'Overview', '👈']","['O', 'B-PER', 'I-PER', 'O', 'O', 'O', 'O', 'O', 'O', 'O', 'O', 'O', 'O', 'B-ORG', 'I-ORG', 'I-ORG', 'O', 'B-TIME', 'O', 'O', 'O', 'O', 'O', 'O', 'O', 'O', 'O', 'O']"
224,Demotermine125028861018512020-07-03 12:13:25,"['ZEIG', 'DEIN', 'GESICHT', 'FÜR', 'DIE', 'GRUNDRECHTE', 'OFFENBURG', '""', 'Platz', 'der', 'VERFASSUNGSFREUNDE', '04.07.20', '15:30', 'Uhr', 'Wir', 'zeigen', 'wieder', 'unser', 'Gesicht', 'für', 'die', 'Grundrechte', '.', '-', 'Aufhebung', 'aller', 'Maßnahmen', 'gemäß', 'aktuellen', 'Corona-Verordnungen!', 'Sofortige', 'Beendigung', 'Besuchsverbote', 'alter', 'und', 'kranker', 'Menschen', '!', 'Sofortiger', 'Stopp', 'jeglicher', 'Panikmache', 'Aufforderung', 'an', 'Medien', 'zu', 'einer', 'Berichterstattung', ',', 'Meinungsvielfalt', 'im', 'Blick', 'auf', 'Corona-Krise', 'widerspiegelt', 'demokratische', 'Debatte', 'fördert', 'fordern', 'einen', 'unabhängigen', 'Corona-Untersuchungsausschuss!', '@BadenWuerttembergInfoChat', '@Demotermine', 'Bilder', 'Videos', 'hochladen', '@WiderstandAktiv', 'Diskussion', '@DemotermineChat', 'Fahren', 'oder', 'Mitfahren', '@Fahrgemeinschaft', 'Übernachten', '?', '@Unterkuenfte']","['O', 'O', 'O', 'O', 'O', 'O', 'O', 'O', 'O', 'O', 'O', 'B-DATE', 'B-TIME', 'I-TIME', 'O', 'O', 'O', 'O', 'O', 'O', 'O', 'O', 'O', 'O', 'O', 'O', 'O', 'O', 'O', 'O', 'O', 'O', 'O', 'O', 'O', 'O', 'O', 'O', 'O', 'O', 'O', 'O', 'O', 'O', 'O', 'O', 'O', 'O', 'O', 'O', 'O', 'O', 'O', 'O', 'O', 'O', 'O', 'O', 'O', 'O', 'O', 'O', 'O', 'O', 'O', 'O', 'O', 'O', 'O', 'O', 'O', 'O', 'O', 'O', 'O', 'O', 'O']"
225,Demotermine1250288610156172021-08-28 18:03:24,"['Karl', 'ohne', 'Behandlung', 'wegen', 'Maskenpflicht', 'aus', 'der', 'Charité', 'raus', '!', 'Raus', 'auf', 'die', 'Straßen', '@Demotermine']","['B-PER', 'O', 'O', 'O', 'O', 'O', 'O', 'B-LOC', 'O', 'O', 'O', 'O', 'O', 'O', 'O']"
226,Demotermine125028861072332021-03-10 12:36:43,"['Erfurt', 'Domplatz', 'Übersichten', 'https://t.me/Demotermine/6818', 'https://t.me/Demotermine/7039', '@Querdenken361', '@ThueringenInfoChat', '13032021', 'Raus', 'auf', 'die', 'Straße', '@Demotermine!']","['B-LOC', 'B-LOC', 'O', 'O', 'O', 'O', 'O', 'B-DATE', 'O', 'O', 'O', 'O', 'O']"
227,Demotermine1250288610204002021-10-04 17:11:22,"['Gebt', 'den', 'Menschen', 'einen', 'seriösen', 'Messenger', '!', 'https://www.finanzen.net/amp/whistleblowerin-facebook-aktie-belastet-ex-mitarbeiterin-stuerzt-facebook-mit-enthuellungen-in-tiefe-krise-10588868', '@WhatsAppZuTelegram', '-', 'Holt', 'eure', 'Kontakte', 'JETZT', 'zu', 'Telegram', 'hier', 'findet', 'ihr', 'unschlagbare', 'Argumente', 'dafür', 'Linkadresse', 'zum', 'Teilen', 'für', 'Interessenten', ',', 'die', 'noch', 'kein', 'haben', '.', 'Einfach', 'anklicken', 'oder', 'kopieren', 'https://t.me/s/WhatsAppZuTelegram']","['O', 'O', 'O', 'O', 'O', 'O', 'O', 'O', 'O', 'O', 'O', 'O', 'O', 'O', 'O', 'O', 'O', 'O', 'O', 'O', 'O', 'O', 'O', 'O', 'O', 'O', 'O', 'O', 'O', 'O', 'O', 'O', 'O', 'O', 'O', 'O', 'O', 'O']"
228,Demotermine125028861083532021-03-29 08:36:20,"['Sinsheim', ',', '28.3.2021', '@rufdertrommeln', '@Corona_Reset', 'Raus', 'auf', 'die', 'Straße', '@Demotermine!']","['B-LOC', 'O', 'B-DATE', 'O', 'O', 'O', 'O', 'O', 'O', 'O']"
229,Demotermine1250288610180722021-09-16 00:29:22,"['https://t.me/joinchat/gXtqyV1A788zOGE0', 'London', '03102021', 'Raus', 'auf', 'die', 'Straßen', '@Demotermine']","['O', 'B-LOC', 'B-DATE', 'O', 'O', 'O', 'O', 'O']"
230,Demotermine1250288610171852021-09-05 21:32:06,"['5.9.2021', 'in', 'Amsterdam', '.', 'Raus', 'auf', 'die', 'Straßen', '@Demotermine']","['B-DATE', 'O', 'B-LOC', 'O', 'O', 'O', 'O', 'O', 'O']"
231,Demotermine12502886103938,"['WAHNINN', ',', 'was', 'da', 'in', 'Berlin', 'los', 'ist', '!', 'Danke', 'Elijah', 'Tee', 'für', 'die', 'Bilder', '‼️‼️‼️‼️‼️‼️‼️']","['O', 'O', 'O', 'O', 'O', 'B-LOC', 'O', 'O', 'O', 'O', 'B-PER', 'I-PER', 'O', 'O', 'O', 'O']"
232,Demotermine1250288610116862021-06-17 10:33:09,"['Dominik', 'Stapf', '(', 'rechts', '-', 'Die', 'entfesselte', 'Kamera', ')', 'und', 'Frank', 'Stolzenberger', 'ibasid', 'auf', 'dem', 'Weg', 'nach', 'Karlsruhe', 'zum', 'Bundesverfassungsgericht', '.', 'Dort', 'demonstrieren', 'heute', 'um', '15', 'Uhr', 'zweiten', 'Mal', 'in', 'der', 'Geschichte', 'BRD', 'Juristen', 'Robe', 'für', 'die', 'Wiederherstellung', 'Grundrechte', 'Wir', 'sind', 'ab', 'im', '🔴', 'LIVEstream', 'dabei', ',', 'Facebook', 'Raus', 'Straße', '@Demotermine!']","['B-PER', 'I-PER', 'O', 'O', 'O', 'B-ORG', 'I-ORG', 'I-ORG', 'O', 'O', 'B-PER', 'I-PER', 'B-ORG', 'O', 'O', 'O', 'O', 'B-LOC', 'O', 'B-ORG', 'O', 'O', 'O', 'O', 'O', 'B-TIME', 'I-TIME', 'O', 'O', 'O', 'O', 'O', 'O', 'O', 'O', 'O', 'O', 'O', 'O', 'O', 'O', 'O', 'O', 'O', 'B-ACTION', 'O', 'O', 'B-ORG', 'O', 'O', 'O']"
233,Demotermine1250288610581,"['Hier', 'der', 'Link', 'für', 'unseren', 'morgigen', 'Live-Stream', 'aus', 'Landau', '!', 'https://vk.com/wall357529121_6636']","['O', 'O', 'O', 'O', 'O', 'O', 'B-ACTION', 'O', 'B-LOC', 'O', 'O']"
234,Demotermine125028861085042021-04-04 15:07:36,"['Grundrechte', 'sind', 'nicht', 'verhandelbar', 'Samstag', ',', '10.04.2021', '14', 'Uhr', 'Oldenburg', 'Schloßplatz', 'Aurich', 'Sparkassenarena', 'Jever', 'Alter', 'Markt', 'Alle', 'eingeladen', 'mit', 'uns', 'für', 'unsere', 'einzustehen', '.', 'Kundgebung', '(', 'in', '&', ')', '+', 'Aufzug', 'durch', 'die', 'Stadt', 'Es', 'soll', 'bunt', 'und', 'laut', 'werden', 'Bringt', 'gerne', 'alles', 'was', 'ordentlich', 'Krach', 'macht', 'Wir', 'freuen', 'auf', 'Euch', '!', 'Schaut', 'doch', 'mal', 'vorbei', '📅', '10', 'April', '🕐', '14:00', '-', '16:30', '📍', '26122', '@querdenken494,', '@querdenken441,', '@querdenken446', 'Mehr', 'https://t.me/Demotermine/8625', '@NiedersachsenInfoChat', '10042021', 'Raus', 'Straße', '@Demotermine!']","['O', 'O', 'O', 'O', 'B-DATE', 'I-DATE', 'I-DATE', 'B-TIME', 'I-TIME', 'B-LOC', 'B-LOC', 'B-LOC', 'B-LOC', 'B-LOC', 'B-LOC', 'I-LOC', 'O', 'O', 'O', 'O', 'O', 'O', 'O', 'O', 'B-ACTION', 'O', 'O', 'O', 'O', 'O', 'B-ACTION', 'O', 'O', 'O', 'O', 'O', 'O', 'O', 'O', 'O', 'O', 'O', 'O', 'O', 'O', 'O', 'O', 'O', 'O', 'O', 'O', 'O', 'O', 'O', 'O', 'O', 'O', 'O', 'I-DATE', 'O', 'B-TIME', 'I-TIME', 'I-TIME', 'O', 'B-LOC', 'O', 'O', 'O', 'O', 'O', 'O', 'B-DATE', 'O', 'O', 'O']"
235,Demotermine1250288610195842021-09-27 14:21:38,"['Impressionen', 'von', 'der', 'Demo', 'in', 'Uster', 'am', '25.09.2021', '@BITTELTV', '-', 'EINFACH', 'ANDERS', 'Raus', 'auf', 'die', 'Straßen', '@Demotermine']","['O', 'O', 'O', 'B-ACTION', 'O', 'B-LOC', 'O', 'B-DATE', 'O', 'O', 'O', 'O', 'O', 'O', 'O', 'O', 'O']"
236,Demotermine1250288610161052021-08-29 12:22:00,"['Berlin', ',', '29.08.2021', '-', 'Bella', 'Ciao', '@SandraGabriel269', 'Raus', 'auf', 'die', 'Straßen', '@Demotermine']","['B-LOC', 'O', 'B-DATE', 'O', 'O', 'O', 'O', 'O', 'O', 'O', 'O', 'O']"
237,Demotermine1250288610163532021-08-29 14:48:48,"['Livebild', 'aus', 'Polizeikessel', 'Danziger', 'Strasse', '#b2908', 'Raus', 'auf', 'die', 'Straßen', '@Demotermine']","['O', 'O', 'O', 'B-LOC', 'I-LOC', 'O', 'O', 'O', 'O', 'O', 'O']"
238,Demotermine1250288610220032021-10-18 02:17:18,"['Für', 'alle', 'die', 'sich', 'überlegen', 'ein', 'Funkgerät', 'für', 'Notfälle', 'anzuschaffen', 'hier', 'eine', 'kleine', 'Hilfestellung', 'dazu', ':', 'https://neuewahrheit.at/kleines-funk-ein-mal-eins', '/', 'Immer', 'aktuelle', 'Infos', 'Https://t.me/neuewahrheit', 'Raus', 'auf', 'Straßen', '@Demotermine!', '👉', 'Übersicht', 'Overview', '👈']","['O', 'O', 'O', 'O', 'O', 'O', 'O', 'O', 'O', 'O', 'O', 'O', 'O', 'O', 'O', 'O', 'O', 'O', 'O', 'O', 'O', 'O', 'O', 'O', 'O', 'O', 'O', 'O', 'O', 'O']"
239,Demotermine125028861096932021-04-30 00:20:55,"['Demo-Termine', 'von', 'https://terminkalender.top', 'Demo', 'hier', 'eintragen', ':', 'https://terminkalender.top/add', 'Spendenseite', 'https://terminkalender.top/spende', 'Telegram', 'https://terminkalender.top/telegram', 'oder', '@terminkalender', 'Discord', 'https://terminkalender.top/discord', 'Zum', 'Redaktionsschluss', 'um', '00:02', 'Uhr', ',', 'wurden', 'für', 'den', 'heutigen', 'Tag', 'folgende', 'Demotermine', 'gemeldet', '🔴', 'Freitag', '30.', 'April', '2021', '▶', '️', 'CH', 'Biel-Bienne,', 'Bahnhof', '(', 'Spaziergang', ')', '🕑', '19:00', 'Düdingen', '18:00', 'Sargans', 'DE', 'Bargteheide', 'Am', 'Markt', '/', 'Schulzentrum', 'Mahnwache', '15:30', 'Berlin', 'Hellersdorfer', 'Str.', '159', 'Autokorso', '17:30', 'Gelsenkirchen', 'Vor', 'dem', 'alten', 'Rathaus', 'Versammlung', '18:30', 'Gera', 'Industriestrasse', '17:00', 'Halle', 'Ostseite', 'Kundgebung', '22:00', 'Hannover', 'Schützenplatz', 'Karlsruhe', 'Marktplatz', 'München', 'Salvatorplatz', 'Kultusministerium', '08:30', 'Münchner', 'Freiheit', '15:00', 'Nürnberg', 'Lorenzkirche', '18:15', 'Norden', 'ggü.', 'Teemuseum', 'Sangerhausen', 'Schramberg', 'Parkplatz', 'am', 'Schloss', 'im', 'Tal', 'Menschenkette', '16:45', 'Schwabach', 'Martin-Luther-Platz', 'Raus', 'auf', 'die', 'Straße', '@Demotermine!']","['O', 'O', 'O', 'B-ACTION', 'O', 'O', 'O', 'O', 'O', 'O', 'B-ORG', 'O', 'O', 'O', 'B-ORG', 'O', 'O', 'O', 'O', 'B-TIME', 'I-TIME', 'O', 'O', 'O', 'O', 'B-DATE', 'I-DATE', 'O', 'O', 'O', 'O', 'B-DATE', 'I-DATE', 'I-DATE', 'I-DATE', 'O', 'O', 'B-LOC', 'B-LOC', 'B-LOC', 'O', 'B-ACTION', 'O', 'O', 'B-TIME', 'O', 'B-TIME', 'B-LOC', 'B-LOC', 'B-LOC', 'B-LOC', 'I-LOC', 'O', 'I-LOC', 'B-ACTION', 'B-TIME', 'O', 'B-LOC', 'I-LOC', 'I-LOC', 'B-ACTION', 'B-TIME', 'B-LOC', 'B-LOC', 'I-LOC', 'I-LOC', 'I-LOC', 'B-ACTION', 'B-TIME', 'B-LOC', 'B-LOC', 'B-TIME', 'B-LOC', 'I-LOC', 'B-ACTION', 'B-TIME', 'B-LOC', 'B-LOC', 'B-LOC', 'B-LOC', 'B-LOC', 'B-LOC', 'I-LOC', 'B-TIME', 'B-LOC', 'I-LOC', 'B-TIME', 'B-LOC', 'B-LOC', 'B-TIME', 'B-LOC', 'O', 'I-LOC', 'B-LOC', 'B-LOC', 'B-LOC', 'O', 'I-LOC', 'I-LOC', 'I-LOC', 'B-ACTION', 'B-TIME', 'B-LOC', 'B-LOC', 'O', 'O', 'O', 'O', 'O']"
240,Demotermine1250288610144482021-08-18 03:46:59,"['München', 'https://t.me/kinder_stehen_auf', '@BayernInfoChat', '04092021', 'Raus', 'auf', 'die', 'Straße', '@Demotermine!']","['B-LOC', 'O', 'O', 'B-DATE', 'O', 'O', 'O', 'O', 'O']"
241,Demotermine125028861057652021-01-31 17:20:02,"['Live', 'aus', 'Berlin', 'und', 'Wien', 'https://youtu.be/rUP1gDcWwic', '@LivestreamsFuerDich', '@Demotermine']","['O', 'O', 'B-LOC', 'O', 'B-LOC', 'O', 'O', 'O']"
242,Demotermine1250288610125832021-07-19 08:52:02,"['Wangen', '@SchweizChat', '19072021', '@Veranstaltungen']","['B-LOC', 'O', 'B-DATE', 'O']"
243,Demotermine1250288610156372021-08-28 18:13:40,"['20:13', 'Uhr', ',', 'Tagesschau', ':', 'Lottozahlen', 'ohne', 'Gewähr', 'Raus', 'auf', 'die', 'Straßen', '@Demotermine']","['I-TIME', 'I-TIME', 'O', 'B-ORG', 'O', 'O', 'O', 'O', 'O', 'O', 'O', 'O', 'O']"
244,Demotermine125028861026752020-09-06 11:40:08,"['Konstanz', '03.10.2020', 'Mehr', 'Infos', 'https://t.me/Demotermine/2662']","['B-LOC', 'B-DATE', 'O', 'O', 'O']"
245,Demotermine125028861010811,"['‼️', '😯', 'Staatsanwaltschaft', 'Berlin', 'will', 'meinen', 'Flügel', '(', 'Piano', ')', 'nicht', 'rausgeben', '😮', 'Nun', 'soll', 'es', 'auf', 'einmal', 'um', 'Widerstand', 'gegen', 'Vollstreckungsbeamte', 'gehen', '.', 'Erst', 'hieß', 'Landfriedensbruch', 'Was', 'hat', 'dieses', 'getan', '?', 'Ich', 'überlege', 'eventuell', 'direkt', 'vor', 'dem', 'LKA', ',', 'dort', 'wo', 'mein', 'in', 'Gefangenschaft', 'ist', 'eine', 'Demo', 'zu', 'machen', ':', 'LASST', 'DAS', 'PIANO', 'FREI', '!', 'Wer', 'wäre', 'dabei', 'Folgt', 'meinem', 'Telegram', 'Kanal', 'http://t.me/pianoacrosstheworld', 'Vielen', 'Dank', 'Euch', 'Allen', 'die', 'ihr', 'mich', 'so', 'unterstützt', 'habt', '❤', '️', '🙏', 'Wir', 'weiter', 'Freedom', 'Peace', 'and', 'Love', 'Euer', 'Arne', 'Neue', 'Fälle', '@Prozessbeobachter', '-', 'Diskussion', '@Gerichtsbarkeit', 'Termin', 'mitteilen', '@Terminverteiler_Bot']","['O', 'O', 'B-ORG', 'I-ORG', 'O', 'O', 'O', 'O', 'O', 'O', 'O', 'O', 'O', 'O', 'O', 'O', 'O', 'O', 'O', 'O', 'O', 'O', 'O', 'O', 'O', 'O', 'O', 'O', 'O', 'O', 'O', 'O', 'O', 'O', 'O', 'O', 'O', 'O', 'B-ORG', 'O', 'O', 'O', 'O', 'O', 'O', 'O', 'O', 'B-ACTION', 'O', 'O', 'O', 'O', 'O', 'O', 'O', 'O', 'O', 'O', 'O', 'O', 'O', 'O', 'O', 'O', 'O', 'O', 'O', 'O', 'O', 'O', 'O', 'O', 'O', 'O', 'O', 'O', 'O', 'O', 'O', 'O', 'O', 'O', 'O', 'O', 'B-PER', 'O', 'O', 'O', 'O', 'O', 'O', 'O', 'O', 'O']"
246,Demotermine1250288610133812021-08-01 11:17:01,"['Berlin', 'Reichsstraße', 'gegen', 'Mittag', 'Raus', 'auf', 'die', 'Straße', '@Demotermine!']","['B-LOC', 'B-LOC', 'O', 'B-TIME', 'O', 'O', 'O', 'O', 'O']"
247,Demotermine12502886105157,"['Nun', 'sollte', 'jedem', 'klar', 'sein', 'weshalb', 'der', 'Zwang', 'zur', 'FFP', '2', 'Maske', '(', 'u.a.', 'in', 'Bayern', ')', 'kommt', '.', 'Quelle', 'FB']","['O', 'O', 'O', 'O', 'O', 'O', 'O', 'O', 'O', 'O', 'O', 'O', 'O', 'O', 'O', 'B-LOC', 'O', 'O', 'O', 'O', 'B-ORG']"
248,Demotermine125028861011151,"['Dr.', 'med', '.', 'Jens', 'Bengen', 'Diese', 'Nachricht', 'hat', 'uns', 'gerade', 'erreicht', ',', 'wir', 'trauern', 'mit', 'ihm', 'und', 'gedenken', 'seinem', 'Bruder', 'als', 'einen', 'der', 'ersten', 'Ärzte', 'sich', 'geäußert', 'den', 'Menschen', 'geholfen', 'Wer', 'hatte', 'kein', 'Attest', 'des', 'Arztes', 'dem', 'Schwert', 'Wahrheit', '🙏', 'Ruhe', 'in', 'Frieden', 'lieber', 'Kampf', 'geht', 'weiter', '✊', 'hier', 'die', 'seines', 'Bruders', ':', '""', 'Mein', '(', '-', ')', 'ist', 'im', 'Corona', '--', 'Krieg', 'gegen', 'Menschheit', 'gefallen', '!', 'Er', 'vorgestern', 'das', 'Leben', 'genommen', 'Möge', 'seine', 'Seele', 'finden', 'In', 'unendlicher', 'Trauer', 'Dein', 'Falko', '@JensBengen']","['O', 'O', 'O', 'B-PER', 'I-PER', 'O', 'O', 'O', 'O', 'O', 'O', 'O', 'O', 'O', 'O', 'O', 'O', 'O', 'O', 'O', 'O', 'O', 'O', 'O', 'O', 'O', 'O', 'O', 'O', 'O', 'O', 'O', 'O', 'O', 'O', 'O', 'O', 'O', 'O', 'O', 'O', 'O', 'O', 'O', 'O', 'O', 'O', 'O', 'O', 'O', 'O', 'O', 'O', 'O', 'O', 'O', 'O', 'O', 'O', 'O', 'O', 'O', 'O', 'O', 'O', 'O', 'O', 'O', 'O', 'O', 'O', 'O', 'O', 'O', 'O', 'O', 'O', 'O', 'O', 'O', 'B-PER', 'O']"
249,Demotermine125028861034162020-10-27 19:52:16,"['Düsseldorf', '@NordrheinWestfalenInfoChat', '31102020']","['B-LOC', 'O', 'B-DATE']"
250,Demotermine125028861099622021-05-05 04:43:09,"['Protestzug', 'für', 'Grundrechte', 'und', 'Gesundheit', 'immer', 'Montags', 'um', '18:30', 'am', 'Jakobsplatz', 'Nürnberg', '.', '🥁', '👉', '@GegenDieMaskenPflicht2020', '❤', '️', '🕊', '🇩', '🇪', '@BayernInfoChat', '10052021', '-', '17052021', '24052021', '31052021', 'Raus', 'auf', 'die', 'Straße', '@Demotermine!']","['B-ACTION', 'O', 'O', 'O', 'O', 'O', 'O', 'O', 'B-TIME', 'O', 'B-LOC', 'B-LOC', 'O', 'O', 'O', 'O', 'O', 'O', 'O', 'O', 'O', 'O', 'B-DATE', 'O', 'B-DATE', 'B-DATE', 'B-DATE', 'O', 'O', 'O', 'O', 'O']"
251,Demotermine1250288610220852021-10-18 15:34:07,"['📆', 'MAHNWACHE', '👉', '🏻', 'mehr', 'Infos', 'dazu', '#Termin', '#Murrhardt', 'Raus', 'auf', 'die', 'Straßen', '@Demotermine!', 'Übersicht', '/', 'Overview', '👈']","['O', 'B-ACTION', 'O', 'O', 'O', 'O', 'O', 'O', 'B-LOC', 'O', 'O', 'O', 'O', 'O', 'O', 'O', 'O', 'O']"
252,Demotermine1250288610317732021-12-14 08:19:39,"['Ravensburg', ',', '13.12.2021', 'Link', '#Highlight', 'Video-Link', 'für', 'jeden', 'Internet-Browser', 'wie', 'Chrome', 'Firefox', 'Safari', 'Edge', 'außerhalb', 'Telegram', 'https://t.me/s/Demotermine/31773', '(', 'zum', 'Abspielen', 'ist', 'nicht', 'erforderlich', 'funktioniert', 'YouTube', ')', 'Raus', 'auf', 'die', 'Straßen', '@Demotermine!', '👉', 'Übersicht', '/', 'Overview', '👈']","['B-LOC', 'O', 'B-DATE', 'O', 'O', 'O', 'O', 'O', 'O', 'O', 'B-ORG', 'B-ORG', 'B-ORG', 'B-ORG', 'O', 'B-ORG', 'O', 'O', 'O', 'O', 'O', 'O', 'O', 'O', 'B-ORG', 'O', 'O', 'O', 'O', 'O', 'O', 'O', 'O', 'O', 'O', 'O']"
253,Demotermine1250288610215912021-10-15 09:44:01,"['🔥', 'Räumung', 'des', 'Köpi', ':', 'Da', 'sich', 'wahrscheinlich', 'einige', 'Hausbesetzer', 'an', 'Bäumen', 'festgekettet', 'haben', ',', 'kommen', 'nun', 'Polizeikletterer', 'zum', 'Einsatz', '.', '#b1510', 'Raus', 'auf', 'die', 'Straßen', '@Demotermine!', '👉', 'Übersicht', '/', 'Overview', '👈']","['O', 'O', 'O', 'B-LOC', 'O', 'O', 'O', 'O', 'O', 'O', 'O', 'O', 'O', 'O', 'O', 'O', 'O', 'O', 'O', 'O', 'O', 'O', 'O', 'O', 'O', 'O', 'O', 'O', 'O', 'O', 'O', 'O']"
254,Demotermine1250288610247202021-11-02 19:05:52,"['Marokko', ':', 'Landesweite', 'Proteste', 'gegen', 'den', 'Impfpass', '👉', '🏻', 'Neuer', 'Beitrag', '@RT_Deutsch']","['B-LOC', 'O', 'O', 'B-ACTION', 'O', 'O', 'O', 'O', 'O', 'O', 'O', 'O']"
255,Demotermine1250288610132652021-07-31 13:44:11,"['Demo', 'von', 'Arabern', 'am', '31.7.21', 'vor', 'dem', 'Brandenburger', 'Tor', 'Raus', 'auf', 'die', 'Straße', '@Demotermine!']","['I-ACTION', 'O', 'O', 'O', 'B-DATE', 'O', 'O', 'B-LOC', 'I-LOC', 'O', 'O', 'O', 'O', 'O']"
256,Demotermine125028861085502021-04-02 09:35:11,"['Stuttgart', 'Wilhelmsplatz', '@querdenken231', '@BadenWuerttembergInfoChat', '03042021', 'Raus', 'auf', 'die', 'Straße', '@Demotermine!']","['B-LOC', 'B-LOC', 'O', 'O', 'B-DATE', 'O', 'O', 'O', 'O', 'O']"
257,Demotermine125028861044562020-12-11 01:50:09,"['""', 'Das', 'Bundesverfassungsgericht', 'hat', 'das', 'Merkel-Regime', 'als', 'Diktatur', 'überführt', '.', 'Wie', 'die', 'Richter', 'feststellten', ',', 'gilt', 'Grundrecht', 'auf', 'Demonstrationsfreiheit', 'auch', 'in', 'der', 'Corona-Krise.', 'Die', 'aktuelle', 'Praxis', 'nach', 'Demonstrationen', 'untersagt', 'sind', 'und', 'teils', 'brutal', 'aufgelöst', 'werden', 'verstößt', 'gegen', 'Grundgesetz', 'ist', 'ein', 'klares', 'Anzeichen', 'einer', 'menschenverachtenden', 'einem', 'Eilantrag', 'von', 'Stadt', 'Gießen', 'verhängtes', 'Versammlungsverbot', 'andauernden', 'Maßnahmen', 'zur', 'Eindämmung', 'Corona-Pandemie', 'heute', 'teilweise', 'stattgegeben', 'wiesen', 'höchstinstanzlich', 'an', 'erneut', 'über', 'angemeldete', 'Versammlungen', 'zu', 'entscheiden', 'Es', 'treffe', 'nicht', 'dass', 'geltenden', 'Corona-Verordnungen', 'generellen', 'Verbot', 'mit', 'mehr', 'zwei', 'Menschen', 'aus', 'unterschiedlichen', 'Haushalten', 'führen', 'heißt', 'es', 'Begründung', 'https://unserenatur.net/verfassungsgericht-entlarvt-brd-als-diktatur-demonstrationsrecht-gilt-trotz-corona-pandemie', '/', 'Bilder', 'Videos', 'hochladen', '@WiderstandAktiv', '-', 'Termine', 'Textform', '@Termine_Veranstaltungen', 'Fahren', 'oder', 'Mitfahren', '@Fahrgemeinschaft', 'Übernachten', '?', '@Unterkuenfte', '@Demotermine', '@DemotermineChat', '@Demoliebe']","['O', 'O', 'B-ORG', 'O', 'O', 'B-ORG', 'O', 'O', 'O', 'O', 'O', 'O', 'O', 'O', 'O', 'O', 'O', 'O', 'O', 'O', 'O', 'O', 'O', 'O', 'O', 'O', 'O', 'O', 'O', 'O', 'O', 'O', 'O', 'O', 'O', 'O', 'O', 'O', 'O', 'O', 'O', 'O', 'O', 'O', 'O', 'B-ACTION', 'O', 'B-ORG', 'I-ORG', 'O', 'O', 'O', 'O', 'O', 'O', 'O', 'O', 'O', 'O', 'O', 'O', 'O', 'O', 'O', 'O', 'O', 'O', 'O', 'O', 'O', 'O', 'O', 'O', 'O', 'O', 'O', 'O', 'O', 'O', 'O', 'O', 'O', 'O', 'O', 'O', 'O', 'O', 'O', 'O', 'O', 'O', 'O', 'O', 'O', 'O', 'O', 'O', 'O', 'O', 'O', 'O', 'O', 'O', 'O', 'O', 'O', 'O']"
258,Demotermine1250288610287902021-11-28 21:46:24,"['Etwa', '320', 'Menschen', 'heut', 'beim', 'Anlichteln', 'in', 'Wilsdruff', '.', 'Raus', 'auf', 'die', 'Straßen', '@Demotermine!', '👉', 'Übersicht', '/', 'Overview', '👈']","['O', 'O', 'O', 'B-DATE', 'O', 'B-ACTION', 'O', 'B-LOC', 'O', 'O', 'O', 'O', 'O', 'O', 'O', 'O', 'O', 'O', 'O']"
259,Demotermine1250288610628,"['Wir', 'sehen', 'uns', 'am', '07.12.19', '...', 'um', '13:30', 'Uhr', 'in', 'ES', 'BLEIBT', 'SPANNEND', '.', '😝']","['O', 'O', 'O', 'O', 'B-DATE', 'O', 'O', 'B-TIME', 'I-TIME', 'O', 'O', 'O', 'O', 'O', 'O']"
260,Demotermine1250288610195372021-09-27 11:37:45,"['Autokorso', 'Mülheim', 'an', 'der', 'Ruhr', '#NW', '#Sa0210', 'Raus', 'auf', 'die', 'Straßen', '@Demotermine']","['B-ACTION', 'B-LOC', 'I-LOC', 'I-LOC', 'I-LOC', 'B-LOC', 'B-DATE', 'O', 'O', 'O', 'O', 'O']"
261,Demotermine1250288610145862021-08-22 02:18:56,"['Spaziergang', 'mit', 'denn', 'Trychler', 'in', 'Olten', '21.08.2021', '🇨', '🇭', 'Raus', 'auf', 'die', 'Straßen', '@Demotermine']","['B-ACTION', 'O', 'O', 'B-ORG', 'O', 'B-LOC', 'B-DATE', 'O', 'O', 'O', 'O', 'O', 'O', 'O']"
262,Demotermine12502886109988,"['Anti-Corona-Proteste', 'im', 'deutschsprachigen', 'Raum', '/', 'Stand', ':', '05.05.2021', '-', 'https://terminkalender.top']","['O', 'O', 'O', 'O', 'O', 'O', 'O', 'B-DATE', 'O', 'O']"
263,Demotermine1250288610220,"['Demos', 'der', 'Partei', 'AfD', 'werden', 'in', 'AfD-Gruppe', 'geteilt']","['B-ACTION', 'O', 'O', 'B-ORG', 'O', 'O', 'O', 'O']"
264,Demotermine125028861052912021-01-18 18:48:38,"['Fasbenders', 'Woche', ':', 'Merkels', 'Mem', 'oder', 'der', '150.', 'Geburtstag', '—', 'RT', 'DE', 'https://youtu.be/BKFW3uguIdI', '7:45', '@RT_Deutsch', 'Details', 'https://t.me/Demotermine/5281', '@Demotermine']","['O', 'O', 'O', 'O', 'O', 'O', 'O', 'O', 'O', 'O', 'B-ORG', 'I-ORG', 'O', 'O', 'O', 'O', 'O', 'O']"
265,Demotermine1250288610191432021-09-24 11:22:12,"['Kretschmer', ',', 'Wanderwitz', 'und', 'Co', 'geht', 'der', 'Hintern', 'auf', 'Grundeis', '!', 'Die', 'Sächsische', 'Zeitung', 'muss', 'deshalb', 'jetzt', 'den', 'friedlichen', 'Bürgerprotest', 'diffamieren', '.', 'Aber', 'keine', 'Sorge', ':', 'Reaktionen', 'zeigen', 'dass', 'die', 'berechtigte', 'Wut', 'Bürger', 'bei', 'Adressaten', 'ankommt', 'Und', 'das', 'ist', 'gut', 'so', 'https://www.saechsische.de/politik/bundestagswahl/wie-die-freien-sachsen-den-wahlkampf-stoeren-5531029-plus-amp.html', 'FREIE', 'SACHSEN', 'im', 'Erzgebirgskreis', '@freie_erzgebirger', 'Raus', 'Straßen', '@Demotermine']","['B-PER', 'O', 'B-PER', 'O', 'O', 'O', 'O', 'O', 'O', 'O', 'O', 'O', 'B-ORG', 'B-ORG', 'O', 'O', 'O', 'O', 'O', 'O', 'O', 'O', 'O', 'O', 'O', 'O', 'O', 'O', 'O', 'O', 'O', 'O', 'O', 'O', 'O', 'O', 'O', 'O', 'O', 'O', 'O', 'O', 'B-ORG', 'I-ORG', 'O', 'B-LOC', 'O', 'O', 'O', 'O']"
266,Demotermine125028861075532021-03-13 23:28:28,"['""', 'Wir', 'lassen', 'uns', 'unsere', 'Grundrechte', ',', 'die', 'Freiheiten', 'nicht', 'entwinden', 'wir', 'erringen', 'sie', 'und', 'kämpfen', 'zurück', '(', 'Dr.', 'Heinrich', 'Fiechtner', ')', '@Dr_Heinrich_Fiechtner', 'Raus', 'auf', 'Straße', '@Demotermine!']","['O', 'O', 'O', 'O', 'O', 'O', 'O', 'O', 'O', 'O', 'O', 'O', 'O', 'O', 'O', 'O', 'O', 'O', 'O', 'B-PER', 'I-PER', 'O', 'O', 'O', 'O', 'O', 'O']"
267,Demotermine1250288610661,"['via', 'Land', 'schafft', 'Verbindung', 'https://www.youtube.com/watch?v=MwgK9vq2ROo']","['O', 'O', 'O', 'O', 'O']"
268,Demotermine125028861060472021-02-07 19:04:15,"['Grüße', 'vom', 'Autokorso', 'Heilbronn', 'Raus', 'auf', 'die', 'Straße', '@Demotermine']","['O', 'O', 'B-ACTION', 'B-LOC', 'O', 'O', 'O', 'O', 'O']"
269,Demotermine125028861047262020-12-27 07:26:50,"['‼️Jetzt', 'haben', 'sich', 'auch', 'Eric', 'Clapton', 'und', 'Van', 'Morrison', 'als', 'Corona-Querdenker', 'geoutet', '!', 'Ihr', 'neues', 'Stück', '""', 'Stand', '&', 'Deliver', 'wird', 'von', 'laut.de', 'schon', 'Verschwörungssong', 'diffamiert', '.', 'Nach', 'Xavier', 'Naidoo', ',', 'Nena', 'Michael', 'Wendler', 'den', 'deutschen', 'Metallern', 'Sodom', 'US-Rockern', 'Five', 'Finger', 'Death', 'Punch', 'anderen', 'zwei', 'weitere', 'Stars', 'der', 'Musikszene', 'Farbe', 'bekannt', 'Morgen', 'folgt', 'dazu', 'ein', 'ausführlicher', 'Beitrag', 'auf', 'COMPACT-Online!', '😎', 'https://youtu.be/DirL4RI1448', '@COMPACT_TV', '@Demotermine']","['O', 'O', 'O', 'O', 'B-PER', 'I-PER', 'O', 'B-PER', 'I-PER', 'O', 'O', 'O', 'O', 'O', 'O', 'O', 'O', 'O', 'O', 'O', 'O', 'O', 'O', 'O', 'O', 'O', 'O', 'O', 'B-PER', 'I-PER', 'O', 'B-PER', 'B-PER', 'I-PER', 'O', 'O', 'O', 'O', 'O', 'O', 'O', 'O', 'O', 'O', 'O', 'O', 'O', 'O', 'O', 'O', 'O', 'O', 'O', 'O', 'O', 'O', 'O', 'O', 'O', 'O', 'O', 'O', 'O']"
270,Demotermine125028861081432021-03-25 20:30:28,"['📆', 'Für', 'Solidarität', ',', 'Demokratie', 'und', 'Selbstbestimmung', '👉', '🏻', 'mehr', 'Infos', 'dazu', '#Termin', '#QuerDenken!', '@BadenWuerttembergInfoChat', '28032021', 'Raus', 'auf', 'die', 'Straße', '@Demotermine!']","['O', 'O', 'O', 'O', 'O', 'O', 'O', 'O', 'O', 'O', 'O', 'O', 'O', 'O', 'O', 'B-DATE', 'O', 'O', 'O', 'O', 'O']"
271,Demotermine1250288610113952021-06-08 10:03:31,"['Nürnberg', '-', 'Greiz', 'Frankfurt', 'Bischofferode', '13062021', '27062021', 'Raus', 'auf', 'die', 'Straße', '@Demotermine!']","['B-LOC', 'O', 'B-LOC', 'B-LOC', 'B-LOC', 'B-DATE', 'I-DATE', 'O', 'O', 'O', 'O', 'O']"
272,Demotermine125028861082052021-03-26 08:49:59,"['Linz', 'Hauptplatz', '@OesterreichChat', '26032021', 'Raus', 'auf', 'die', 'Straße', '@Demotermine!']","['B-LOC', 'B-LOC', 'O', 'B-DATE', 'O', 'O', 'O', 'O', 'O']"
273,Demotermine125028861048692021-01-03 11:20:43,"['Es', 'geht', 'um', 'euch', 'und', 'die', 'Zukunft', 'jedes', 'einzelnen', 'Menschen', '!', 'Jetzt', 'muss', 'jeder', 'entschlossen', 'für', 'sich', 'einstehen', 'auch', 'handeln', '.', '🚗', '🚙', '🚂', '🚴', '\u200d', '♂', '️Nutzt', 'Möglichkeit', 'steht', 'eure', 'ein', 'Treffen', 'wir', 'uns', 'in', 'Nürnberg', 'am', 'Sonntag', ',', 'den', '3.1.2020', '17:00', 'Uhr', 'auf', 'dem', 'Hauptmarkt', 'Die', 'Großdemo', 'wurde', 'zwar', 'abgesagt', 'aber', 'alles', 'kann', 'groß', 'werden', 'wenn', 'es', 'geschehen', 'lassen', 'Also', 'investiere', 'wertvolle', 'Zeit', 'Deine', '@BayernInfoChat', '03012021', 'Bilder', 'Videos', 'hochladen', '@WiderstandAktiv', '-', 'Termine', 'Textform', '@Termine_Veranstaltungen', 'Fahren', 'oder', 'Mitfahren', '@Fahrgemeinschaft', 'Übernachten', '?', '@Unterkuenfte', '@Demotermine', '@DemotermineChat', '@Demoliebe']","['O', 'O', 'O', 'O', 'O', 'O', 'O', 'O', 'O', 'O', 'O', 'O', 'O', 'O', 'O', 'O', 'O', 'O', 'O', 'O', 'O', 'O', 'O', 'O', 'O', 'O', 'O', 'O', 'O', 'O', 'O', 'O', 'O', 'O', 'O', 'O', 'B-LOC', 'O', 'B-DATE', 'I-DATE', 'I-DATE', 'I-DATE', 'B-TIME', 'I-TIME', 'O', 'O', 'B-LOC', 'O', 'O', 'O', 'O', 'O', 'O', 'O', 'O', 'O', 'O', 'O', 'O', 'O', 'O', 'O', 'O', 'O', 'O', 'O', 'O', 'I-DATE', 'O', 'O', 'O', 'O', 'O', 'O', 'O', 'O', 'O', 'O', 'O', 'O', 'O', 'O', 'O', 'O', 'O', 'O']"
274,Demotermine1250288610297242021-12-03 16:11:37,"['Gegenrede', 'von', 'Prof.', 'Brönneke', ':', 'Ich', 'mache', 'mir', 'Sorgen', 'um', 'Sie', '—', 'Offene', 'Gesellschaft', 'Kurpfalz', 'https://youtu.be/WtKLH4z5F70', '15:38', 'Raus', 'auf', 'die', 'Straßen', '@Demotermine!', '👉', 'Übersicht', '/', 'Overview', '👈']","['O', 'O', 'O', 'B-PER', 'O', 'O', 'O', 'O', 'O', 'O', 'O', 'O', 'B-ORG', 'I-ORG', 'I-ORG', 'O', 'B-TIME', 'O', 'O', 'O', 'O', 'O', 'O', 'O', 'O', 'O', 'O']"
275,Demotermine1250288610292542021-12-01 18:00:45,"['Flughafen', '—', 'Wissensgeist', 'TV', '-', 'Nicole', 'Hammer', 'https://youtu.be/pD8nc1ULCFc', '9:55', 'Raus', 'auf', 'die', 'Straßen', '@Demotermine!', '👉', 'Übersicht', '/', 'Overview', '👈']","['B-LOC', 'O', 'O', 'O', 'O', 'B-PER', 'I-PER', 'O', 'B-TIME', 'O', 'O', 'O', 'O', 'O', 'O', 'O', 'O', 'O', 'O']"
276,Demotermine12502886105062,"['Nazis', 'im', 'Bundestag', 'Premiere', 'um', '22:00', 'Uhr', 'https://youtu.be/dMwezrefA1w']","['O', 'O', 'B-LOC', 'O', 'O', 'B-TIME', 'I-TIME', 'O']"
277,Demotermine1250288610309172021-12-08 22:42:01,"['Anti-Corona-Demonstration', 'vor', 'Manuela', 'Schwesigs', 'Haus', 'gerade', 'noch', 'gestoppt', '.', 'Die', 'Coronapolitiker', 'schicken', 'täglich', 'die', 'Coronapolizei', 'los', 'auf', 'das', 'ganze', 'deutsche', 'Volk', 'und', 'schon', 'seit', 'zwei', 'Jahren', 'Mehr', 'Informationen', ':', 'Kanal', 'https://t.me/coronasatanismus', 'HINTER', 'CORONA', 'STEHEN', 'SATANISTEN', ',', 'FREIMAURER', 'ROTARIER', 'LIONS', 'CLUBS', 'https://www.msn.com/de-de/nachrichten/politik/so-verhinderte-die-polizei-corona-demo-vor-dem-haus-von-manuela-schwesig/ar-AARB3Vr', 'Raus', 'Straßen', '@Demotermine!', '👉', 'Übersicht', '/', 'Overview', '👈']","['B-ACTION', 'O', 'B-PER', 'O', 'O', 'O', 'O', 'O', 'O', 'O', 'O', 'O', 'O', 'O', 'O', 'O', 'O', 'O', 'O', 'O', 'O', 'O', 'O', 'O', 'O', 'O', 'O', 'O', 'O', 'O', 'O', 'O', 'O', 'O', 'O', 'O', 'O', 'O', 'O', 'O', 'O', 'O', 'O', 'O', 'O', 'O', 'O', 'O', 'O']"
278,Demotermine125028861088302021-04-09 00:35:54,"['Olching', 'Volksfestplatz', '@amperfeen', '@BayernInfoChat', '11042021', 'Raus', 'auf', 'die', 'Straße', '@Demotermine!']","['B-LOC', 'B-LOC', 'O', 'O', 'B-DATE', 'O', 'O', 'O', 'O', 'O']"
279,Demotermine125028861010472020-05-20 09:38:20,"['🔴', 'Mittwoch', ',', '20.', 'Mai', 'DE', '▶', '️', 'Dortmund', 'Friedensplatz', '(', 'Spaziergang', ')', '🕝', '18.00', 'Gießen', 'Berliner', 'Platz', 'Mahnwache', 'Karlsruhe', 'Bundesverfassungsgericht', 'Gebets-Mahnwache/Tagsüber)', '🕛', '10:00', 'Luckenwalde', 'Parkplatz', 'Kaufland', '-', '🕣', '19.00', 'Markdorf', 'vor', 'Kath', '.', 'Kirche', 'Bommelspaziergang', '🕜', 'Mönchengladbach', 'Alter', 'Markt', 'Demo', '18.30', 'München', 'Viktualienmarkt', '/', 'Hlg', 'Geist', 'Neckarsulm', 'TEDI', '17.00', 'Nürnberg', 'Königstor', '🕖', 'Lorenzkirche', 'Meditationen', 'zur', 'Kaiserburg', '19.30', 'Pirna', 'Altstadt', 'Angemeldete', 'Kundgebung', 'durch', 'die', 'Gassen', 'Rendsburg', 'Schloßplatz', 'Kerze', 'aufstellen', 'Rostock', 'Warnemünde', 'Strand', '16.00', 'AT', 'Wien', 'Österreich', 'Heldenplatz', '16.30', '@Demostream', '@Demotermine', 'Bilder', 'und', 'Videos', 'hochladen', '@WiderstandAktiv', 'Diskussion', '@DemotermineChat', 'Fahren', 'oder', 'Mitfahren', '@Fahrgemeinschaft']","['O', 'B-DATE', 'I-DATE', 'I-DATE', 'I-DATE', 'B-LOC', 'O', 'O', 'B-LOC', 'B-LOC', 'O', 'B-ACTION', 'O', 'O', 'B-TIME', 'B-LOC', 'B-LOC', 'I-LOC', 'B-ACTION', 'B-LOC', 'B-LOC', 'O', 'O', 'B-TIME', 'B-LOC', 'B-LOC', 'I-LOC', 'O', 'O', 'B-TIME', 'B-LOC', 'B-LOC', 'I-LOC', 'O', 'I-LOC', 'B-ACTION', 'O', 'B-LOC', 'B-LOC', 'I-LOC', 'B-ACTION', 'B-TIME', 'B-LOC', 'B-LOC', 'O', 'I-LOC', 'I-LOC', 'B-LOC', 'I-LOC', 'B-TIME', 'B-LOC', 'B-LOC', 'O', 'B-LOC', 'B-ACTION', 'O', 'O', 'B-TIME', 'B-LOC', 'B-LOC', 'B-ACTION', 'I-ACTION', 'I-ACTION', 'I-ACTION', 'I-ACTION', 'B-LOC', 'B-LOC', 'O', 'O', 'B-LOC', 'I-LOC', 'B-LOC', 'B-TIME', 'B-LOC', 'B-LOC', 'I-LOC', 'B-LOC', 'B-TIME', 'O', 'O', 'O', 'O', 'O', 'O', 'O', 'O', 'O', 'O', 'O', 'O', 'O']"
280,Demotermine1250288610253822021-11-06 16:21:07,"['Leipzig', ',', '6.11.21', 'https://t.me/bettinagorzolla', 'Raus', 'auf', 'die', 'Straßen', '@Demotermine!']","['B-LOC', 'O', 'B-DATE', 'O', 'O', 'O', 'O', 'O', 'O']"
281,Demotermine1250288610206442021-10-07 09:49:18,"['🔥', 'Wir', 'gehen', 'in', 'die', 'nächste', 'Runde', 'und', 'freuen', 'uns', 'über', 'unzählige', 'Feuer', 'am', '11.11.21', 'viele', 'wache', 'feurige', 'Herzen', '-', 'zu', 'St.', 'Martin', '!', 'Teilt', 'fleissig', 'diesen', 'Aufruf', 'Flyer', '🙏', '🕊', 'Wer', 'ein', 'machen', 'Gäste', 'dabei', 'haben', 'möchte', ',', 'der', 'melde', 'dies', 'doch', 'bitte', 'mit', 'dem', 'genauen', 'Ort', '/', 'Treffpunkt', '(', 'Adresse', 'inkl.', 'Kanton', 'PLZ', ')', 'Uhrzeit', 'unter', ':', '@FireContactBot', '#CH', '#Mo1110', '#Kantone', 'Raus', 'auf', 'Straßen', '@Demotermine!', '👉', 'Übersicht', 'Overview', '👈']","['O', 'O', 'O', 'O', 'O', 'O', 'O', 'O', 'O', 'O', 'O', 'O', 'B-ACTION', 'O', 'B-DATE', 'O', 'O', 'O', 'O', 'O', 'O', 'B-DATE', 'I-DATE', 'O', 'O', 'O', 'O', 'B-ACTION', 'B-ACTION', 'O', 'O', 'O', 'O', 'O', 'O', 'O', 'O', 'O', 'O', 'O', 'O', 'O', 'O', 'O', 'O', 'O', 'O', 'O', 'O', 'O', 'O', 'O', 'O', 'O', 'O', 'O', 'O', 'O', 'O', 'O', 'B-LOC', 'B-DATE', 'O', 'O', 'O', 'O', 'O', 'O', 'O', 'O', 'O']"
282,Demotermine12502886105771,"['Demo-Termine', 'von', 'https://terminkalender.top', 'Demo', 'hier', 'eintragen', ':', 'https://terminkalender.top/add', 'Spendenseite', 'https://terminkalender.top/spende', 'Telegram', 'https://terminkalender.top/telegram', 'oder', '@terminkalender', 'Discord', 'https://terminkalender.top/discord', 'Zum', 'Redaktionsschluss', 'am', '31.01.2021', 'um', '22:10', 'Uhr', ',', 'wurden', 'für', 'den', 'folgenden', 'Tag', 'diese', 'Demotermine', 'gemeldet', '🔴', 'Montag', '01.', 'Januar', '2021', '▶', '️', 'DE', 'Apolda', 'Bahnhofstr', '.', '/', 'Stadtzentrum', '(', 'Spaziergang', ')', '🕑', '18:30', 'Bad', 'Feilnbach', 'Rathaus', 'Kundgebung', '19:00', 'Oldesloe', 'Bahnhofsvorplatz', '17:00', 'Benz', 'Usedom', 'Ehrenmal', 'Fritz', 'Behn', 'Berlin', 'Messe', 'Nord', 'P3', 'Masurenallee', 'Autokorso', 'Bielefeld', 'Mahnwache', '17:30', 'Dresden', 'Kreuzkirche', '18:00', 'Esslingen', 'Marktplatz', 'Gerlingen', 'Kliniken', 'Schillerhöhe', '16:00', 'Grimma', 'Markt', 'Hameln', 'Marktkirche', 'St.', 'Nicolai', '13:15', 'Kaufbeuren', 'Altes', 'Kempten', 'Hildegardplatz', 'Brunnen', 'Kiel', 'Exerzierplatz', 'Versammlung', 'Konstanz', 'Münster', 'Krefeld', 'Hauptbahnhof', 'Laichingen', 'Langen', 'Bahnstr', 'Goethestr', 'Lennep', 'Rader', 'Str.', '4', 'An', 'der', 'Kirmes', 'Schweigemarsch', 'Ludwigslust', 'Schloss', 'Mühlhausen', 'Thüringen', 'Postplatz', 'Neubrandenburg', 'Aufzug', 'Osnabrück', 'Paderborn', 'Rathausplatz', 'Pforzheim', 'Kiehnlestr', '25', 'Potsdam', 'Breite', '1A', 'Filmmuseum', 'Rheinstetten', 'Rappenwörthstr', '49', '20:00', 'Rostock', 'Süd', 'Parkplatz', 'Kröpeliner', 'Tor', 'Doberaner', 'Platz', 'Demonstration', 'Alter', 'Universitätsplatz', 'Stadthagen', 'Stralsund', 'Stuttgart', 'Karlsplatz', 'Todtmoos', 'Wangen', 'Waren', 'Müritz', 'Neuer', 'Würzburg', 'Unterer', 'Weilheim', 'Marienplatz', '14:30', 'Wolfsburg', 'Wolgast', 'Springbrunnen', 'Hufelands', 'Zittau']","['O', 'O', 'O', 'B-ACTION', 'O', 'O', 'O', 'O', 'O', 'O', 'B-ORG', 'O', 'O', 'O', 'B-ORG', 'O', 'O', 'O', 'O', 'B-DATE', 'O', 'O', 'I-TIME', 'O', 'O', 'O', 'O', 'B-DATE', 'I-DATE', 'O', 'O', 'O', 'O', 'B-DATE', 'O', 'I-DATE', 'O', 'O', 'O', 'B-LOC', 'B-LOC', 'B-LOC', 'O', 'O', 'I-LOC', 'O', 'B-ACTION', 'O', 'O', 'B-TIME', 'B-LOC', 'I-LOC', 'B-LOC', 'B-ACTION', 'B-TIME', 'I-LOC', 'B-LOC', 'B-TIME', 'B-LOC', 'I-LOC', 'B-LOC', 'I-LOC', 'I-LOC', 'B-LOC', 'B-LOC', 'I-LOC', 'I-LOC', 'I-LOC', 'B-ACTION', 'B-LOC', 'B-ACTION', 'B-TIME', 'B-LOC', 'B-LOC', 'B-TIME', 'B-LOC', 'B-LOC', 'B-LOC', 'B-LOC', 'I-LOC', 'B-TIME', 'B-LOC', 'O', 'B-LOC', 'B-LOC', 'I-LOC', 'I-LOC', 'B-TIME', 'B-LOC', 'B-LOC', 'B-LOC', 'B-LOC', 'I-LOC', 'B-LOC', 'B-LOC', 'B-ACTION', 'B-LOC', 'B-LOC', 'B-LOC', 'B-LOC', 'B-LOC', 'B-LOC', 'B-LOC', 'I-LOC', 'B-LOC', 'B-LOC', 'I-LOC', 'I-LOC', 'B-LOC', 'O', 'I-LOC', 'B-ACTION', 'B-LOC', 'B-LOC', 'B-LOC', 'I-LOC', 'B-LOC', 'B-LOC', 'B-ACTION', 'B-LOC', 'B-LOC', 'B-LOC', 'B-LOC', 'B-LOC', 'I-LOC', 'B-LOC', 'B-LOC', 'I-LOC', 'B-LOC', 'B-LOC', 'B-LOC', 'I-LOC', 'B-TIME', 'B-LOC', 'I-LOC', 'I-LOC', 'B-LOC', 'I-LOC', 'B-LOC', 'I-LOC', 'B-ACTION', 'B-LOC', 'B-LOC', 'B-LOC', 'B-LOC', 'B-LOC', 'B-LOC', 'B-LOC', 'B-LOC', 'B-LOC', 'I-LOC', 'B-LOC', 'B-LOC', 'B-LOC', 'B-LOC', 'B-LOC', 'B-TIME', 'B-LOC', 'B-LOC', 'B-LOC', 'I-LOC', 'B-LOC']"
283,Demotermine1250288610156362021-08-28 18:13:28,"['20:12', 'Uhr', ',', 'Tagesschau', ':', 'Paralympics', 'in', 'Tokio', 'Raus', 'auf', 'die', 'Straßen', '@Demotermine']","['B-TIME', 'I-TIME', 'O', 'B-ORG', 'O', 'O', 'O', 'B-LOC', 'O', 'O', 'O', 'O', 'O']"
284,Demotermine125028861013267,"['Bühnenaufbauplatz', 'Straße', 'des', '17.', 'Juni', '31.07.2021', '@DirectorOfCoronaReset']","['O', 'B-LOC', 'I-LOC', 'I-LOC', 'I-LOC', 'B-DATE', 'O']"
285,Demotermine1250288610202292021-10-03 15:27:48,"['Live-Standort', '-', 'Umzug', 'Heilbronn']","['O', 'O', 'B-ACTION', 'B-LOC']"
286,Demotermine125028861038922020-11-17 07:23:04,"['@MICHAELWENDLEROFFICIAL', '@WhatsAppZuTelegram', '-', 'Holt', 'eure', 'Kontakte', 'JETZT', 'zu', 'Telegram', 'hier', 'findet', 'ihr', 'unschlagbare', 'Argumente', 'dafür', '!', 'Linkadresse', 'zum', 'teilen', ',', 'für', 'Interessenten', 'die', 'noch', 'kein', 'haben', 'einfach', 'anklicken', 'oder', 'kopieren', '.', 'https://t.me/s/WhatsAppZuTelegram', 'Bilder', 'und', 'Videos', 'hochladen', '@WiderstandAktiv', 'Termine', 'in', 'Textform', '@Termine_Veranstaltungen', 'Fahren', 'Mitfahren', '@Fahrgemeinschaft', 'Übernachten', '?', '@Unterkuenfte', '@Demotermine', '@DemotermineChat', '@Demoliebe']","['O', 'O', 'O', 'O', 'O', 'O', 'O', 'O', 'O', 'O', 'O', 'O', 'O', 'O', 'O', 'O', 'O', 'O', 'O', 'O', 'O', 'O', 'O', 'O', 'O', 'O', 'O', 'O', 'O', 'O', 'O', 'O', 'O', 'O', 'O', 'O', 'O', 'O', 'O', 'O', 'O', 'O', 'O', 'O', 'O', 'O', 'O', 'O', 'O', 'O']"
287,Demotermine125028861033802020-10-26 10:48:17,"['Berlin', 'Jens', 'Spahn', '@BerlinInfoChat', '11112020']","['B-LOC', 'B-PER', 'I-PER', 'O', 'B-DATE']"
288,Demotermine1250288610190902021-09-24 04:25:10,"['Donauwörth', 'https://t.me/Spaziergang_DON', '#BY', '24092021', 'Raus', 'auf', 'die', 'Straßen', '@Demotermine']","['B-LOC', 'O', 'B-LOC', 'B-DATE', 'O', 'O', 'O', 'O', 'O']"
289,Demotermine1250288610172592021-09-06 06:48:17,"['Schweiz', '🇨', '🇭', '""', 'Rund', '500', 'Personen', 'haben', 'am', 'Sonntagnachmittag', 'in', 'Bern', 'gegen', 'die', 'Coronaregeln', 'der', 'Universität', 'demonstriert', '.', 'Im', 'Demonstrationsaufruf', 'ist', 'von', '«', 'Impfapartheid', '»', 'und', 'Einführung', 'einer', 'Zweiklassengesellschaft', 'Rede', 'Gegen', '14.45', 'Uhr', 'setzte', 'sich', 'Demonstrationszug', 'Bewegung', ',', 'um', 'Länggasse', 'Schlachtrufe', 'Obrigkeit', 'für', 'mehr', 'Freiheit', 'zu', 'skandieren', 'Ein', 'kleines', 'Grüppchen', 'linksautonomer', 'Gegendemonstranten', 'hatte', 'mit', 'antifaschistischen', 'Fahne', 'an', 'den', 'Strassenrand', 'gestellt', 'Doch', 'auch', 'im', 'befanden', 'anarchistischen', 'Fahnen', 'entsprechendes', 'Gedankengut', 'beanspruchen', 'wollten', 'Die', 'beiden', 'Gruppen', 'gerieten', 'eine', 'fanatische', 'Diskussion', 'wer', 'nun', 'linksautonome', 'Hoheit', 'geniesst', 'dem', 'System', 'verkauft', 'hat', 'Wäre', 'Polizei', 'nicht', 'dazwischengegangen', 'wären', 'Argumente', 'wohl', 'bald', 'Fäusten', 'dargelegt', 'worden', 'archive.is/GD4Ns', '@SandraGabriel269', 'Raus', 'auf', 'Straßen', '@Demotermine']","['B-LOC', 'O', 'O', 'O', 'O', 'O', 'O', 'O', 'O', 'O', 'O', 'B-LOC', 'O', 'O', 'O', 'O', 'B-LOC', 'O', 'O', 'O', 'O', 'O', 'O', 'O', 'O', 'O', 'O', 'O', 'O', 'O', 'O', 'O', 'B-TIME', 'I-TIME', 'O', 'O', 'B-ACTION', 'O', 'O', 'O', 'B-LOC', 'O', 'O', 'O', 'O', 'O', 'O', 'O', 'O', 'O', 'O', 'O', 'O', 'O', 'O', 'O', 'O', 'O', 'O', 'O', 'O', 'O', 'O', 'O', 'O', 'O', 'O', 'O', 'O', 'O', 'O', 'O', 'O', 'O', 'O', 'O', 'O', 'O', 'O', 'O', 'O', 'O', 'O', 'O', 'O', 'O', 'O', 'O', 'B-ORG', 'O', 'O', 'O', 'O', 'O', 'O', 'O', 'O', 'O', 'O', 'O', 'O', 'O', 'O', 'O']"
290,Demotermine125028861024692020-08-19 03:07:30,"['Hallo', 'liebe', 'Querdenker', 'und', 'alle', ',', 'die', 'es', 'werden', 'wollen', '😊', 'wir', 'laden', 'Euch', 'herzlich', 'zu', 'unserer', 'nächsten', 'Kundgebung', 'ein', '.', 'Thema', ':', 'Frieden', 'Freiheit', 'Menschlichkeit', '!', 'Wann', '23.', 'August', '2020', '15', '-', '17', 'Uhr', 'Wo', 'WIESBADEN', 'Marktplatz', 'Kommt', 'hin', 'macht', 'mit', 'Wir', 'freuen', 'uns', 'auf', '@querdenken611', 'Bilder', 'Videos', 'hochladen', '@WiderstandAktiv', 'Termine', 'in', 'Textform', '👉', '@Hier', 'mitteilen', 'Fahren', 'oder', 'Mitfahren', '@Fahrgemeinschaft', 'Übernachten', '?', '@Unterkuenfte', '@Demotermine']","['O', 'O', 'O', 'O', 'O', 'O', 'O', 'O', 'O', 'O', 'O', 'O', 'O', 'O', 'O', 'O', 'O', 'O', 'B-ACTION', 'O', 'O', 'O', 'O', 'O', 'O', 'O', 'O', 'O', 'B-DATE', 'I-DATE', 'I-DATE', 'B-TIME', 'I-TIME', 'I-TIME', 'I-TIME', 'O', 'B-LOC', 'B-LOC', 'O', 'O', 'O', 'O', 'O', 'O', 'O', 'O', 'O', 'O', 'O', 'O', 'O', 'O', 'O', 'O', 'O', 'O', 'O', 'O', 'O', 'O', 'O', 'O', 'O', 'O', 'O']"
291,Demotermine125028861075602021-03-13 23:54:40,"['➡', '️', 'Protestmarsch', 'am', '20.03.2021', 'Liestal', 'BL', '⬅', '⬇', '13.00', 'Uhr', 'Besammlung', 'Emma', 'Herwegh-Platz', '14.00', 'Abmarsch', 'ca.', '15.00', 'Kundgebung', 'Schulanlage', 'Frenken', 'Bitte', 'reist', 'mit', 'den', 'öffentlichen', 'Verkehrsmittel', 'an', '!', 'Sie', 'sind', 'viele', ',', 'WIR', 'mehr', 'Teilen', 'Mehr', 'https://t.me/Demotermine/7387', '@SchweizChat', '20032021', 'Raus', 'auf', 'die', 'Straße', '@Demotermine!']","['O', 'O', 'B-ACTION', 'O', 'B-DATE', 'B-LOC', 'O', 'O', 'O', 'B-TIME', 'I-TIME', 'B-ACTION', 'B-LOC', 'I-LOC', 'B-TIME', 'B-ACTION', 'O', 'B-TIME', 'B-ACTION', 'B-LOC', 'I-LOC', 'O', 'O', 'O', 'O', 'O', 'O', 'O', 'O', 'O', 'O', 'O', 'O', 'O', 'O', 'O', 'O', 'O', 'O', 'B-DATE', 'O', 'O', 'O', 'O', 'O']"
292,Demotermine1250288610135302021-08-01 16:55:22,"['China', '?', 'Nein', ',', 'Deutschland', 'Raus', 'auf', 'die', 'Straße', '@Demotermine!']","['B-LOC', 'O', 'O', 'O', 'B-LOC', 'O', 'O', 'O', 'O', 'O']"
293,Demotermine1250288610287182021-11-28 10:13:06,"['#Eferding', '#AT', '#Mi0112', 'Raus', 'auf', 'die', 'Straßen', '@Demotermine!']","['B-LOC', 'B-LOC', 'B-DATE', 'O', 'O', 'O', 'O', 'O']"
294,Demotermine125028861034172020-10-27 19:51:21,"['Itzehoe', '@Querdenken482', '@SchleswigHolsteinInfoChat', '01112020']","['B-LOC', 'O', 'O', 'B-DATE']"
295,Demotermine1250288610103642021-05-13 05:38:01,"['In', 'Frankfurt', 'ist', 'die', 'Teilnehmerzahl', 'auf', 'max.', '1000', 'Demonstranten', 'begrenzt', '.', 'Aufzug', 'durch', 'Innenstadt', '!', 'Am', '16.05.2021', 'um', '14:00', 'Uhr', 'Ohne', 'Flaggen', ',', 'ohne', 'Parteien', 'von', 'Mensch', 'zu', 'Für', 'Menschlichkeit', 'und', 'gegen', 'Diskriminierung', 'Wir', 'sehen', 'uns', '–', 'der', 'Strasse', '🤗', '🖖', '👊', '😎', '❤', '️', '@DerSchweigemarsch', 'Übersicht', 'https://t.me/Demotermine/10434', '@HessenInfoChat', '16052021', 'Raus', 'Straße', '@Demotermine!']","['O', 'B-LOC', 'O', 'O', 'O', 'O', 'O', 'O', 'O', 'O', 'O', 'B-ACTION', 'O', 'B-LOC', 'O', 'O', 'B-DATE', 'O', 'B-TIME', 'I-TIME', 'O', 'O', 'O', 'O', 'O', 'O', 'O', 'O', 'O', 'O', 'O', 'O', 'O', 'O', 'O', 'O', 'O', 'O', 'O', 'O', 'O', 'O', 'O', 'O', 'O', 'O', 'O', 'O', 'O', 'B-DATE', 'O', 'O', 'O']"
296,Demotermine125028861091802021-04-15 22:38:24,"['Berlin', 'Details', 'https://t.me/Demotermine/9170', '21042021', '-', '23042021', 'Raus', 'auf', 'die', 'Straße', '@Demotermine!']","['B-LOC', 'O', 'O', 'B-DATE', 'O', 'I-DATE', 'O', 'O', 'O', 'O', 'O']"
297,Demotermine1250288610107892021-05-21 02:08:40,"['Monte', 'Verita', 'oberhalb', 'Ascona', '@SchweizChat', '24052021', 'Raus', 'auf', 'die', 'Straße', '@Demotermine!']","['B-LOC', 'I-LOC', 'O', 'B-LOC', 'O', 'B-DATE', 'O', 'O', 'O', 'O', 'O']"
298,Demotermine1250288610266712021-11-14 21:15:59,"['Der', 'Lockdown', 'für', 'Ungeimpfte', 'ist', 'in', 'Österreich', 'ab', 'Montag', ',', '15.11.21', 'offiziell', 'beschlossen', '.', 'https://youtu.be/UuuzzPkwcNc', '@Corona_Reset']","['O', 'O', 'O', 'O', 'O', 'O', 'B-LOC', 'O', 'B-DATE', 'I-DATE', 'I-DATE', 'O', 'O', 'O', 'O', 'O']"
299,Demotermine1250288610212592021-10-13 20:27:52,"['🇫', '🇷', 'Martinique', 'bleibt', 'stark', 'im', 'Widerstand', 'gegen', 'den', 'Pass', '🍀', '💪', '👉', 'Einführung', 'am', '11.10.2021', 'des', 'Gesundheitspasses', 'auf', 'der', 'Insel', 'Angesichts', 'starken', 'Widerstandes', 'hat', 'die', 'Leitung', 'Krankenhauses', 'Trinité', 'Verzicht', 'angekündigt', '!', '👍', '@FranceResistanceNews', 'Raus', 'Straßen', '@Demotermine!', 'Übersicht', '/', 'Overview', '👈']","['O', 'O', 'B-LOC', 'O', 'O', 'O', 'O', 'O', 'O', 'O', 'O', 'O', 'O', 'O', 'O', 'B-DATE', 'O', 'O', 'O', 'O', 'O', 'O', 'O', 'O', 'O', 'O', 'O', 'B-LOC', 'B-LOC', 'O', 'O', 'O', 'O', 'O', 'O', 'O', 'O', 'O', 'O', 'O', 'O']"
300,Demotermine1250288610205232021-10-06 02:38:00,"['Pöchlarn', 'und', 'Wieselburg', '#AT', '#Fr0810', '#Sa0910', 'Raus', 'auf', 'die', 'Straßen', '@Demotermine!', '👉', 'Übersicht', '/', 'Overview', '👈']","['B-LOC', 'O', 'B-LOC', 'B-LOC', 'B-DATE', 'B-DATE', 'O', 'O', 'O', 'O', 'O', 'O', 'O', 'O', 'O', 'O']"
301,Demotermine1250288610201102021-10-02 12:50:30,"['Die', 'Stuttgarter', 'CoviZEI', 'hat', 'es', 'nun', 'eilig', ',', 'das', 'schwäbische', '""', 'Virusle', 'zu', 'suchen', 'Raus', 'auf', 'die', 'Straßen', '@Demotermine!', '👉', 'Übersicht', '/', 'Overview', '👈']","['O', 'B-ORG', 'I-ORG', 'O', 'O', 'O', 'O', 'O', 'O', 'O', 'O', 'O', 'O', 'O', 'O', 'O', 'O', 'O', 'O', 'O', 'O', 'O', 'O', 'O']"
302,Demotermine12502886105438,"['LIVE', '-', 'Interview', 'mit', 'Fiechtner', 'ca.', '21.30', 'Uhr', 'www.dlive.tv/bitteltv']","['O', 'O', 'O', 'O', 'B-PER', 'O', 'B-TIME', 'I-TIME', 'O']"
303,Demotermine1250288610155542021-08-28 16:40:51,"['Antifa', 'Angriff', 'in', 'Brig', '..', 'Raus', 'auf', 'die', 'Straßen', '@Demotermine']","['B-ORG', 'B-ACTION', 'O', 'B-LOC', 'O', 'O', 'O', 'O', 'O', 'O']"
304,Demotermine1250288610199602021-09-30 14:30:04,"['Interview', 'with', 'Julio', 'Martinez', 'Vietnam', 'Veteran', '—', 'The_Red_Sparrow', 'https://youtu.be/gjSQI3NONzQ', '10:59', 'Raus', 'auf', 'die', 'Straßen', '@Demotermine!', '👉', 'Übersicht', '/', 'Overview', '👈']","['O', 'O', 'B-PER', 'I-PER', 'B-LOC', 'O', 'O', 'O', 'O', 'B-TIME', 'O', 'O', 'O', 'O', 'O', 'O', 'O', 'O', 'O', 'O']"
305,Demotermine1250288610152392021-08-28 12:19:10,"['#b2808', 'Berlin', 'Charite', 'krankenhaus', '@AktivistMann', 'Raus', 'auf', 'die', 'Straßen', '@Demotermine']","['O', 'B-LOC', 'B-LOC', 'I-LOC', 'O', 'O', 'O', 'O', 'O', 'O']"
306,Demotermine1250288610116232021-06-14 13:11:33,"['Kandel', '@Kandelteam2020', '@RheinlandPfalzInfoChat', '26062021', '@Demotermine']","['B-LOC', 'O', 'O', 'B-DATE', 'O']"
307,Demotermine125028861069512021-03-01 01:55:14,"['Das', 'RKI', 'und', 'seine', 'Menschenversuche', 'im', '3.', 'Reich', 'Marcos', 'Rede', ',', '28.02.', 'Ottersweier', '.', '@MarcoKurz', '@RKI_de', '@schneedemo', 'Darum', '@Demotermine!']","['O', 'B-ORG', 'O', 'O', 'O', 'O', 'O', 'O', 'O', 'B-ACTION', 'O', 'O', 'B-LOC', 'O', 'O', 'O', 'O', 'O', 'O']"
308,Demotermine125028861033912020-10-26 10:33:55,"['Rostock', 'Spaziergang', ',', '26.10.2020', '18:00', 'Uhr', '📣', 'Friedliche', 'Demonstrationen', 'für', 'eine', 'freiheitliche', 'Gesellschaft', 'in', '--====-----====-----====-----====--', 'Jeden', 'Montag', 'Neuer', 'Markt', '(', 'Rathausplatz', ')', 'Redebeiträge', 'Gespräche', 'Gemeinsamer', ""'"", '.', 'Homepage', ':', 'www.Querdenken-381.de', 'www.füreinander-miteinander.de', 'Telegram', 't.me/querdenken381', '26102020']","['B-LOC', 'B-ACTION', 'O', 'B-DATE', 'B-TIME', 'I-TIME', 'O', 'B-ACTION', 'I-ACTION', 'O', 'O', 'O', 'O', 'O', 'O', 'O', 'O', 'B-LOC', 'O', 'O', 'B-LOC', 'O', 'B-ACTION', 'B-ACTION', 'B-ACTION', 'I-ACTION', 'O', 'O', 'O', 'O', 'O', 'O', 'O', 'B-DATE']"
309,Demotermine125028861033792020-10-26 10:52:41,"['Stralsund', 'https://t.me/buergerbewegungmvhst', '@MecklenburgVorpommernInfoChat', '26102020']","['B-LOC', 'O', 'O', 'B-DATE']"
310,Demotermine1250288610249812021-11-04 05:08:41,"['Die', '«', 'Back', 'on', 'Tour', '»', 'ist', 'eine', 'Informations-', 'und', 'Konzerttour', 'im', 'Rahmen', 'der', 'nationalen', 'Impfwoche', '.', 'fünf', 'Openair-Konzerte', '(', 'Dabu', ',', 'Danitsa', 'KUNZ', 'Stefanie', 'Heinzmann', 'Stress', 'Anna', 'Rossinelli', 'Baschi', 'Sophie', 'Hunger', ')', 'sind', 'dabei', 'Teil', 'Botschaft', 'Konzerte', 'sollen', 'grundsätzlich', 'allen', 'Personen', 'zugänglich', 'sein', 'Egal', 'ob', 'sie', 'geimpft', 'oder', 'nicht', 'Deshalb', 'gelten', 'für', 'die', 'Openairs', 'aktuell', 'geltenden', 'Regeln', 'Veranstaltungen', 'Freien', 'ohne', 'Zertifikatspflicht', 'weshalb', 'nur', '500', 'teilnehmen', 'können', 'DAS', 'HEISST', 'DIE', 'TELEGRAM', 'COMMUNITY', 'KÖNNTE', 'ALLE', 'TICKETS', 'INNERT', 'WENIGER', 'MINUTEN', 'BUCHEN', 'ODER', '?', '🙈', 'https://impfwoche.ch/back-on-tour', '/', 'Abonniere', 'meine', 'Kanäle', '🗞', '️', 'NEWS', 'Telegram', 'Kanal', ':', 't.me/voiceofjoyce', 'Gruppe', 't.me/thevoiceofjoycegroup', 'Twitter', 'twitter.com/realjoycekueng', 'Facebook', 'facebook.com/joyce.kueng', '📰', 'PRINTMAGAZIN', 't.me/thevoiceofjars', 'Web', 'thevoiceofjars.com', 'Raus', 'auf', 'Straßen', '@Demotermine!', '👉', 'Übersicht', 'Overview', '👈']","['O', 'O', 'O', 'O', 'O', 'O', 'O', 'O', 'O', 'O', 'O', 'O', 'O', 'O', 'O', 'O', 'O', 'O', 'O', 'O', 'B-PER', 'O', 'B-PER', 'B-PER', 'B-PER', 'I-PER', 'B-PER', 'B-PER', 'I-PER', 'B-PER', 'B-PER', 'I-PER', 'O', 'O', 'O', 'O', 'O', 'O', 'O', 'O', 'O', 'O', 'O', 'O', 'O', 'O', 'O', 'O', 'O', 'O', 'O', 'O', 'O', 'O', 'O', 'O', 'O', 'O', 'O', 'O', 'O', 'O', 'O', 'O', 'O', 'O', 'O', 'O', 'O', 'O', 'B-ORG', 'O', 'O', 'O', 'O', 'O', 'O', 'O', 'O', 'O', 'O', 'O', 'O', 'O', 'O', 'O', 'O', 'O', 'O', 'O', 'B-ORG', 'O', 'O', 'O', 'O', 'O', 'B-ORG', 'O', 'B-ORG', 'O', 'O', 'O', 'O', 'O', 'O', 'O', 'O', 'O', 'O', 'O', 'O', 'O', 'O']"
311,Demotermine125028861043702020-12-06 03:21:15,"['Weiden', 'in', 'der', 'Oberpfalz', 'Schlörplatz', '07.12.2020', 'bewegt', 'sich', '...', 'Parkplatz', 'am', 'ZOB', 'Spaziergang', 'durch', 'Bringt', 'eine', 'Kerze', 'mit', '@BayernInfoChat', '07122020', 'Bilder', 'und', 'Videos', 'hochladen', '@WiderstandAktiv', '-', 'Termine', 'Textform', '@Termine_Veranstaltungen', 'Fahren', 'oder', 'Mitfahren', '@Fahrgemeinschaft', 'Übernachten', '?', '@Unterkuenfte', '@Demotermine', '@DemotermineChat', '@Demoliebe']","['B-LOC', 'I-LOC', 'I-LOC', 'I-LOC', 'B-LOC', 'B-DATE', 'O', 'O', 'O', 'B-LOC', 'I-LOC', 'I-LOC', 'B-ACTION', 'O', 'O', 'O', 'O', 'O', 'O', 'B-DATE', 'O', 'O', 'O', 'O', 'O', 'O', 'O', 'O', 'O', 'O', 'O', 'O', 'O', 'O', 'O', 'O', 'O', 'O', 'O']"
312,Demotermine1250288610169852021-09-02 21:54:23,"['Wattwil', '@SchweizChat', '07092021', ',', '14092021', '21092021', '28092021', 'Raus', 'auf', 'die', 'Straßen', '@Demotermine']","['B-LOC', 'O', 'B-DATE', 'O', 'B-DATE', 'B-DATE', 'B-DATE', 'O', 'O', 'O', 'O', 'O']"
313,Demotermine1250288610151192021-08-28 09:56:27,"['Eilmeldung', '-', 'die', 'Menschen', 'durchbrechen', 'Polizei', 'ABSPERRUNGEN', '!', 'Wir', 'sind', 'LIVE', '💙', '🔴', 'Tages', 'Live-Stream', '►', 'Deutschland', '/', 'Schweiz', 'Österreich|', 'Beginn', ':', 'JETZT', 'TEILEN', 'streamen', 'auf', '🛑', 'VeeZee', '.', 'TV', 'https://api.veezee.tv/live/ignazbearth', 'VK', 'https://vk.com/i.bearth', 'YouTube', 'https://youtube.com/channel/UCGR3r5k9VOuL_Gd07zxuHQw', 'Trovo', 'https://trovo.live/IgnazBearth', 'Twitch', 'https://www.twitch.tv/ignazio2021', 'Raus', 'Straßen', '@Demotermine']","['O', 'O', 'O', 'O', 'O', 'O', 'O', 'O', 'O', 'O', 'O', 'O', 'O', 'O', 'B-ACTION', 'O', 'B-LOC', 'O', 'B-LOC', 'O', 'O', 'O', 'B-TIME', 'O', 'O', 'O', 'O', 'B-ORG', 'O', 'O', 'O', 'O', 'O', 'O', 'O', 'O', 'O', 'O', 'O', 'O', 'O', 'O']"
314,Demotermine1250288610110132021-05-24 14:37:33,"['Berlin', 'am', 'Pfingstmontag', '@bjoernbanane', '@pianoacrosstheworld', 'Raus', 'auf', 'die', 'Straße', '@Demotermine!']","['B-LOC', 'O', 'B-DATE', 'O', 'O', 'O', 'O', 'O', 'O', 'O']"
315,Demotermine1250288610177022021-09-11 12:21:24,"['🇫', '🇷', 'Paris', 'Anspannung', 'steigt', '11.9.2021', '@FranceResistanceNews', 'Raus', 'auf', 'die', 'Straßen', '@Demotermine']","['O', 'O', 'B-LOC', 'O', 'O', 'B-DATE', 'O', 'O', 'O', 'O', 'O', 'O']"
316,Demotermine125028861041822020-11-27 08:22:04,"['WENN', 'RECHT', 'ZU', 'UNRECHT', 'WIRD', 'WIDERSTAND', 'ZUR', 'PFLICHT', '➖', 'Maskenfreier', 'Appell', ':', 'Hallo', 'Gesundheitsamt', '-', 'belege', 'die', 'Infektionen', '!', '🌈', '☀', '️', '❤', '🕊', 'Kundgebung', 'am', 'Samstag', ',', 'den', '28.11.2020', 'Beginn', '15.30', 'Uhr', 'i-Dipfele', 'Marktplatz', 'Östl', '.', 'Karl-Friedrich-Str.', '75175', 'Pforzheim', 'Wir', 'wollen', 'unser', 'auffordern', 'nachzuweisen', 'der', 'PCR-Test', 'erweist', 'sich', 'als', 'unzuverlässig', 'Viele', 'Beamte', 'haben', 'heute', 'schon', 'erkannt', 'dass', 'Maßnahmen', 'kritisch', 'zu', 'betrachten', 'sind', 'jedoch', 'keinen', 'Mut', 'ihre', 'Bedenken', 'äußern', 'Art', '1', 'GG', 'Würde', '2', 'freie', 'Entfaltung', 'und', 'Unversehrtheit', '3', 'Diskriminierung', '5', 'Meinungsfreiheit', '8', 'Versammlungsfreiheit', '11', 'Freizügigkeit', '12', 'Berufsfreiheit', '13', 'Unverletzlichkeit', 'Wohnung', 'Friedensboot', 'mit', 'Florian', 'Karl', 'Hilz', 'kommt', 'Hardy', 'von', 'Mutigmachern', 'Die', 'Versammlung', 'ist', 'genehmigt', '@BadenWuerttembergInfoChat', '28112020', 'Bilder', 'Videos', 'hochladen', '@WiderstandAktiv', 'Termine', 'in', 'Textform', '@Termine_Veranstaltungen', 'Fahren', 'oder', 'Mitfahren', '@Fahrgemeinschaft', 'Übernachten', '?', '@Unterkuenfte', '@Demotermine', '@DemotermineChat', '@Demoliebe']","['O', 'O', 'O', 'O', 'O', 'O', 'O', 'O', 'O', 'O', 'O', 'O', 'O', 'B-ORG', 'O', 'O', 'O', 'O', 'O', 'O', 'O', 'O', 'O', 'O', 'B-ACTION', 'O', 'B-DATE', 'I-DATE', 'I-DATE', 'I-DATE', 'O', 'B-TIME', 'I-TIME', 'O', 'B-LOC', 'I-LOC', 'O', 'O', 'B-LOC', 'B-PER', 'O', 'O', 'O', 'O', 'O', 'O', 'O', 'O', 'O', 'O', 'O', 'O', 'O', 'O', 'O', 'O', 'O', 'O', 'O', 'O', 'O', 'O', 'O', 'O', 'O', 'O', 'O', 'O', 'O', 'O', 'O', 'O', 'O', 'O', 'O', 'O', 'O', 'O', 'O', 'O', 'O', 'O', 'O', 'O', 'O', 'O', 'O', 'O', 'O', 'O', 'O', 'B-ACTION', 'O', 'B-PER', 'O', 'I-PER', 'O', 'B-PER', 'O', 'B-ORG', 'O', 'O', 'O', 'O', 'O', 'B-DATE', 'O', 'O', 'O', 'O', 'O', 'O', 'O', 'O', 'O', 'O', 'O', 'O', 'O', 'O', 'O', 'O', 'O', 'O']"
317,Demotermine125028861079852021-04-16 04:11:27,"['Bitterfeld-Wolfen', 'Marktplatz', '@SachsenAnhaltInfoChat', '29032021', '-', '05042921', '12042021', '19042021', '26042021', 'Raus', 'auf', 'die', 'Straße', '@Demotermine!']","['B-LOC', 'B-LOC', 'O', 'B-DATE', 'O', 'B-DATE', 'B-DATE', 'B-DATE', 'B-DATE', 'O', 'O', 'O', 'O', 'O']"
318,Demotermine1250288610161562021-08-29 12:44:56,"['Berlin', ',', '29.08.2021', '-', 'Zig', 'Tausende', 'Menschen', 'demonstrieren', 'für', 'die', 'Freiheit', 'und', 'gegen', 'deutsche', 'Regierung', '@SandraGabriel269', '#StraßedPariserKommune', 'Raus', 'auf', 'Straßen', '@Demotermine']","['B-LOC', 'O', 'B-DATE', 'O', 'O', 'O', 'O', 'O', 'O', 'O', 'O', 'O', 'O', 'O', 'O', 'O', 'B-LOC', 'O', 'O', 'O', 'O']"
319,Demotermine1250288610144882021-08-18 17:16:23,"['Er', 'ist', 'wieder', 'zurück', ',', 'sogar', 'in', 'Leipzig', '.', 'SA', 'Antifa', 'Wehret', 'den', 'Anfängen', '‼️', 'Raus', 'auf', 'die', 'Straße', '@Demotermine!']","['O', 'O', 'O', 'O', 'O', 'O', 'O', 'B-LOC', 'O', 'B-ORG', 'I-ORG', 'O', 'O', 'O', 'O', 'O', 'O', 'O', 'O', 'O']"
320,Demotermine125028861029272020-09-22 13:17:37,"['Für', 'heute', 'Dienstag', ',', '22.', 'September', '2020', 'liegt', 'uns', 'nur', '1', 'Demotermin', 'vor', ':', 'Saarbrücken', 'https://t.me/Demotermine/2916', 'Bilder', 'und', 'Videos', 'hochladen', '@WiderstandAktiv', '-', '@Termine_in_Textform', 'Fahren', 'oder', 'Mitfahren', '@Fahrgemeinschaft', 'Übernachten', '?', '@Unterkuenfte', '@Demotermine', '@DemotermineChat', '@Demoliebe']","['O', 'B-DATE', 'I-DATE', 'I-DATE', 'I-DATE', 'I-DATE', 'I-DATE', 'O', 'O', 'O', 'O', 'O', 'O', 'O', 'B-LOC', 'O', 'O', 'O', 'O', 'O', 'O', 'O', 'O', 'O', 'O', 'O', 'O', 'O', 'O', 'O', 'O', 'O', 'O']"
321,Demotermine1250288610134562021-08-01 14:05:40,"['Gegenwärtige', 'Situation', 'am', 'Brandenburger', 'Tor', 'Videos', 'von', 'Alfredo', 'Raus', 'auf', 'die', 'Straße', '@Demotermine!']","['O', 'O', 'O', 'B-LOC', 'I-LOC', 'O', 'O', 'B-PER', 'O', 'O', 'O', 'O', 'O']"
322,Demotermine1250288610231672021-10-25 05:28:29,"['Freiheit', '@GERADEAUS_DENKEN', '-', 'Bilder', 'und', 'Videos', 'hochladen', '@GERADEAUSDENKEN_mitmachen', 'Mitdenken', '@GERADEAUSDENKEN_Diskussion']","['O', 'O', 'O', 'O', 'O', 'O', 'O', 'O', 'O', 'O']"
323,Demotermine12502886104399,"['Demo-Termine', 'von', 'https://terminkalender.top', 'Deine', 'Demo', 'hier', 'eintragen', ':', 'https://demo.terminkalender.top/add', 'Hier', 'könnt', 'ihr', 'uns', 'Spenden', 'https://terminkalender.top/spende', 'Zum', 'Redaktionsschluss', 'um', '01:15', 'Uhr', ',', 'wurden', 'für', 'den', 'heutigen', 'Tag', 'folgende', 'Demotermine', 'gemeldet', '🔴', 'Montag', '07.', 'Dezember', '2020', '▶', '️', 'DE', 'Apolda', 'Markt', '/', 'Rathaus', '(', 'Spaziergang', ')', '🕑', '18:30', 'Bad', 'Frankenhausen', 'Kindergarten', 'am', 'Museum', '18:45', 'Balingen', 'Marktplatz', 'Versammlung', '19:00', 'Bischofswerda', 'Chemnitz', 'Theaterplatz', '18:00', 'Cottbus', 'Stadthalle', 'Dießen', 'Bahnhofsvorplatz', '17:30', 'Dresden', 'Frauenkirche', 'Eisenach', 'Erbach', 'Schloßplatz', 'Lichterkette', 'Esslingen', 'Filderstadt-Bernhausen,', 'Bernhäuserhauptstr', '.', 'Fussgäzone', 'Kahl', 'Main', 'Mahnwache', 'Kaufbeuren', 'Altes', 'Köln', 'Rudolfplatz', '17:45', 'Kempen', 'Kuhtor', 'Langen', 'Bahnstr', 'Goethestr', 'Mühlhausen', 'Thüringen', 'Postplatz', 'Oranienburg', 'Demonstration', 'Osnabrück', 'Pößneck', 'Potsdam', 'Platz', 'Filmmuseum', 'Kundgebung', 'Rostock', 'Neuer', 'Schöllkrippen', '17:00', 'Schleiz', 'Neumarkt', 'Stadthagen', 'Stralsund', 'Alter', 'Triptis', 'Waiblingen', 'Wangen', 'Weida', 'Zeulenroda']","['O', 'O', 'O', 'O', 'O', 'O', 'O', 'O', 'O', 'O', 'O', 'O', 'O', 'O', 'O', 'O', 'O', 'O', 'B-TIME', 'I-TIME', 'O', 'O', 'O', 'O', 'B-DATE', 'I-DATE', 'O', 'O', 'O', 'O', 'B-DATE', 'I-DATE', 'I-DATE', 'I-DATE', 'O', 'O', 'B-LOC', 'B-LOC', 'B-LOC', 'O', 'I-LOC', 'O', 'B-ACTION', 'O', 'O', 'B-TIME', 'B-LOC', 'I-LOC', 'B-LOC', 'I-LOC', 'I-LOC', 'B-TIME', 'B-LOC', 'B-LOC', 'B-ACTION', 'B-TIME', 'B-LOC', 'B-LOC', 'B-LOC', 'B-TIME', 'B-LOC', 'B-LOC', 'B-LOC', 'B-LOC', 'B-TIME', 'B-LOC', 'B-LOC', 'B-LOC', 'B-LOC', 'B-LOC', 'B-ACTION', 'B-LOC', 'O', 'I-LOC', 'O', 'I-LOC', 'B-LOC', 'I-LOC', 'B-ACTION', 'B-LOC', 'B-LOC', 'B-LOC', 'B-LOC', 'B-TIME', 'B-LOC', 'B-LOC', 'B-LOC', 'B-LOC', 'I-LOC', 'B-LOC', 'I-LOC', 'B-LOC', 'B-LOC', 'B-ACTION', 'B-LOC', 'B-LOC', 'B-LOC', 'B-LOC', 'I-LOC', 'B-ACTION', 'B-LOC', 'B-LOC', 'B-LOC', 'B-TIME', 'B-LOC', 'B-LOC', 'B-LOC', 'B-LOC', 'B-LOC', 'B-LOC', 'B-LOC', 'B-LOC', 'B-LOC', 'B-LOC']"
324,Demotermine125028861079772021-03-22 17:54:56,"['Montagsdemo', 'in', 'Halle', 'am', '22.03.2021', 'https://youtu.be/j-UnV-HIomg', 'Raus', 'auf', 'die', 'Straße', '@Demotermine!']","['B-ACTION', 'O', 'B-LOC', 'O', 'B-DATE', 'O', 'O', 'O', 'O', 'O', 'O']"
325,Demotermine1250288610155802021-08-28 17:11:25,"['Berlin', '28.08.2021', 'um', '19', ':', '10', 'Uhr', 'Ein', 'kleiner', 'Zug', 'lief', 'Richtung', 'Werderscher', 'Markt', 'und', 'wurde', 'dort', 'gerade', 'vor', 'der', 'Spree', 'von', 'Polizei', 'angehalten', '@alexander_ehrlich', 'Raus', 'auf', 'die', 'Straßen', '@Demotermine']","['B-LOC', 'B-DATE', 'O', 'B-TIME', 'I-TIME', 'I-TIME', 'I-TIME', 'O', 'O', 'O', 'O', 'O', 'B-LOC', 'I-LOC', 'O', 'O', 'O', 'O', 'O', 'O', 'B-LOC', 'O', 'B-ORG', 'O', 'O', 'O', 'O', 'O', 'O', 'O']"
326,Demotermine1250288610119882021-06-29 18:05:13,"['01.08.2021', 'in', 'Berlin', ':', 'Was', 'hat', 'Markus', 'Haintz', 'am', '01.08.2020', 'erlebt', '?', '—', 'QUERDENKEN', '794', '-', 'Wir', 'für', 'das', 'Grundgesetz', 'https://youtu.be/jjTeG3b63Lg', '1:18', 'Raus', 'auf', 'die', 'Straße', '@Demotermine!']","['B-DATE', 'O', 'B-LOC', 'O', 'O', 'O', 'B-PER', 'I-PER', 'O', 'B-DATE', 'O', 'O', 'O', 'B-ORG', 'I-ORG', 'O', 'O', 'O', 'O', 'O', 'O', 'B-TIME', 'O', 'O', 'O', 'O', 'O']"
327,Demotermine1250288610153752021-08-28 14:11:29,"['Alt', 'Moabit', ',', 'Berlin', 'Eine', 'Frau', 'wird', 'brutal', 'verhaftet', 'ohne', 'jeglichen', 'Grund', '.', 'Bericht', 'von', 'Zeugen', 'Für', 'mehr', 'Infos', 'folgen', 'auf', '...', '@dauerwelleDemoReport', 'Wenn', 'du', 'meine', 'Arbeit', 'unterstützen', 'möchtest', 'schau', 'dich', 'doch', 'mal', 'um', 'bei', 'www.derdemoshop.de', '@Polizeigewalt', 'hat', 'meistens', 'Strafanzeigen', 'Bußgelder', 'Verletzungen', 'und', 'Vermögensschäden', 'zur', 'Folge', 'Bild-', 'Videobeweise', 'daher', 'sofort', 'einsenden', '@Wir_holenUnsere_FREIHEIT_zurueck']","['B-LOC', 'I-LOC', 'O', 'O', 'O', 'O', 'O', 'O', 'O', 'O', 'O', 'O', 'O', 'O', 'O', 'O', 'O', 'O', 'O', 'O', 'O', 'O', 'O', 'O', 'O', 'O', 'O', 'O', 'O', 'O', 'O', 'O', 'O', 'O', 'O', 'O', 'O', 'O', 'O', 'O', 'O', 'O', 'O', 'O', 'O', 'O', 'O', 'O', 'O', 'O', 'O', 'O']"
328,Demotermine125028861088732021-04-09 12:55:42,"['Übersicht', 'Freitag', ',', '9.4.2021', 'Terminkalender', '🗓', 'https://t.me/Demotermine/8814', 'Mehr', 'Details', '👇', 'Abensberg', '🔊', '🎤', 'https://t.me/Demotermine/8564', 'Arnsberg', '🏃', 'https://t.me/Demotermine/8753', 'Aulendorf', '✨', 'neu', 'https://t.me/Demotermine/8828', 'Bad', 'Friedrichshall', 'https://t.me/Demotermine/8712', 'Bamberg', '🛣', 'https://t.me/Demotermine/8723', 'Berlin', 'https://t.me/Demotermine/8815', 'Biberach', '🔗', 'https://t.me/Demotermine/8685', 'Bielefeld', 'https://t.me/Demotermine/8678', 'Darmstadt', '🔣', 'https://t.me/Demotermine/8758', 'Donauwörth', 'https://t.me/Demotermine/8808', 'Eisenstadt', '🕙', 'https://t.me/Demotermine/8865', 'Esslingen', 'https://t.me/Demotermine/8816', 'Gelnhausen', 'https://t.me/Demotermine/8875', 'Graz', 'https://t.me/Demotermine/8866', 'Heilbronn', '❌', 'https://t.me/Demotermine/8757', 'Karlsruhe', '🎥', 'https://t.me/Demotermine/8802', 'Kassel', '🚲', 'https://t.me/Demotermine/8786', 'Kuchl', 'https://t.me/Demotermine/8871', 'Linz', '🎶', 'https://t.me/Demotermine/8869', 'Ludwigshafen', 'https://t.me/Demotermine/8855', 'München', 'https://t.me/Demotermine/8780', 'Nürnberg', 'https://t.me/Demotermine/8731', 'Rott', 'https://t.me/Demotermine/8862', 'Schorndorf', '🗣', '📀', '🕺', '💃', 'https://t.me/Demotermine/8614', 'Schramberg', 'https://t.me/Demotermine/8657', 'https://t.me/Demotermine/8638', 'Schwabach', 'https://t.me/Demotermine/8785', 'Stuttgart', 'https://t.me/Demotermine/8813', 'Traunreut', 'https://t.me/Demotermine/8652', 'Wernau', 'Wien', 'https://t.me/Demotermine/8872', 'Wittenberg', 'https://t.me/Demotermine/8760', 'Würzburg', 'https://t.me/Demotermine/8797', 'Terminsuche', '🔎', 'und', 'Kommentare', '🖋', 'https://t.me/Demotermine/1153', 'Termin', 'mitteilen', '📧', '@Terminverteiler_Bot', 'Raus', 'auf', 'die', 'Straße', '@Demotermine!']","['O', 'B-DATE', 'I-DATE', 'I-DATE', 'O', 'O', 'O', 'O', 'O', 'O', 'B-LOC', 'O', 'O', 'O', 'B-LOC', 'O', 'O', 'B-LOC', 'O', 'O', 'O', 'B-LOC', 'I-LOC', 'O', 'B-LOC', 'O', 'O', 'B-LOC', 'O', 'B-LOC', 'O', 'O', 'B-LOC', 'O', 'B-LOC', 'O', 'O', 'B-LOC', 'O', 'B-LOC', 'O', 'O', 'B-LOC', 'O', 'B-LOC', 'O', 'B-LOC', 'O', 'B-LOC', 'O', 'O', 'B-LOC', 'O', 'O', 'B-LOC', 'O', 'O', 'B-LOC', 'O', 'B-LOC', 'O', 'O', 'B-LOC', 'O', 'B-LOC', 'O', 'B-LOC', 'O', 'B-LOC', 'O', 'B-LOC', 'O', 'O', 'O', 'O', 'O', 'B-LOC', 'O', 'O', 'B-LOC', 'O', 'B-LOC', 'O', 'B-LOC', 'O', 'B-LOC', 'B-LOC', 'O', 'B-LOC', 'O', 'B-LOC', 'O', 'O', 'O', 'O', 'O', 'O', 'O', 'O', 'O', 'O', 'O', 'O', 'O', 'O', 'O', 'O']"
329,Demotermine1250288610132012021-07-30 16:10:13,"['Erneuter', '""', 'Terrorangriff', 'auf', 'AfD-Politiker:', 'Die', 'Saat', 'der', 'linksradikalen', 'Propaganda', 'geht', 'Während', 'eines', 'Bürgergespräches', 'an', 'einem', 'Informationsstand', 'in', 'Schmalkalden', 'am', 'gestrigen', 'Donnerstag', ',', '29.', 'Juli', '2021', 'wurden', 'AfD-Landtagsabgeordnete', 'René', 'Aust', 'AfD-Bundestagsdirektkandidat', 'Jürgen', 'Treutler', 'und', 'weitere', 'AfD-Mitglieder', 'unvermittelt', 'angegriffen', 'widerwärtige', 'Weise', 'beschimpft', 'sowie', 'mit', 'Flüssigkeiten', 'beworfen', '.', 'Der', 'Abgeordnete', 'rang', 'den', 'Angreifer', 'nieder', 'nahm', 'ihn', 'im', 'Rahmen', 'des', 'Jedermann-Rechts', 'kurzfristig', 'fest', 'um', 'später', '[', '&', 'hellip', ';', ']', 'https://journalistenwatch.com/2021/07/30/erneuter-terrorangriff-afd', '/', 'Raus', 'die', 'Straße', '@Demotermine!']","['O', 'O', 'B-ACTION', 'O', 'O', 'O', 'O', 'O', 'O', 'O', 'O', 'O', 'O', 'O', 'O', 'O', 'B-ACTION', 'O', 'B-LOC', 'O', 'O', 'B-DATE', 'I-DATE', 'I-DATE', 'I-DATE', 'I-DATE', 'O', 'O', 'B-PER', 'I-PER', 'O', 'B-PER', 'I-PER', 'O', 'O', 'O', 'O', 'O', 'O', 'O', 'O', 'O', 'O', 'O', 'O', 'O', 'O', 'O', 'O', 'O', 'O', 'O', 'O', 'O', 'O', 'O', 'O', 'O', 'O', 'O', 'O', 'O', 'O', 'O', 'O', 'O', 'O', 'O', 'O', 'O', 'O', 'O', 'O']"
330,Demotermine125028861071412021-03-05 10:19:17,"['Bauerndemo', 'vor', 'dem', 'Stuttgarter', 'Landtag', '@RSInfoNews', 'Raus', 'auf', 'die', 'Straße', '@Demotermine!']","['B-ACTION', 'O', 'O', 'B-LOC', 'I-LOC', 'O', 'O', 'O', 'O', 'O', 'O']"
331,Demotermine1250288610159822021-08-29 11:17:35,"['Aufzug', 'Ecke', 'Danziger', 'Straße', '-', 'Kniprodestaße', 'Raus', 'auf', 'die', 'Straßen', '@Demotermine']","['B-ACTION', 'B-LOC', 'I-LOC', 'I-LOC', 'I-LOC', 'I-LOC', 'O', 'O', 'O', 'O', 'O']"
332,Demotermine125028861033862020-10-26 10:41:08,"['Rot', 'am', 'See', '@BadenWuerttembergInfoChat', '29102020']","['B-LOC', 'I-LOC', 'I-LOC', 'O', 'B-DATE']"
333,Demotermine1250288610162052021-08-29 13:16:43,"['GERADE', 'AM', 'FRANKFURTER', 'TOR', '!', 'Raus', 'auf', 'die', 'Straßen', '@Demotermine']","['B-TIME', 'O', 'B-LOC', 'I-LOC', 'O', 'O', 'O', 'O', 'O', 'O']"
334,Demotermine1250288610181532021-09-17 18:15:08,"['7-Tage-Inzidenz', 'Bund', '.', '&', 'TS', 'und', 'weitere', '2021-09-17', '—', '4466hp', 'https://youtu.be/KmbAg2jAo7c', '38:24', 'Raus', 'auf', 'die', 'Straßen', '@Demotermine']","['O', 'O', 'O', 'O', 'O', 'O', 'O', 'B-DATE', 'O', 'O', 'O', 'B-TIME', 'O', 'O', 'O', 'O', 'O']"
335,Demotermine1250288610213482021-10-14 01:44:57,"['#Snohomish', '#Washington', '#USA', '#Sat1610', 'Raus', 'auf', 'die', 'Straßen', '@Demotermine!']","['B-LOC', 'B-LOC', 'O', 'B-DATE', 'O', 'O', 'O', 'O', 'O']"
336,Demotermine1250288610313002021-12-11 23:00:21,"['Wir', 'werden', 'auf', 'der', 'nächsten', 'Demo', 'unseren', 'Spaziergang', 'zum', 'Dom', 'machen', 'und', 'am', 'Bahnhofsvorplatz', 'enden', '.', 'Schön', 'mit', 'dem', 'im', 'Rücken', '❤', '️', '#NW', '#Sa2512', '#Köln', 'Raus', 'die', 'Straßen', '@Demotermine!', '👉', 'Übersicht', '/', 'Overview', '👈']","['O', 'O', 'O', 'O', 'O', 'B-ACTION', 'O', 'B-ACTION', 'O', 'B-LOC', 'O', 'O', 'O', 'B-LOC', 'O', 'O', 'O', 'O', 'O', 'O', 'O', 'O', 'O', 'B-LOC', 'B-DATE', 'B-LOC', 'O', 'O', 'O', 'O', 'O', 'O', 'O', 'O', 'O']"
337,Demotermine1250288610194742021-09-27 01:05:59,"['Einmarsch', '25.9.21', 'Uster', ';', 'Unsere', 'Forderungen', 'sind', 'klar', '!', 'Raus', 'auf', 'die', 'Straßen', '@Demotermine']","['B-ACTION', 'B-DATE', 'B-LOC', 'O', 'O', 'O', 'O', 'O', 'O', 'O', 'O', 'O', 'O', 'O']"
338,Demotermine1250288610179322021-09-15 04:52:38,"['Straßburg', '@ElsassInfoChat', '18092021', 'Raus', 'auf', 'die', 'Straßen', '@Demotermine']","['B-LOC', 'O', 'B-DATE', 'O', 'O', 'O', 'O', 'O']"
339,Demotermine125028861057662021-02-01 02:36:12,"['Polizeipräsidium', 'Pforzheim', '/', '-', 'Kundgebung', '...', '👉', '🏻', 'Neuer', 'Beitrag', '@Demotermine']","['B-ORG', 'I-ORG', 'O', 'O', 'B-ACTION', 'O', 'O', 'O', 'O', 'O', 'O']"
340,Demotermine125028861034022020-10-26 09:19:19,"['Berlin', '@BerlinInfoChat', '26102020']","['B-LOC', 'O', 'B-DATE']"
341,Demotermine125028861066092021-02-21 23:07:14,"['Berlin', 'am', 'Strausberger', 'Platz', 'Korso', 'Nord', '@BjoernBanane', 'Musik', '@Demotermine']","['B-LOC', 'O', 'B-LOC', 'I-LOC', 'B-ACTION', 'I-ACTION', 'O', 'O', 'O']"
342,Demotermine125028861045612020-12-16 00:18:41,"['Straßenschilder', 'Darmstadt', '-', 'Appell', 'an', 'die', 'Menschlichkeit', ':', 'wir', 'halten', 'dem', 'Feierabendverkehr', 'Schilder', 'mit', 'lieben', ',', 'ermutigenden', 'oder', 'zum', 'Nachdenken', 'anregenden', 'Worten', 'entgegen', '❤', '️', 'PS', 'da', 'es', 'dunkel', 'wird', 'um', 'diese', 'Uhrzeit', 'bringe', 'ich', 'Lichterketten', 'ihr', 'euer', 'Schild', 'hängen', 'könnt', '💡', '@HessenInfoChat', '18122020', 'Bilder', 'und', 'Videos', 'hochladen', '@WiderstandAktiv', 'Termine', 'in', 'Textform', '@Termine_Veranstaltungen', 'Fahren', 'Mitfahren', '@Fahrgemeinschaft', 'Übernachten', '?', '@Unterkuenfte', '@Demotermine', '@DemotermineChat', '@Demoliebe']","['B-ACTION', 'B-LOC', 'O', 'O', 'O', 'O', 'O', 'O', 'O', 'O', 'O', 'O', 'O', 'O', 'O', 'O', 'O', 'O', 'O', 'O', 'O', 'O', 'O', 'O', 'O', 'O', 'O', 'O', 'O', 'O', 'O', 'O', 'O', 'O', 'O', 'O', 'O', 'O', 'O', 'O', 'O', 'O', 'O', 'B-DATE', 'O', 'O', 'O', 'O', 'O', 'O', 'O', 'O', 'O', 'O', 'O', 'O', 'O', 'O', 'O', 'O', 'O', 'O']"
343,Demotermine1250288610288102021-11-29 00:01:13,"['ZUSAMMENHALTEN', '-', 'Karl', 'Hilz', '*', '1957', '†19.11.2021']","['O', 'O', 'B-PER', 'I-PER', 'O', 'B-DATE', 'O']"
344,Demotermine1250288610317612021-12-14 06:11:32,"['13.12.2021', 'Röbel', 'ca.', '150', 'Menschen', 'Raus', 'auf', 'die', 'Straßen', '@Demotermine!', '👉', 'Übersicht', '/', 'Overview', '👈']","['B-DATE', 'B-LOC', 'O', 'O', 'O', 'O', 'O', 'O', 'O', 'O', 'O', 'O', 'O', 'O', 'O']"
345,Demotermine1250288610145662021-08-21 08:30:03,"['Reichelsheim', '@Demo_Reichelsheim_Info', '@HessenInfoChat', '21082021', 'Raus', 'auf', 'die', 'Straßen', '@Demotermine']","['B-LOC', 'O', 'O', 'B-DATE', 'O', 'O', 'O', 'O', 'O']"
346,Demotermine125028861037642020-11-12 23:10:24,"['Oranienburg', '@BrandenburgInfoChat', '16112020']","['B-LOC', 'O', 'B-DATE']"
347,Demotermine1250288610120292021-06-30 17:07:02,"['Hannover', 'Autokorso', 'Parkplatz', 'ist', 'über', 'den', 'Lodemannweg', 'zu', 'erreichen', '🚗', '🚙', '@NiedersachsenInfoChat', '03072021', 'Raus', 'auf', 'die', 'Straße', '@Demotermine!']","['B-LOC', 'B-ACTION', 'B-LOC', 'O', 'O', 'O', 'B-LOC', 'O', 'O', 'O', 'O', 'O', 'B-DATE', 'O', 'O', 'O', 'O', 'O']"
348,Demotermine125028861089152021-04-11 22:01:57,"['Neustadt', 'an', 'der', 'Waldnaab', 'Schulamt', '@BayernInfoChat', '12042021', 'Raus', 'auf', 'die', 'Straße', '@Demotermine!']","['B-LOC', 'I-LOC', 'I-LOC', 'I-LOC', 'B-LOC', 'O', 'B-DATE', 'O', 'O', 'O', 'O', 'O']"
349,Demotermine1250288610101962021-05-08 04:53:21,"['Hamburg', '-', 'Bergedorf', 'Frascatiplatz', 'Samstag', '08.05.2021', 'Autokorso', 'Abfahrt', '14', 'Uhr', 'Aufstellung', 'der', 'Fahrzeuge', 'ab', '13.15', ',', 'auch', 'für', 'Fahrräder', 'und', 'Publikum', 'an', 'Strecke', 'Motto', ':', 'Wie', 'soll', 'es', 'weiter', 'gehen', '?', '@HamburgInfoChat', '08052021', 'Raus', 'auf', 'die', 'Straße', '@Demotermine!']","['B-LOC', 'I-LOC', 'I-LOC', 'B-LOC', 'B-DATE', 'I-DATE', 'B-ACTION', 'O', 'B-TIME', 'I-TIME', 'O', 'O', 'O', 'O', 'B-TIME', 'O', 'O', 'O', 'O', 'O', 'O', 'O', 'O', 'O', 'O', 'O', 'O', 'O', 'O', 'O', 'O', 'O', 'I-DATE', 'O', 'O', 'O', 'O', 'O']"
350,Demotermine1250288610102162021-05-08 07:33:12,"['Es', 'freut', 'uns', 'verkünden', 'zu', 'dürfen', ',', 'dass', 'die', 'Kapo', 'Aargau', 'auf', 'Fragen', 'des', 'Souveräns', 'geantwortet', 'und', 'Gegenfragen', 'bezüglich', 'heutiger', 'Demonstration', 'gestellt', 'hat', '.', 'Der', 'Brief', 'an', 'Behörden', 'vom', '30.04.21', 'https://t.me/coronarebellenCH/1994', 'Das', 'Video', 'der', 'ist', 'finden', 'unter', ':', 'https://m.facebook.com/KapoAargau/videos/746827976000826', '/', 'Die', 'Antwort', 'darauf', 'https://t.me/c/1255049876/199396', '20Min', '@Doppeldenk1', '(', 'Boqaj', ')', 'Nau', '@v17282', 'Würgler', 'NZZ', '@barjacked', 'Skinner', 'Blick', '@FabianEberhard', 'Noah', 'Sahli', 'Kurt', 'Hans', 'ohne', '@', 'eure', 'Nummern', 'werden', 'wir', 'diskret', 'handhaben', 'Liebe', 'MSM', 'es', 'wäre', 'schön', 'wenn', 'ihr', 'Kritik', 'in', 'diesem', 'Dialog', 'annehmen', 'würdet', 'für', 'morgen', 'den', 'Fokus', 'einmal', 'nicht', 'Polizei', 'legt', 'auch', 'das', 'Framing', 'aussen', 'vor', 'lässt', 'sowie', 'keine', 'unwahren', 'verachtenswerte', 'unsinnige', 'Zusammenhänge', 'mit', 'Intensionen', 'Demonstranten', 'Berichte', 'einfliessen', '@CoronaRebellenCH', '🕊', 'Gemeinsam', 'Freiheit', 'Raus', 'Straße', '@Demotermine!']","['O', 'O', 'O', 'O', 'O', 'O', 'O', 'O', 'O', 'B-ORG', 'I-ORG', 'O', 'O', 'O', 'O', 'O', 'O', 'O', 'O', 'O', 'B-ACTION', 'O', 'O', 'O', 'O', 'O', 'O', 'O', 'O', 'B-DATE', 'O', 'O', 'O', 'O', 'O', 'O', 'O', 'O', 'O', 'O', 'O', 'O', 'O', 'O', 'O', 'O', 'O', 'O', 'O', 'O', 'O', 'O', 'O', 'O', 'O', 'O', 'O', 'B-PER', 'B-PER', 'B-PER', 'B-PER', 'O', 'O', 'O', 'O', 'O', 'O', 'O', 'O', 'O', 'O', 'O', 'O', 'O', 'O', 'O', 'O', 'O', 'O', 'O', 'O', 'O', 'O', 'O', 'O', 'O', 'O', 'O', 'O', 'O', 'O', 'O', 'O', 'O', 'O', 'O', 'O', 'O', 'O', 'O', 'O', 'O', 'O', 'O', 'O', 'O', 'O', 'O', 'O', 'O', 'O', 'O', 'O', 'O']"
351,Demotermine1250288610224222021-10-20 05:09:26,"['DRK-Mitarbeiter', 'stirbt', 'nach', 'Impfung', 'https://t.me/Demotermine/22120', 'Die', 'umfassendsten', 'Infos', '@Impfauswahl.', 'Werde', '@Impfbeobachter', 'jetzt', '!']","['O', 'O', 'O', 'O', 'O', 'O', 'O', 'O', 'O', 'O', 'O', 'O', 'O']"
352,Demotermine125028861062632021-02-13 04:26:23,"['Grundrechtedemo', 'Schorndorf', '@DirectorOfCoronaReset', 'Darum', '@Demotermine']","['B-ACTION', 'B-LOC', 'O', 'O', 'O']"
353,Demotermine125028861034392020-10-28 23:02:23,"['Bremen', '@Querdenken421', '@BremenInfoChat', '31102020']","['B-LOC', 'O', 'O', 'B-DATE']"
354,Demotermine1250288610151952021-08-28 11:31:41,"['Der', 'Zug', 'biegt', 'in', 'die', 'Brunnenstr', 'Richtung', 'Bernauer', 'Str', 'Raus', 'auf', 'Straßen', '@Demotermine']","['O', 'B-ACTION', 'O', 'O', 'O', 'B-LOC', 'I-LOC', 'I-LOC', 'I-LOC', 'O', 'O', 'O', 'O']"
355,Demotermine1250288610303772021-12-06 14:22:39,"['Morgen', 'früh', 'wird', 'im', 'Parlament', 'über', 'die', 'Impfpflicht', 'in', 'Pflege', 'debattiert', 'und', 'am', '9.12', 'gewählt', 'Klammheimlich', 'selbstgerecht', 'werden', 'fast', 'alle', 'JA', 'sagen', 'Man', 'hat', 'sich', 'passende', '„', 'Experten', '“', 'Datenlage', 'gedichtet', 'Wir', 'Nein', 'Zur', 'Willkür', 'Panikmaßnahmen', '*', 'BERLIN', 'Anhalter', 'Bahnhof', ',', 'heute', '06.12', '17h30', 'Komm', 'mit', 'Zollstock', 'gerne', 'auch', 'Kerzen', 'Glühwein', '…', 'Zollstock-Versammlung', '1,5', 'm', 'Abstand', 'Maske', 'wir', 'bieten', 'keine', 'Angriffsfläche', '.', 'Ich', 'bitte', 'um', 'Aufnahmen', 'sollte', 'Polizei', 'erwartungsgemäß', 'antidemokratisch', 'verhalten', 'Infiltrierte', 'Gewalttäter', 'isoliert', '#BLN', '#Mo0612', '#Berlin', 'Raus', 'auf', 'Straßen', '@Demotermine!', '👉', 'Übersicht', '/', 'Overview', '👈']","['B-DATE', 'O', 'O', 'O', 'O', 'O', 'O', 'O', 'O', 'O', 'O', 'O', 'O', 'B-DATE', 'O', 'O', 'O', 'O', 'O', 'O', 'O', 'O', 'O', 'O', 'O', 'O', 'O', 'O', 'O', 'O', 'O', 'O', 'O', 'O', 'O', 'O', 'O', 'B-LOC', 'B-LOC', 'I-LOC', 'O', 'I-DATE', 'I-DATE', 'B-TIME', 'O', 'O', 'O', 'O', 'O', 'O', 'O', 'O', 'B-ACTION', 'O', 'O', 'O', 'O', 'O', 'O', 'O', 'O', 'O', 'O', 'O', 'O', 'O', 'O', 'O', 'O', 'O', 'O', 'O', 'O', 'O', 'B-LOC', 'O', 'B-LOC', 'O', 'O', 'O', 'O', 'O', 'O', 'O', 'O', 'O']"
356,Demotermine1250288610183372021-09-18 12:55:57,"['In', 'Stuttgart', 'dirigiert', 'nun', 'die', 'Polizei', ',', 'wo', 'es', 'langgehen', 'soll', 'Raus', 'auf', 'Straßen', '@Demotermine']","['O', 'B-LOC', 'O', 'O', 'O', 'B-ORG', 'O', 'O', 'O', 'O', 'O', 'O', 'O', 'O', 'O']"
357,Demotermine1250288610168012021-09-01 22:06:34,"['🇫', '🇷', 'Nizza', 'Demo', 'vor', 'der', 'Schulbehörde', '1.9.2021', 'Schulbeginn', 'morgen', '2.9.2021', '!', '🗣', '""', 'Kollaborateur', '@FranceResistanceNews', 'Raus', 'auf', 'die', 'Straßen', '@Demotermine']","['O', 'O', 'B-LOC', 'B-ACTION', 'O', 'O', 'B-LOC', 'B-DATE', 'O', 'B-DATE', 'B-DATE', 'O', 'O', 'O', 'O', 'O', 'O', 'O', 'O', 'O', 'O']"
358,Demotermine1250288610287842021-11-28 20:18:56,"['Gesundheit', 'ausgeschlossen', '.', 'Demokratie', 'nur', 'noch', 'für', 'zugelassene', 'geimpfte', ',', 'genesene', 'Maskenträger', 'auch', 'in', 'der', 'Provinz', 'Der', 'Gewinner', 'kranken', 'Windelfetischisten', 'steht', 'fest', ':', 'Bernd', 'Hornikel', 'gewinnt', 'OB-Wahl', 'Schorndorf', '2021', '-', 'Zeitungsverlag', 'Waiblingen', 'https://www.zvw.de/lokales/schorndorf/bernd-hornikel-gewinnt-ob-wahl-in-schorndorf-2021_arid-428868?type=amp', 'Für', 'die', 'nächsten', '8', 'Jahre', 'im', 'Amt', 'wenn', 'Booster-Abos', 'überlebt', 'werden', '...', 'Mehr', '@KanalTelemedial', 'Die', 'umfassendsten', 'Infos', '@Impfauswahl.', 'Werde', '@Impfbeobachter', 'jetzt', '!']","['O', 'O', 'O', 'O', 'O', 'O', 'O', 'O', 'O', 'O', 'O', 'O', 'O', 'O', 'O', 'O', 'O', 'O', 'O', 'O', 'O', 'O', 'O', 'B-PER', 'B-PER', 'O', 'O', 'B-LOC', 'B-DATE', 'O', 'B-ORG', 'I-ORG', 'O', 'O', 'O', 'O', 'O', 'O', 'O', 'O', 'O', 'O', 'O', 'O', 'O', 'O', 'O', 'O', 'O', 'O', 'O', 'O', 'O', 'O', 'O']"
359,Demotermine1250288610247232021-11-02 19:49:40,"['Freiheitsversammlung', '30.10.21', ':', 'Symbolisches', 'Masken', 'zerschneiden', 'zum', 'Freedom-Day', '—', 'Muenchen', 'https://youtu.be/Fh8SIpJhF4U', '1:26', 'Raus', 'auf', 'die', 'Straßen', '@Demotermine!', '👉', 'Übersicht', '/', 'Overview', '👈']","['B-ACTION', 'B-DATE', 'O', 'O', 'O', 'O', 'O', 'O', 'O', 'O', 'O', 'B-TIME', 'O', 'O', 'O', 'O', 'O', 'O', 'O', 'O', 'O', 'O']"
360,Demotermine1250288610164432021-08-29 16:17:41,"['Positive', 'Vibrations', '...', 'Berlin', '-', '29082021', '‼️GG', '.', 'Art.20', '/', '4‼️', '🔥', 'Ziviler', 'Ungehorsam', 't.me/StuttgartGrundgesetzDemos', '⬆', '️', '🔼', '👉', 'Stuttgart', 'Widerstand', 'Grundrechte', 'Freiheit', 'Grundgesetz', 'Demos', '👈', 'Raus', 'auf', 'die', 'Straßen', '@Demotermine']","['O', 'O', 'O', 'B-LOC', 'O', 'B-DATE', 'O', 'O', 'O', 'O', 'O', 'O', 'B-ACTION', 'I-ACTION', 'O', 'O', 'O', 'O', 'O', 'O', 'O', 'O', 'O', 'O', 'O', 'O', 'O', 'O', 'O', 'O', 'O']"
361,Demotermine1250288610131262021-07-28 21:41:05,"['Bodo', 'Schiffmann', 'Interview', 'mit', 'ARD', '(', 'Koblenz', ',', '28.07.21', ')', 'Raus', 'auf', 'die', 'Straße', '@Demotermine!']","['B-PER', 'I-PER', 'O', 'O', 'B-ORG', 'O', 'B-LOC', 'O', 'B-DATE', 'O', 'O', 'O', 'O', 'O', 'O']"
362,Demotermine125028861088312021-04-09 00:37:16,"['Dienstag', '13.', 'April', ',', 'Miesbach', '@BayernInfoChat', '13042021', 'Raus', 'auf', 'die', 'Straße', '@Demotermine!']","['B-DATE', 'O', 'O', 'O', 'B-LOC', 'O', 'B-DATE', 'O', 'O', 'O', 'O', 'O']"
363,Demotermine1250288610136052021-08-02 11:53:45,"['FRANZÖSISCHE', 'POLIZEI', 'NIMMT', 'IN', 'NIZZA', 'AM', '31.', 'JULI', 'DEN', 'HELM', 'AB', '.', 'Raus', 'auf', 'die', 'Straße', '@Demotermine!']","['B-ORG', 'I-ORG', 'O', 'O', 'B-LOC', 'O', 'O', 'I-DATE', 'O', 'O', 'O', 'O', 'O', 'O', 'O', 'O', 'O']"
364,Demotermine1250288610152122021-08-28 11:48:57,"['Heute', 'Hellersdorf', 'Abfahrt', '14.00', 'Uhr', '🚗', '🚑', 'Raus', 'auf', 'die', 'Straßen', '@Demotermine']","['B-DATE', 'B-LOC', 'O', 'B-TIME', 'I-TIME', 'O', 'O', 'O', 'O', 'O', 'O', 'O']"
365,Demotermine1250288610146682021-08-22 18:22:00,"['Polizei', 'auf', 'dem', 'Rückzug', 'in', 'Frankreich', 'Raus', 'die', 'Straßen', '@Demotermine']","['B-ORG', 'O', 'O', 'O', 'O', 'B-LOC', 'O', 'O', 'O', 'O']"
366,Demotermine125028861090362021-04-14 03:24:28,"['Du', 'suchst', 'oder', 'bietest', 'eine', 'Fahrgemeinschaft', 'für', 'die', 'Demonstrationen', 'am', '17.04.', 'in', 'den', 'Landeshauptstädten', '?', 'Vernetze', 'Dich', 'hier', ':', '@DEUNOD_Fahrgemeinschaften', 'Raus', 'auf', 'Straße', '@Demotermine!']","['O', 'O', 'O', 'O', 'O', 'B-ACTION', 'O', 'O', 'B-ACTION', 'O', 'B-DATE', 'O', 'O', 'O', 'O', 'O', 'O', 'O', 'O', 'O', 'O', 'O', 'O', 'O']"
367,Demotermine1250288610206822021-10-08 00:07:24,"['Niemals', 'den', 'Framing-Medien', 'vertrauen', ',', 'gebt', 'ihnen', 'keine', 'Interviews', 'ausser', 'live', '.', 'Gesteuerte', 'Kopf-Mutanten', 'sind', 'hier', 'einsortiert', 'https://t.me/Volksverraeter/315', 'Im', 'rechten', 'Bild', 'seht', 'ihr', 'Ergüns', 'Kette', 'am', 'fremden', 'Hintern', 'Sie', 'ist', 'so', 'echt', 'wie', 'der', 'Rest', 'Triggert', 'die', 'Medien', 'nicht', 'umgekehrt', 'https://t.me/Demotermine/18156', 'Samstag', ""gibt's"", 'in', 'Stuttgart', 'jede', 'Menge', 'griechische', 'Spezialitäten', 'damit', 'Spaziergänger', 'gestärkt', '👉', 'https://t.me/Demotermine/20660', 'Raus', 'auf', 'Straßen', '@Demotermine!']","['O', 'O', 'O', 'O', 'O', 'O', 'O', 'O', 'O', 'O', 'O', 'O', 'O', 'O', 'O', 'O', 'O', 'O', 'O', 'O', 'O', 'O', 'O', 'O', 'O', 'O', 'O', 'O', 'O', 'O', 'O', 'O', 'O', 'O', 'O', 'O', 'O', 'O', 'O', 'O', 'O', 'O', 'O', 'O', 'B-LOC', 'O', 'O', 'O', 'O', 'O', 'O', 'O', 'O', 'O', 'O', 'O', 'O', 'O']"
368,Demotermine1250288610111632021-05-29 05:28:52,"['Memmelsdorf', '@BayernInfoChat', '29052021', 'Raus', 'auf', 'die', 'Straße', '@Demotermine!']","['B-LOC', 'O', 'B-DATE', 'O', 'O', 'O', 'O', 'O']"
369,Demotermine1250288610185402021-09-18 23:09:19,"['„', 'Bunte', '“', 'Aufzählung', 'von', 'Linkem', 'Strassenterror', '/', 'Während', 'in', 'Stuttgart', 'friedlich', 'spazieren', 'gegangen', 'wurde', 'sind', 'Leipzig', 'mindestens', '3', 'Wasserwerfer', 'im', 'Einsatz', 'gewesen', '.', 'via', 'MSR', 'Aufklärung', 'https://www.youtube.com/watch?v=HmIq6GbhcII', 'https://t.me/AntifaAufklaerung', 'Raus', 'auf', 'die', 'Straßen', '@Demotermine']","['O', 'O', 'O', 'O', 'O', 'O', 'O', 'O', 'O', 'O', 'B-LOC', 'O', 'O', 'O', 'O', 'O', 'B-LOC', 'O', 'O', 'O', 'O', 'O', 'O', 'O', 'O', 'O', 'O', 'O', 'O', 'O', 'O', 'O', 'O', 'O']"
370,Demotermine125028861013902,"['Bad', 'Homburg', '@HessenInfoChat', '08082021', '@Gelbwesten']","['B-LOC', 'I-LOC', 'O', 'B-DATE', 'O']"
371,Demotermine1250288610131332021-07-28 23:24:47,"['👩', '\u200d', '👦', '🇫', '🇷', 'Mütter', 'im', 'Kampf', '❣', 'Diese', 'Mutter', 'warnt', 'Macron', ':', '👉', 'Er', 'hat', 'alle', 'Frankreichs', 'gegen', 'ihn', '!', 'Unsere', 'Kinder', 'sind', 'keine', 'Versuchskaninchen', ',', 'die', 'bereichern', 'sollen', '💪', 'Wir', 'werden', 'zusammen', 'diese', 'Diktatur', 'kämpfen', '📛', 'Das', 'stimmt', '.', 'Ein', 'Autor', '(', '?', ')', 'schrieb', '""', 'Echte', 'Revolutionen', 'starten', 'wenn', 'Angst', 'um', 'ihre', 'haben', 'Bleib', 'up-to-date', 'und', 'aboniere', '@FranceResistanceNews', 'Raus', 'auf', 'Straße', '@Demotermine!']","['O', 'O', 'O', 'O', 'O', 'O', 'O', 'O', 'O', 'O', 'O', 'O', 'B-PER', 'O', 'O', 'O', 'O', 'O', 'O', 'O', 'O', 'O', 'O', 'O', 'O', 'O', 'O', 'O', 'O', 'O', 'O', 'O', 'O', 'O', 'O', 'O', 'O', 'O', 'O', 'O', 'O', 'O', 'O', 'O', 'O', 'O', 'O', 'O', 'O', 'O', 'O', 'O', 'O', 'O', 'O', 'O', 'O', 'O', 'O', 'O', 'O', 'O', 'O', 'O', 'O', 'O']"
372,Demotermine1250288610152052021-08-28 11:42:05,"['KARL', 'LIVE', '15', 'UHR', 'NETTELBECKPLATZ', '🤠', '@KarlHilzDasOriginal', 'Raus', 'auf', 'die', 'Straßen', '@Demotermine']","['B-PER', 'O', 'B-TIME', 'I-TIME', 'B-LOC', 'O', 'O', 'O', 'O', 'O', 'O', 'O']"
373,Demotermine125028861075342021-03-13 11:24:08,"['Heute', 'in', 'Magdeburg', 'und', 'Dresden', '@michaelfritsch', 'Nach', 'https://t.me/Demotermine/6801', 'Trotzdem', 'nach', 'https://t.me/Demotermine/7133', 'Aktuelles', 'Beispiel', 'https://t.me/Polizeigewalt/368', 'Raus', 'auf', 'die', 'Straße', '@Demotermine!']","['O', 'O', 'B-LOC', 'O', 'B-LOC', 'O', 'O', 'O', 'O', 'O', 'O', 'O', 'O', 'O', 'O', 'O', 'O', 'O', 'O']"
374,Demotermine1250288610241992021-10-30 16:55:06,"['LIVE', 'aus', 'Dresden', '30.10.2021', 'Berichterstattung', '(', 'gemäß', 'des', ')', 'Grundgesetzes', 'Art.5', '—', 'SchwarzRotGold', 'TV', 'https://youtu.be/GMYdpu2DZLI', '3:34:20', 'Raus', 'auf', 'die', 'Straßen', '@Demotermine!', '👉', 'Übersicht', '/', 'Overview', '👈']","['O', 'O', 'B-LOC', 'B-DATE', 'O', 'O', 'O', 'O', 'O', 'O', 'O', 'O', 'O', 'O', 'O', 'B-TIME', 'O', 'O', 'O', 'O', 'O', 'O', 'O', 'O', 'O', 'O']"
375,Demotermine1250288610225612021-10-21 04:27:46,"['Rede', 'von', 'Ergün', '.', 'Schilder-Disco-Demo', 'Stuttgart', ',', '20.10.2021', '19:31', 'Uhr', 'Ein', 'Film', '@DirectorOfCoronaReset', 'Raus', 'auf', 'die', 'Straßen', '@Demotermine!', '👉', 'Übersicht', '/', 'Overview', '👈']","['O', 'O', 'B-PER', 'O', 'B-ACTION', 'B-LOC', 'O', 'B-DATE', 'B-TIME', 'I-TIME', 'O', 'O', 'O', 'O', 'O', 'O', 'O', 'O', 'O', 'O', 'O', 'O', 'O']"
376,Demotermine12502886105170,"['Für', 'Facebook', 'Twitter', 'und', 'Co', '...', '@Freiheitsfahrer', '@Friedensfahrten']","['O', 'B-ORG', 'B-ORG', 'O', 'O', 'O', 'O', 'O']"
377,Demotermine12502886103011,"['Vereint', 'brechen', 'wir', 'Ketten', '+', '03.10.2020', '15:00', 'Uhr', 'Alte', 'Oper', 'Frankfurt', 'Treffen', 'zum', 'Tag', 'der', 'Deutschen', 'Einheit', '?', 'Alle', 'Freiheitskämpfer', 'könnten', 'sich', 'am', 'Samstag', 'auf', 'dem', 'Opernplatz', 'einfinden', ',', 'wenn', 'sie', 'denn', 'wollten', '.', 'Sie', 'dort', 'darüber', 'austauschen', 'wie', 'die', 'jeweiligen', 'Ortsgruppen', 'laufen', 'Befreiung', 'Kinder', 'von', 'den', 'Maulkörben', 'funktioniert', 'welche', 'Strategien', 'es', 'im', 'Rahmen', 'des', 'zivilen', 'Ungehorsams', 'gibt', 'Es', 'könnte', 'auch', 'geschehen', 'dass', 'man', 'Zeit', 'nutzt', 'um', 'ein', 'paar', 'Sehenswürdigkeiten', 'unserer', 'Heimatstadt', 'anzuschauen', 'oder', 'gar', 'eine', 'Stadtführung', 'unternimmt', 'Dabei', 'philosophieren', 'Forderungen', 'an', 'Verwaltungen', 'Stadt', 'Landes', 'Hessen', 'und', 'Bundesrepublik', 'Deutschland', 'gestellt', 'werden', 'WAS', 'WIR', 'ALLEINE', 'NICHT', 'SCHAFFEN', 'DAS', 'DANN', 'ZUSAMMEN', '!', '🍀', '@ffmspaziergang', '@wirsindvielmehr', '@querdenken69', '@Widerstand4_0']","['O', 'O', 'O', 'O', 'O', 'B-DATE', 'B-TIME', 'I-TIME', 'B-LOC', 'I-LOC', 'B-LOC', 'B-ACTION', 'O', 'B-DATE', 'I-DATE', 'I-DATE', 'I-DATE', 'O', 'O', 'O', 'O', 'O', 'O', 'O', 'O', 'O', 'B-LOC', 'O', 'O', 'O', 'O', 'O', 'O', 'O', 'O', 'O', 'O', 'O', 'O', 'O', 'O', 'O', 'O', 'O', 'O', 'O', 'O', 'O', 'O', 'O', 'O', 'O', 'O', 'O', 'O', 'O', 'O', 'O', 'O', 'O', 'O', 'O', 'O', 'O', 'O', 'O', 'O', 'O', 'O', 'O', 'O', 'O', 'O', 'O', 'O', 'O', 'B-ACTION', 'O', 'O', 'O', 'I-ACTION', 'O', 'O', 'O', 'B-LOC', 'I-LOC', 'O', 'B-LOC', 'I-LOC', 'O', 'O', 'O', 'O', 'O', 'O', 'O', 'O', 'O', 'O', 'O', 'O', 'O', 'O', 'O', 'O']"
378,Demotermine1250288610178602021-09-14 09:08:36,"['‼️‼️‼️‼️‼️‼️‼️‼️‼️‼️‼️teilen', 'teilen', '‼️‼️‼️‼️‼️‼️‼️‼️‼️‼️Luzern', 'geht', 'jeden', 'Montag', 'Abend', 'konsequent', 'auf', 'die', 'Strasse', '!', 'Schliesst', 'euch', 'an', '‼️‼️‼️‼️‼️‼️‼️‼️‼️‼️', 'Luzern', '@SchweizChat', '20092021', ',', '27092021', 'Raus', 'Straßen', '@Demotermine']","['O', 'O', 'O', 'O', 'O', 'O', 'O', 'O', 'O', 'O', 'O', 'O', 'O', 'O', 'O', 'O', 'B-LOC', 'O', 'B-DATE', 'O', 'B-DATE', 'O', 'O', 'O']"
379,Demotermine1250288610263162021-11-12 17:12:17,"['Denkt', 'dran', ':', 'der', 'Freitag', '19', 'Uhr', 'gehört', 'den', 'freien', 'Menschen', 'zum', 'spazieren', 'gehen', '😉', '.']","['O', 'O', 'O', 'O', 'B-DATE', 'B-TIME', 'I-TIME', 'O', 'O', 'O', 'O', 'O', 'O', 'O', 'O', 'O']"
380,Demotermine1250288610158642021-08-29 09:52:52,"['Berlin', '29.09.2021', 'um', '11', ':', '51', 'Uhr', 'Bestätigte', 'Information', 'Invalidenstraße', '/', 'Ecke', 'Chausseestraße', '(', 'beim', 'Naturkundemuseum', '):', 'ca', '200', 'Menschen', 'gehen', 'nach', 'Süden', '@alexander_ehrlich', 'Raus', 'auf', 'die', 'Straßen', '@Demotermine']","['B-LOC', 'B-DATE', 'O', 'B-TIME', 'I-TIME', 'I-TIME', 'I-TIME', 'O', 'O', 'B-LOC', 'I-LOC', 'I-LOC', 'I-LOC', 'I-LOC', 'I-LOC', 'I-LOC', 'O', 'O', 'O', 'O', 'O', 'O', 'B-LOC', 'O', 'O', 'O', 'O', 'O', 'O']"
381,Demotermine1250288610315642021-12-13 09:55:25,"['12', '2021', ',', 'Illertissen', ':', 'Stiller', 'Aufzug', 'der', '700']","['B-DATE', 'I-DATE', 'O', 'B-LOC', 'O', 'B-ACTION', 'I-ACTION', 'O', 'O']"
382,Demotermine125028861033982020-10-26 09:02:33,"['Basel', '@SchweizChat', '31102020']","['B-LOC', 'O', 'B-DATE']"
383,Demotermine125028861068392021-02-26 01:34:37,"['Die', 'Lage', 'in', 'Myanmar', 'spitzt', 'sich', 'weiter', 'zu', ':', 'In', 'Rangun', 'sind', 'bei', 'Protesten', 'gegen', 'die', 'Militärjunta', 'Steine', 'geflogen', '.', '👉', '🏻', 'Neuer', 'Beitrag', 'Bilder', 'und', 'Videos', 'hochladen', '@WiderstandAktiv', '-', 'Termine', 'Textform', '@Termine_Veranstaltungen', 'Fahren', 'oder', 'Mitfahren', '@Fahrgemeinschaft', 'Übernachten', '?', '@Unterkuenfte', '@Demotermine', '@DemotermineChat', '@Demoliebe']","['O', 'O', 'O', 'B-LOC', 'O', 'O', 'O', 'O', 'O', 'O', 'B-LOC', 'O', 'O', 'O', 'O', 'O', 'O', 'O', 'O', 'O', 'O', 'O', 'O', 'O', 'O', 'O', 'O', 'O', 'O', 'O', 'O', 'O', 'O', 'O', 'O', 'O', 'O', 'O', 'O', 'O', 'O', 'O', 'O']"
384,Demotermine1250288610194792021-09-27 01:16:37,"['Wil', 'SG', '#CH', '#Di2809', 'Raus', 'auf', 'die', 'Straßen', '@Demotermine']","['O', 'O', 'B-LOC', 'B-DATE', 'O', 'O', 'O', 'O', 'O']"
385,Demotermine1250288610148452021-08-25 10:46:07,"['Der', 'Bundesverfassungsschutz', 'lässt', 'sich', 'politisch', 'instrumentalisieren', '""', 'Das', 'Bundesamt', 'für', 'Verfassungsschutz', 'soll', 'das', 'Grundgesetz', 'schützen', '.', 'In', 'der', 'Praxis', 'überschreitet', 'die', 'Behörde', 'dabei', 'regelmässig', 'ihr', 'Mandat', ',', 'wenn', 'sie', 'Politik', 'zu', 'gefallen', 'versucht', 'etwa', 'beim', '«', 'Kampf', 'gegen', 'rechts', '»', '(', 'BfV', ')', 'ist', '1950', 'gegründet', 'worden', 'um', 'Verfassungsfeinde', 'aller', 'nur', 'denkbaren', 'Couleur', '...', 'Es', 'konnte', 'allerdings', 'nicht', 'Versuchung', 'widerstehen', 'hin', 'und', 'wieder', 'Analysen', 'vorzulegen', 'im', 'Diskurs', 'dem', 'Bereich', 'intelligence', 'to', 'please', 'zugeordnet', 'werden', 'Mit', 'ihnen', 'wird', 'politischen', 'medialen', 'Erwartungshaltungen', 'gerecht', 'Ging', 'es', 'Beginn', '1980er', 'Jahre', 'noch', 'Grünen', 'so', 'heute', 'unter', 'anderem', 'AfD', 'positioniert', 'Die', 'Bereitschaft', 'partiell', 'lassen', 'hängt', 'mit', 'rechtlichen', 'Stellung', 'des', 'Präsidenten', 'zusammen', ':', 'Er', 'politischer', 'Beamter', 'Damit', 'gehört', 'er', 'zur', 'Gruppe', 'jener', 'Menschen', 'gemäss', '§', '54', 'Absatz', '1', 'Bundesbeamtengesetzes', 'von', '2009', 'Besoldungsgruppe', 'B', '6', 'an', 'aufwärts', 'jederzeit', 'in', 'den', 'einstweiligen', 'Ruhestand', 'versetzt', 'können', 'Warum', 'dies', 'geht', 'aus', '30', 'Beamtenstatusgesetzes', '2008', 'hervor', 'Spitzenbeamte', 'wie', 'Leiter', 'Kölner', 'bekleiden', 'ein', 'Amt', 'bei', 'dessen', 'Ausübung', 'fortdauernder', 'Übereinstimmung', 'grundsätzlichen', 'Ansichten', 'Zielen', 'Regierung', 'stehen', 'müssen', 'rechtlicher', 'Hinsicht', 'also', 'gerade', 'vornehmen', 'Aufgaben', 'parteipolitisch', 'neutral', 'verhalten', 'kann', 'zum', 'Befehlsempfänger', 'Ist', 'Beispiel', 'Bundesinnenminister', 'Horst', 'Seehofer', 'Meinung', 'dass', 'Rechtsextremismus', 'grössten', 'Gefahr', 'innere', 'Sicherheit', 'geworden', 'dann', 'hat', 'Verfassungsschutzes', 'Einschätzung', 'folgen', 'Thomas', 'Haldenwang', 'hatte', 'Zeichen', 'Zeit', 'bereits', 'seiner', 'Ernennung', 'November', '2018', 'erkannt', 'gab', 'Bundesinnenministerium', 'eine', 'klare', 'Erwartungshaltung', 'Neue', 'darf', 'einmal', 'ansatzweise', 'Eindruck', 'erwecken', 'was', 'Übersetzung', 'eigentlich', 'konservativ', 'bedeutet', 'sein', 'sollte', 'folgenden', 'Monaten', 'alle', 'Erwartungen', 'übertreffen', 'befand', 'fortan', 'ganz', 'oben', 'auf', 'Agenda', 'BfV.', 'Inhaltlich', 'wurde', 'vor', 'allem', 'Mord', 'Walter', 'Lübcke', 'Juni', '2019', 'sowie', 'Anschlägen', 'Halle', 'Oktober', 'Hanau', 'Februar', '2020', 'begründet', 'obwohl', 'Attentäter', 'Einzelgänger', 'waren', 'Auftrag', 'einer', 'Bewegung', 'oder', 'eines', 'rechtsextremen', 'Netzwerkes', 'agierten', 'Für', 'war', 'weiter', 'relevant', 'politisch-mediale', 'Druck', 'schlicht', 'gross', 'Indem', 'nun', 'auch', 'begann', 'politische', 'Vorfeld', '–', 'Rechte', 'verdächtig', 'erklären', 'entsprach', 'erneut', 'relevanter', 'Entscheider', 'gibt', 'gleichwohl', 'keine', 'allseits', 'anerkannte', 'Definition', 'Wer', 'dieses', 'Terminus', 'bedient', 'darunter', 'normale', 'Konservative', 'Neo-Nationalsozialisten', 'verstehen', 'ohne', 'Belang', ';', 'suchte', 'jene', 'eigenen', 'Analyse', 'passte', 'gewünschte', 'Behauptung', 'wonach', 'vom', 'grösste', 'ausgehe', 'aufrechterhalten', 'selbst', 'Angaben', 'Verfassungsschutzberichtes', '2021', 'hergeben', 'Unter', 'harten', 'Bandagen', 'geführt', 'Verstösse', 'Verfassung', 'inklusive', 'archive.is/zZ7RR', '@SandraGabriel269', 'https://t.me/Verfassungsschutz_BRD', 'Raus', 'Straßen', '@Demotermine']","['O', 'B-ORG', 'O', 'O', 'O', 'O', 'O', 'O', 'B-ORG', 'I-ORG', 'I-ORG', 'O', 'O', 'O', 'O', 'O', 'O', 'O', 'O', 'O', 'O', 'O', 'O', 'O', 'O', 'O', 'O', 'O', 'O', 'O', 'O', 'O', 'O', 'O', 'O', 'O', 'O', 'O', 'O', 'O', 'O', 'B-ORG', 'O', 'O', 'B-DATE', 'O', 'O', 'O', 'O', 'O', 'O', 'O', 'O', 'O', 'O', 'O', 'O', 'O', 'O', 'O', 'O', 'O', 'O', 'O', 'O', 'O', 'O', 'O', 'O', 'O', 'O', 'O', 'O', 'O', 'O', 'O', 'O', 'O', 'O', 'O', 'O', 'O', 'O', 'O', 'B-DATE', 'I-DATE', 'O', 'B-ORG', 'O', 'O', 'O', 'O', 'B-ORG', 'O', 'O', 'O', 'O', 'O', 'O', 'O', 'O', 'O', 'O', 'O', 'O', 'O', 'O', 'O', 'O', 'O', 'O', 'O', 'O', 'O', 'O', 'O', 'O', 'O', 'O', 'O', 'O', 'O', 'O', 'O', 'O', 'O', 'O', 'O', 'O', 'O', 'O', 'O', 'O', 'O', 'O', 'O', 'O', 'O', 'O', 'O', 'O', 'O', 'B-DATE', 'O', 'O', 'O', 'O', 'O', 'O', 'O', 'O', 'O', 'O', 'O', 'O', 'O', 'O', 'O', 'O', 'O', 'O', 'O', 'O', 'O', 'O', 'O', 'O', 'O', 'O', 'O', 'O', 'O', 'O', 'O', 'O', 'O', 'O', 'B-PER', 'I-PER', 'O', 'O', 'O', 'O', 'O', 'O', 'O', 'O', 'O', 'O', 'O', 'O', 'O', 'B-PER', 'I-PER', 'O', 'O', 'O', 'O', 'O', 'O', 'B-DATE', 'I-DATE', 'O', 'O', 'B-ORG', 'O', 'O', 'O', 'O', 'O', 'O', 'O', 'O', 'O', 'O', 'O', 'O', 'O', 'O', 'O', 'O', 'O', 'O', 'O', 'O', 'O', 'O', 'O', 'O', 'O', 'O', 'O', 'O', 'O', 'O', 'O', 'O', 'O', 'B-PER', 'I-PER', 'B-DATE', 'B-LOC', 'O', 'O', 'B-LOC', 'B-DATE', 'B-LOC', 'B-DATE', 'I-DATE', 'O', 'O', 'O', 'O', 'O', 'O', 'O', 'O', 'O', 'O', 'O', 'O', 'O', 'O', 'O', 'O', 'O', 'O', 'O', 'O', 'O', 'O', 'O', 'O', 'O', 'O', 'O', 'O', 'O', 'O', 'O', 'O', 'O', 'O', 'O', 'O', 'O', 'O', 'O', 'O', 'O', 'O', 'O', 'O', 'O', 'O', 'O', 'O', 'O', 'O', 'O', 'O', 'O', 'O', 'O', 'O', 'O', 'O', 'O', 'O', 'O', 'O', 'O', 'O', 'O', 'O', 'O', 'O', 'I-DATE', 'O', 'O', 'O', 'O', 'O', 'O', 'O', 'O', 'O', 'O', 'O', 'O', 'O', 'O']"
386,Demotermine1250288610170992021-09-04 16:59:55,"['4.08.2021', '-', 'Live', 'Demo', 'in', 'Düsseldorf', '—', 'Kevin', 'Gabbe', 'https://youtu.be/HLNR7DWYvvw', '3:59:15', 'Raus', 'auf', 'die', 'Straßen', '@Demotermine']","['B-DATE', 'O', 'O', 'B-ACTION', 'O', 'B-LOC', 'O', 'B-PER', 'I-PER', 'O', 'B-TIME', 'O', 'O', 'O', 'O', 'O']"
387,Demotermine1250288610139952021-08-10 01:33:38,"['St.', 'Andrews', '15082021', '-', '22082021', '29082021', 'Raus', 'auf', 'die', 'Straße', '@Demotermine!']","['B-LOC', 'I-LOC', 'B-DATE', 'O', 'B-DATE', 'B-DATE', 'O', 'O', 'O', 'O', 'O']"
388,Demotermine1250288610282382021-11-26 02:10:59,"['🔥', 'STARKE', 'ANSAGE', 'VON', 'NI**ER', 'ZU', 'SchwrzVyce', 'setzt', 'sich', 'gegen', 'Spaltung', 'und', 'Diskriminierung', 'auf', 'allen', 'Ebenen', 'ein', '.', 'Vorallem', 'musikalisch', '👇', '🏽', 'Der', 'Neue', 'Song', 'von', '-', 'Claus', 'Strunz', '/', 'N', '*', 'Hier', 'Telegram', ':', 'https://t.me/schwrzvyce/231', 'Folgt', 'ihm', 'seinen', 'Plattformen', 'https://linktr.ee/schwrzvyce', 'DENKT', 'DRAN', 'SELBST', '👉', '@FaktenFriedenFreiheit', 'Raus', 'die', 'Straßen', '@Demotermine!', 'Übersicht', 'Overview', '👈']","['O', 'O', 'O', 'O', 'O', 'O', 'O', 'O', 'O', 'O', 'O', 'O', 'O', 'O', 'O', 'O', 'O', 'O', 'O', 'O', 'O', 'O', 'O', 'O', 'O', 'O', 'O', 'O', 'O', 'O', 'O', 'O', 'O', 'O', 'O', 'O', 'O', 'O', 'O', 'O', 'O', 'O', 'O', 'O', 'O', 'O', 'O', 'O', 'O', 'O', 'O', 'O', 'O']"
389,Demotermine1250288610102712021-05-09 09:51:54,"['Berlin', '@PfingstenInBerlin', '@BerlinInfoChat', '24052021', 'Raus', 'auf', 'die', 'Straße', '@Demotermine!']","['B-LOC', 'O', 'O', 'B-DATE', 'O', 'O', 'O', 'O', 'O']"
390,Demotermine1250288610115632021-06-11 21:45:40,"['📆', '20.', 'MAHNWACHE', 'SITZEND', 'AUF', 'PICKNICKDECKEN', '👉', '🏻', 'mehr', 'Infos', 'dazu', '#Termin', 'Murrhardt', '@BadenWuerttembergInfoChat', '17062021', 'Raus', 'auf', 'die', 'Straße', '@Demotermine!']","['O', 'O', 'B-ACTION', 'O', 'O', 'O', 'O', 'O', 'O', 'O', 'O', 'O', 'B-LOC', 'O', 'B-DATE', 'O', 'O', 'O', 'O', 'O']"
391,Demotermine1250288610223802021-10-20 03:08:45,"['⚠', '️SCHILD-BÜRGER', 'IN', 'MEMMINGEN', '️', 'Wir', 'treffen', 'uns', 'kommenden', 'Samstag', ',', 'den', '23.10.', 'auf', 'dem', 'Schmiedplatz', 'in', 'Memmingen', '.', 'Treffen', 'um', '10:45', 'Uhr', 'Versammlung', 'von', '11-13', 'Schilder', 'und', 'Maleranzüge', 'sind', 'wieder', 'vorhanden', 'Jetzt', 'braucht', 'es', 'nur', 'noch', 'EUCH', 'EURE', 'Unterstützung', '😀', '!', 'Zeigen', 'wir', 'dass', 'für', 'Demokratie', 'Grundrechte', 'Meinungsfreiheit', 'stehen', '❗', '#BY', '#Sa2310', '#Memmingen', 'Raus', 'die', 'Straßen', '@Demotermine!', '👉', 'Übersicht', '/', 'Overview', '👈']","['O', 'O', 'O', 'B-LOC', 'O', 'O', 'O', 'O', 'O', 'B-DATE', 'I-DATE', 'O', 'O', 'O', 'O', 'B-LOC', 'O', 'B-LOC', 'O', 'O', 'O', 'B-TIME', 'I-TIME', 'O', 'O', 'O', 'O', 'O', 'O', 'O', 'O', 'O', 'O', 'O', 'O', 'O', 'O', 'O', 'O', 'O', 'O', 'O', 'O', 'O', 'O', 'O', 'O', 'O', 'O', 'O', 'O', 'B-LOC', 'B-DATE', 'B-LOC', 'O', 'O', 'O', 'O', 'O', 'O', 'O', 'O', 'O']"
392,Demotermine1250288610195772021-09-27 14:05:02,"['Wie', 'immer', 'am', 'Mittwoch', '....', 'Hagen', '#NW', '#Mi2909', 'Raus', 'auf', 'die', 'Straßen', '@Demotermine']","['O', 'O', 'O', 'B-DATE', 'O', 'B-LOC', 'B-LOC', 'B-DATE', 'O', 'O', 'O', 'O', 'O']"
393,Demotermine1250288610160292021-08-29 11:43:02,"['29.08.2021', ',', 'Berlin', '-', 'Demozug', 'aktuell', '🇻', '🇳', '✊', 't.me/FreieLinkeInfo', 'Raus', 'auf', 'die', 'Straßen', '@Demotermine']","['B-DATE', 'O', 'B-LOC', 'O', 'B-ACTION', 'O', 'O', 'O', 'O', 'O', 'O', 'O', 'O', 'O', 'O']"
394,Demotermine125028861062992021-02-14 00:53:44,"['Kaiserslautern', 'Kältehilfe', 'Damit', 'auch', 'Wohungslose', 'Aufmerksamkeit', 'bekommen', '@Demotermine']","['B-LOC', 'B-ACTION', 'O', 'O', 'O', 'O', 'O', 'O']"
395,Demotermine125028861016032020-06-22 00:53:52,"['Karlsruhe', '@BadenWuerttembergInfoChat', '@Demotermine', '-', 'Bilder', 'und', 'Videos', 'hochladen', '@WiderstandAktiv', 'Diskussion', '@DemotermineChat', 'Fahren', 'oder', 'Mitfahren', '@Fahrgemeinschaft']","['B-LOC', 'O', 'O', 'O', 'O', 'O', 'O', 'O', 'O', 'O', 'O', 'O', 'O', 'O', 'O']"
396,Demotermine1250288610150642021-08-27 20:27:23,"['Der', 'Eilantrag', 'von', 'Michael', 'Ballweg', 'zur', 'Aufhebung', 'des', 'Verbotes', 'seiner', 'angemeldeten', 'Versammlung', '–', 'dieses', 'Wochenende', 'in', 'Berlin', 'durch', 'die', 'Polizeibehörde', ',', 'lehnte', 'das', 'Berliner', 'Verwaltungsgericht', 'am', '27.', 'August', 'mit', 'einer', 'bemerkenswerten', 'Begründung', 'ab', '.', 'https://www.epochtimes.de/politik/deutschland/gericht-bestaetigt-demo-verbot-mit-hinweis-auf-fehlende-sterile-immunitaet-der-covid-geimpften-a3587977.html', 'Raus', 'auf', 'Straßen', '@Demotermine']","['O', 'B-ACTION', 'O', 'B-PER', 'I-PER', 'O', 'O', 'O', 'O', 'O', 'O', 'B-ACTION', 'O', 'B-DATE', 'I-DATE', 'O', 'O', 'O', 'O', 'B-ORG', 'O', 'O', 'O', 'B-ORG', 'I-ORG', 'O', 'B-DATE', 'I-DATE', 'O', 'O', 'O', 'O', 'O', 'O', 'O', 'O', 'O', 'O', 'O']"
397,Demotermine1250288610165362021-08-29 23:07:29,"['Spaziergang', 'durch', 'Berlin', '!', '—', 'Carolin', 'Matthie', 'https://youtu.be/RdHnv4K0TW8', '3:32:58', '@CarolinMatthie']","['B-ACTION', 'O', 'B-LOC', 'O', 'O', 'B-PER', 'I-PER', 'O', 'B-TIME', 'O']"
398,Demotermine125028861079912021-03-26 03:58:25,"['Altdorf', 'UR', 'Grenzgasse', '8', 'Demo', 'verboten', 'https://t.me/Demotermine/8183', '@SchweizChat', '10042021', 'Raus', 'auf', 'die', 'Straße', '@Demotermine!']","['B-LOC', 'B-LOC', 'B-LOC', 'I-LOC', 'B-ACTION', 'O', 'O', 'O', 'B-DATE', 'O', 'O', 'O', 'O', 'O']"
399,Demotermine1250288610116332021-06-14 20:45:11,"['Trailer', 'Berlin', '01.08.21', '—', 'Querdenken', '775', '-', 'Wir', 'für', 'das', 'Grundgesetz', 'https://youtu.be/LC4WSV6CMZ8', '1:41', 'Raus', 'auf', 'die', 'Straße', '@Demotermine!']","['O', 'B-LOC', 'B-DATE', 'O', 'B-ORG', 'I-ORG', 'O', 'O', 'O', 'O', 'O', 'O', 'B-TIME', 'O', 'O', 'O', 'O', 'O']"
400,Demotermine125028861077402021-03-18 03:25:24,"['Gera', 'Autokorso', 'Start', 'Industriestraße', '@ThueringenInfoChat', '20032021', 'Raus', 'auf', 'die', 'Straße', '@Demotermine!']","['B-LOC', 'B-ACTION', 'O', 'B-LOC', 'O', 'B-DATE', 'O', 'O', 'O', 'O', 'O']"
401,Demotermine1250288610186082021-09-19 21:15:38,"['Tritt', 'zurück', ',', 'Alain', '!', 'Winterthur', '18.9.2021', 'Raus', 'auf', 'die', 'Straßen', '@Demotermine']","['O', 'O', 'O', 'B-PER', 'O', 'B-LOC', 'B-DATE', 'O', 'O', 'O', 'O', 'O']"
402,Demotermine1250288610202102021-10-03 12:52:19,"['Stuttgart', '#kidsfreedomday', 'Raus', 'auf', 'die', 'Straßen', '@Demotermine!']","['B-LOC', 'B-ACTION', 'O', 'O', 'O', 'O', 'O']"
403,Demotermine125028861083432021-03-28 22:15:18,"['Bundesweite', 'Großdemo', 'im', 'Norden', '@DeutschlandInfoChat', 'Raus', 'auf', 'die', 'Straße', '@Demotermine!']","['O', 'B-ACTION', 'O', 'B-LOC', 'O', 'O', 'O', 'O', 'O', 'O']"
404,Demotermine1250288610161452021-08-29 12:40:09,"['Der', 'Aufzug', 'biegt', 'in', 'die', 'Straße', 'der', 'Pariser', 'Kommune', 'Raus', 'auf', 'Straßen', '@Demotermine']","['O', 'B-ACTION', 'O', 'O', 'O', 'B-LOC', 'I-LOC', 'I-LOC', 'I-LOC', 'O', 'O', 'O', 'O']"
405,Demotermine1250288610552,"['Deutschlandtour', 'der', 'BPE', 'zur', 'Aufklärung', 'über', 'den', 'Politischen', 'Islam', '-', 'heute', 'in', 'Stralsund']","['B-ACTION', 'O', 'B-ORG', 'O', 'O', 'O', 'O', 'O', 'O', 'O', 'O', 'O', 'B-LOC']"
406,Demotermine125028861066682021-02-23 12:14:42,"['Die', 'Menschen', 'leiden', 'seit', 'Monaten', 'unter', 'dem', 'Lockdown', ',', 'aber', 'die', 'ReGIERung', 'findet', 'immer', 'neue', 'Gründe', 'warum', 'wir', 'unsere', 'Grundrechte', 'nicht', 'zurückbekommen', '.', '😡', 'Gleichzeitig', 'nehmen', 'weitgehend', 'verschwiegenen', 'Kollateralschäden', 'ein', 'gigantisches', 'Ausmaß', 'an', '❗', '️Wir', 'fordern', 'sofortiges', 'Ende', 'des', 'Lockdowns', '️', 'Öffnet', 'Schulen', 'für', 'alle', 'Kinder', 'öffnet', 'Geschäfte', 'Sportvereine', 'Fitnessstudios', 'Museen', 'Hotels', 'Freizeitparks', '...', 'und', 'eure', 'Herzen', '!', '💕', 'Schluss', 'mit', 'Abstand', 'Maskerade', 'Soziale', 'Nähe', '🤗', 'Lebensfreude', '🥳', 'statt', 'permanenter', 'Angst', 'Panikmache', 'Kommt', 'darum', 'am', 'Donnerstag', 'auf', 'Straße', 'zur', '6.', 'LAUTEN', '📯', '🥁', '📣', 'Demo', 'Letztes', 'mal', 'waren', '280', '-', 'schaffen', 'diesmal', '300', '❓', '🔽', 'Abonniert', 'unseren', 'Kanal', 't.me/frieden_freiheit_demokratie_kiel', '🔼', '25022021', 'Bilder', 'Videos', 'hochladen', '@WiderstandAktiv', 'Termine', 'in', 'Textform', '@Termine_Veranstaltungen', 'Fahren', 'oder', 'Mitfahren', '@Fahrgemeinschaft', 'Übernachten', '?', '@Unterkuenfte', '@Demotermine', '@DemotermineChat', '@Demoliebe']","['O', 'O', 'O', 'O', 'O', 'O', 'O', 'O', 'O', 'O', 'O', 'B-DATE', 'O', 'O', 'O', 'O', 'O', 'O', 'O', 'O', 'O', 'O', 'O', 'O', 'O', 'O', 'O', 'O', 'O', 'O', 'O', 'O', 'O', 'O', 'O', 'O', 'O', 'O', 'O', 'O', 'O', 'O', 'O', 'O', 'O', 'O', 'O', 'O', 'O', 'O', 'O', 'O', 'O', 'O', 'O', 'O', 'O', 'O', 'O', 'O', 'O', 'O', 'O', 'O', 'O', 'O', 'O', 'O', 'O', 'O', 'O', 'O', 'O', 'O', 'O', 'B-ACTION', 'O', 'O', 'O', 'O', 'O', 'O', 'O', 'O', 'B-ACTION', 'O', 'O', 'O', 'O', 'O', 'O', 'O', 'O', 'O', 'O', 'O', 'O', 'O', 'O', 'O', 'B-DATE', 'O', 'O', 'O', 'O', 'O', 'O', 'O', 'O', 'O', 'O', 'O', 'O', 'O', 'O', 'O', 'O', 'O', 'O']"
407,Demotermine1250288610183032021-09-18 12:14:20,"['14.10', 'Stuttgart', 'an', 'der', 'Staatsoper', '@Remstalrebell', 'Raus', 'auf', 'die', 'Straßen', '@Demotermine']","['B-DATE', 'B-LOC', 'O', 'O', 'B-LOC', 'O', 'O', 'O', 'O', 'O', 'O']"
408,Demotermine1250288610108172021-05-21 04:04:38,"['Ludwigshafen', '@Freiheit2021LuMaWo', '@RheinlandPfalzInfoChat', '22052021', 'Raus', 'auf', 'die', 'Straße', '@Demotermine!']","['B-LOC', 'O', 'O', 'B-DATE', 'O', 'O', 'O', 'O', 'O']"
409,Demotermine1250288610257552021-11-08 15:09:43,"['Demonstrant', 'aus', 'der', 'Friedensstadt', 'Münster', ':', '""', 'Leute', 'haben', 'Angst', 'ihre', 'Meinung', 'zu', 'vertreten', '.', '—', 'Osnabrücker', 'Sommer', 'Aufklärung', 'https://youtu.be/nVQvdpWqmNw', '3:41', 'Raus', 'auf', 'die', 'Straßen', '@Demotermine!', '👉', 'Übersicht', '/', 'Overview', '👈']","['O', 'O', 'O', 'O', 'B-LOC', 'O', 'O', 'O', 'O', 'O', 'O', 'O', 'O', 'O', 'O', 'O', 'O', 'O', 'O', 'O', 'B-TIME', 'O', 'O', 'O', 'O', 'O', 'O', 'O', 'O', 'O', 'O']"
410,Demotermine1250288610270262021-11-18 10:59:08,"['🥁', 'AUTOKORSO', 'Berlin', 'Freie', 'Geister', '4Gs', '💡', '🎉', 'Freitag', '19.', 'November', '2021', '-----------------------', '📢', 'Infokanal', ':', 'https://t.me/Infokanal_Freie_Geister_4Gs', '📠', 'Chat-Kanal:', 'https://t.me/FreieGeister4Gs', '🖥', 'Facebook', 'https://www.facebook.com/groups/198988172298256/?ref=share', '#BLN', '#Fr1911', '#Berlin', 'Raus', 'auf', 'die', 'Straßen', '@Demotermine!', '👉', 'Übersicht', '/', 'Overview', '👈']","['O', 'B-ACTION', 'O', 'O', 'O', 'O', 'O', 'O', 'B-DATE', 'I-DATE', 'I-DATE', 'I-DATE', 'O', 'O', 'O', 'O', 'O', 'O', 'O', 'O', 'O', 'B-ORG', 'O', 'B-LOC', 'B-DATE', 'B-LOC', 'O', 'O', 'O', 'O', 'O', 'O', 'O', 'O', 'O', 'O']"
411,Demotermine125028861073612021-03-09 12:44:07,"['Nürnberg', 'Lorenzkirche', '@BayernInfoChat', '10032021', '-', '11032021', '12032021', 'Raus', 'auf', 'die', 'Straße', '@Demotermine!']","['B-LOC', 'B-LOC', 'O', 'B-DATE', 'O', 'B-DATE', 'B-DATE', 'O', 'O', 'O', 'O', 'O']"
412,Demotermine1250288610171062021-09-04 20:37:53,"['✅', 'BITTE', 'FLYER', 'TEILEN', '!', 'Ort', 'geändert', 'für', 'den', '3.', 'Oktober', '2021', ',', 'Halle', 'statt', 'Berlin', 'denn', 'Merkel', 'Schäuble', 'und', 'Steinmeier', 'sind', 'in', 'Flyer', 'bitte', 'verteilen', 'an', 'alle', 'weitergeben', 'https://www.zeit.de/news/2021-08/27/halle-feiert-tag-der-deutschen-einheit-merkel-haelt-festrede', 'VERSTEHEN', '🧠', '&', 'HANDELN', '🤝', 'TEIL', 'UNSERE', 'BEITRÄGE', 'FOLG', 'UNSEREM', 'KANAL', 'https://t.me/VerstehenHandeln', '03102021', '@SachsenAnhaltInfoChat', 'Raus', 'auf', 'die', 'Straßen', '@Demotermine']","['O', 'O', 'O', 'O', 'O', 'O', 'O', 'O', 'O', 'B-DATE', 'I-DATE', 'I-DATE', 'O', 'B-LOC', 'O', 'B-LOC', 'O', 'B-PER', 'B-PER', 'O', 'B-PER', 'O', 'O', 'O', 'O', 'O', 'O', 'O', 'O', 'O', 'O', 'O', 'O', 'O', 'O', 'O', 'O', 'O', 'O', 'O', 'O', 'O', 'B-DATE', 'O', 'O', 'O', 'O', 'O', 'O']"
413,Demotermine1250288610185142021-09-18 15:12:50,"['München', '17.00', 'Uhr', 'Theresienwiese', 'heute', 'Raus', 'auf', 'die', 'Straßen', '@Demotermine']","['B-LOC', 'B-TIME', 'I-TIME', 'B-LOC', 'B-DATE', 'O', 'O', 'O', 'O', 'O']"
414,Demotermine1250288610102452021-05-09 04:36:50,"['Deutschland', '-', 'Niederlande', 'Belgien', '26062021', '27062021', 'Raus', 'auf', 'die', 'Straße', '@Demotermine!']","['B-LOC', 'O', 'B-LOC', 'B-LOC', 'B-DATE', 'I-DATE', 'O', 'O', 'O', 'O', 'O']"
415,Demotermine1250288610303822021-12-06 15:06:02,"['Daniel', 'und', 'der', 'Bürgermeister', '-', 'Brackenheim', '29.', 'November', '2021', '—', 'Team', 'Freiheit', 'https://youtu.be/FHZnx2OzkYg', '4:09', 'Raus', 'auf', 'die', 'Straßen', '@Demotermine!', '👉', 'Übersicht', '/', 'Overview', '👈']","['B-PER', 'O', 'O', 'O', 'O', 'B-LOC', 'B-DATE', 'I-DATE', 'I-DATE', 'O', 'O', 'O', 'O', 'B-TIME', 'O', 'O', 'O', 'O', 'O', 'O', 'O', 'O', 'O', 'O']"
416,Demotermine125028861061242021-02-09 19:15:00,"['Anstatt', 'den', 'Lockdown', 'endlich', 'zu', 'beenden', ',', 'denkt', 'unsere', 'ReGIERung', 'mal', 'wieder', 'über', 'Verschärfungen', 'nach', '!', '😡', 'Kommt', 'darum', 'am', 'Donnerstag', 'zahlreich', 'Kiel', 'unserer', '4.', 'LAUTEN', '📯', '🥁', '📣', 'Demo', 'wir', 'brauchen', 'euch', '➡', '️', 'Macht', 'hat', 'jeder', 'der', 'was', 'macht', '⚠', 'Wir', 'freuen', 'uns', 'wenn', 'bei', 'unseren', 'Demos', 'möglichst', 'viele', 'eine', 'Warnweste', 'tragen', '.', 'Dadurch', 'sind', 'noch', 'besser', 'sehen', '💡', '🔽', 'Abonniert', 'Kanal', 't.me/frieden_freiheit_demokratie_kiel', '🔼', '@SchleswigHolsteinInfoChat', '11022021', 'Bilder', 'und', 'Videos', 'hochladen', '@WiderstandAktiv', '-', 'Termine', 'in', 'Textform', '@Termine_Veranstaltungen', 'Fahren', 'oder', 'Mitfahren', '@Fahrgemeinschaft', 'Übernachten', '?', '@Unterkuenfte', '@Demotermine', '@DemotermineChat', '@Demoliebe']","['O', 'O', 'O', 'O', 'O', 'O', 'O', 'O', 'O', 'O', 'O', 'O', 'O', 'O', 'O', 'O', 'O', 'O', 'O', 'O', 'B-DATE', 'O', 'B-LOC', 'O', 'O', 'O', 'O', 'O', 'O', 'B-ACTION', 'O', 'O', 'O', 'O', 'O', 'O', 'O', 'O', 'O', 'O', 'O', 'O', 'O', 'O', 'O', 'O', 'O', 'O', 'O', 'O', 'O', 'O', 'O', 'O', 'O', 'O', 'O', 'O', 'O', 'O', 'O', 'O', 'O', 'O', 'O', 'O', 'O', 'B-DATE', 'O', 'O', 'O', 'O', 'O', 'O', 'O', 'O', 'O', 'O', 'O', 'O', 'O', 'O', 'O', 'O', 'O', 'O', 'O', 'O']"
417,Demotermine1250288610110922021-05-26 09:03:05,"['Lutherstadt', 'Wittenberg', 'Raus', 'auf', 'die', 'Straße', '@Demotermine!']","['B-LOC', 'I-LOC', 'O', 'O', 'O', 'O', 'O']"
418,Demotermine1250288610292902021-12-01 19:38:22,"['🇦', '🇹', 'Bruck', 'an', 'der', 'Mur', 'war', 'heute', 'auf', 'Strasse', '!', 'Raus', 'die', 'Straßen', '@Demotermine!', '👉', 'Übersicht', '/', 'Overview', '👈']","['O', 'O', 'B-LOC', 'I-LOC', 'I-LOC', 'I-LOC', 'O', 'O', 'O', 'O', 'O', 'O', 'O', 'O', 'O', 'O', 'O', 'O', 'O', 'O']"
419,Demotermine1250288610248282021-11-03 11:12:36,"['#esisteinkult', 'Ich', 'hoffe', ',', 'dass', 'mehr', 'Piloten', 'so', 'reagieren', 'werden', '....', 'Quelle', 'Für', 'Antidiskriminierung', 'folgen', 'auf', '...', '@dauerwelleDemoReport', 'Die', 'umfassendsten', 'Infos', '@Impfauswahl.', 'Werde', '@Impfbeobachter', 'jetzt', '!']","['O', 'O', 'O', 'O', 'O', 'O', 'O', 'O', 'O', 'O', 'O', 'O', 'O', 'O', 'O', 'O', 'O', 'O', 'O', 'O', 'O', 'O', 'O', 'O', 'O', 'O']"
420,Demotermine1250288610211302021-10-13 03:30:31,"['🇨', '🇭', '🔔', 'RAPPERSWIL', '16.10.', '13Uhr', '.', 'ist', 'vorraussichtlich', 'unsere', 'letzte', 'Kundgebung', 'vor', 'dem', 'grossen', 'Helvetia', 'Rundgang', 'Wir', ',', 'die', 'Trychler', 'gehen', 'für', 'unser', 'Volk', 'und', 'Kinder', 'vom', 'Freitag', '22.', 'Oktober', '2021', 'bis', 'Sonntag', '31.Oktober', 'durch', 'alle', '26', 'Kantone', 'der', 'Schweiz', 'auf', 'einen', 'spannenden', '!', 'Bitte', 'unterstützen', 'Sie', 'uns', 'tatkräftig', 'im', 'Abstimmungs-Kampf', 'ein', 'NEIN', 'ZUM', 'COVID', 'GESETZ', '28.', 'November', 'gegen', 'eine', 'völlig', 'zweckentfremdete', 'komplett', 'aus', 'Ruder', 'gelaufene', 'faschistische', 'Gesundheitspolitik', 'WIR', 'SIND', 'GEGEN', 'DISKRIMINIERUNG', 'FASCHISMUS', '#NOFASCIM', 'sagen', 'JA', 'zu', ""'"", 'ZURÜCK', 'ZUR', 'BUNDESVERFASSUNG', 'Ziel', '31.Okt', ""40'000Fr"", 'unseren', 'https://helvetia-trychler.com/helvetia-rundgang', '/', '#CH', '#Sa1610', '#Rapperswil', 'Raus', 'Straßen', '@Demotermine!', '👉', 'Übersicht', 'Overview', '👈']","['O', 'O', 'O', 'B-LOC', 'B-DATE', 'B-TIME', 'O', 'O', 'O', 'O', 'O', 'B-ACTION', 'O', 'O', 'O', 'B-ACTION', 'I-ACTION', 'O', 'O', 'O', 'I-ORG', 'O', 'O', 'O', 'O', 'O', 'O', 'O', 'B-DATE', 'I-DATE', 'I-DATE', 'I-DATE', 'I-DATE', 'I-DATE', 'O', 'O', 'O', 'O', 'O', 'O', 'B-LOC', 'O', 'O', 'O', 'O', 'O', 'O', 'O', 'O', 'O', 'O', 'B-ACTION', 'O', 'O', 'O', 'O', 'O', 'I-DATE', 'I-DATE', 'O', 'O', 'O', 'O', 'O', 'O', 'O', 'O', 'O', 'O', 'O', 'O', 'O', 'O', 'O', 'O', 'O', 'O', 'O', 'O', 'O', 'O', 'O', 'O', 'O', 'O', 'O', 'O', 'O', 'B-LOC', 'B-DATE', 'B-LOC', 'O', 'O', 'O', 'O', 'O', 'O', 'O']"
421,Demotermine125028861060722021-02-08 11:17:37,"['Gerlingen', 'Heute', '08.02.2020', 'Montag', 'Treffpunkt', 'ca.', '16:20', 'Uhr', 'Ausgabe', 'Plakate', 'Wander', 'und', 'Sportplatz', 'Parkplatz', 'Solitudestraße', 'Schillerhöhe', 'Zwischen', 'den', 'Bushaltestelle', 'Kliniken', 'Post', 'Wo', 'wir', 'uns', 'genau', 'in', 'welchem', 'Abstand', 'aufstellen', 'wird', 'dann', 'vor', 'Ort', 'besprochen', '.', 'Ich', 'freu', 'mich', 'auf', 'Zahlreiches', 'erscheinen', 'freudiger', 'Helfer', '💜', 'Es', 'ist', 'keine', 'Versammlung', 'angemeldet', '!', '@Umarmenhilft', '@BadenWuerttembergInfoChat', '08022021', 'Bilder', 'Videos', 'hochladen', '@WiderstandAktiv', '-', 'Termine', 'Textform', '@Termine_Veranstaltungen', 'Fahren', 'oder', 'Mitfahren', '@Fahrgemeinschaft', 'Übernachten', '?', '@Unterkuenfte', '@Demotermine', '@DemotermineChat', '@Demoliebe']","['B-LOC', 'O', 'B-DATE', 'O', 'O', 'O', 'B-TIME', 'I-TIME', 'O', 'O', 'B-LOC', 'I-LOC', 'I-LOC', 'B-LOC', 'I-LOC', 'B-LOC', 'O', 'O', 'B-LOC', 'B-LOC', 'I-LOC', 'O', 'O', 'O', 'O', 'O', 'O', 'O', 'O', 'O', 'O', 'O', 'O', 'O', 'O', 'O', 'O', 'O', 'O', 'O', 'O', 'O', 'O', 'O', 'O', 'O', 'O', 'O', 'O', 'O', 'O', 'O', 'B-DATE', 'O', 'O', 'O', 'O', 'O', 'O', 'O', 'O', 'O', 'O', 'O', 'O', 'O', 'O', 'O', 'O', 'O', 'O']"
422,Demotermine125028861091672021-04-15 15:27:27,"['📆', 'Disco-Demoaufzug:', 'Wir', 'feiern', 'das', 'Leben', '!', '👉', '🏻', 'mehr', 'Infos', 'dazu', '#Termin', '#QuerDenken!', 'Details', 'https://t.me/Demotermine/9156', '18042021', 'Raus', 'auf', 'die', 'Straße', '@Demotermine!']","['O', 'O', 'O', 'O', 'O', 'O', 'O', 'O', 'O', 'O', 'O', 'O', 'O', 'O', 'O', 'O', 'B-DATE', 'O', 'O', 'O', 'O', 'O']"
423,Demotermine1250288610183262021-09-18 12:41:52,"['Neptunbrunnen', 'Berlin', 'Raus', 'auf', 'die', 'Straßen', '@Demotermine']","['B-LOC', 'B-LOC', 'O', 'O', 'O', 'O', 'O']"
424,Demotermine1250288610151992021-08-28 11:36:19,"['🧸', '🚓', 'Ostseite', 'Brandenburger', 'Tor', '28.08.2021', 'um', '13', ':', '33', 'Uhr', 'Zusendung', 'mehrerer', 'Beobachter', 'Abriegelung', 'rund', 'Siegessäule', '-', '17.', 'Juni', '18.', 'März', 'Reichstagsgebäude', 'komplett', '.', 'Bikerdemo', 'findet', 'noch', 'statt', ',', 'es', 'werden', 'keine', 'Personen', 'von', 'der', 'reingelassen', 'Auf', 'Nachfrage', 'bei', 'Polizei', 'ob', 'das', 'sicher', 'sei', 'dort', 'solle', 'ja', 'auch', 'eine', 'Veranstaltung', 'sein', '""', 'Keine', 'Alles', 'gesichert', '/', 'abgeriegelt', 'Vielleicht', 'hatte', 'die', 'BILD', 'unrecht', '?', '500', 'Zivilisten', 'auf', 'vom', 'Mannschaftwagen', 'fahren', 'jetzt', 'aktuell', '20.', '@alexander_ehrlich', 'Raus', 'Straßen', '@Demotermine']","['O', 'O', 'B-LOC', 'I-LOC', 'I-LOC', 'B-DATE', 'O', 'B-TIME', 'I-TIME', 'I-TIME', 'I-TIME', 'O', 'O', 'O', 'O', 'O', 'B-LOC', 'O', 'B-DATE', 'I-DATE', 'I-DATE', 'I-DATE', 'B-LOC', 'O', 'O', 'B-ACTION', 'O', 'O', 'O', 'O', 'O', 'O', 'O', 'O', 'O', 'O', 'O', 'O', 'O', 'O', 'B-ORG', 'O', 'O', 'O', 'O', 'O', 'O', 'O', 'O', 'O', 'O', 'O', 'O', 'O', 'O', 'O', 'O', 'O', 'O', 'O', 'O', 'B-ORG', 'O', 'O', 'O', 'O', 'O', 'I-LOC', 'O', 'O', 'O', 'O', 'O', 'O', 'O', 'O', 'O']"
425,Demotermine125028861068232021-02-28 08:41:11,"['Hamburg', 'Autokorso', 'Start', '""', 'HafenCity', 'vor', 'Brooktorkai', '@FreiheitsfahrerHamburg', 'freiheitsfahrer.de', 'Zum', 'Startunkt', 'https://t.me/Demotermine/6909', '@HamburgInfoChat', '06032021', 'Bilder', 'und', 'Videos', 'hochladen', '@WiderstandAktiv', '-', 'Termine', 'in', 'Textform', '@Termine_Veranstaltungen', 'Fahren', 'oder', 'Mitfahren', '@Fahrgemeinschaft', 'Übernachten', '?', '@Unterkuenfte', '@Demotermine', '@DemotermineChat', '@Demoliebe']","['B-LOC', 'B-ACTION', 'O', 'B-LOC', 'I-LOC', 'I-LOC', 'I-LOC', 'O', 'O', 'O', 'O', 'O', 'O', 'B-DATE', 'O', 'O', 'O', 'O', 'O', 'O', 'O', 'O', 'O', 'O', 'O', 'O', 'O', 'O', 'O', 'O', 'O', 'O', 'O', 'O']"
426,Demotermine1250288610169142021-09-02 08:12:59,"['‼️', 'So', 'geht', 'Widerstand', 'Nahezu', 'perfekt', 'organisiert', ',', 'mit', 'teilweise', 'einfachsten', 'Mitteln', 'zeigen', 'uns', 'die', 'Demonstranten', 'in', 'Hong', 'Kong', 'wie', 'richtiger', 'aussieht', '!', '„', 'Es', 'ist', 'klar', 'dass', 'dieser', 'Organisationsgrad', 'bei', 'der', 'Fortsetzung', 'Demonstrationen', 'Schlüssel', 'zur', 'Aufrechterhaltung', 'Bewegung', 'sein', 'wird', '.', '“', '🔗', 'Man', 'sollte', 'nie', 'Gewalt', 'aufrufen', 'aber', 'man', 'wissen', 'wann', 'es', 'Zeit', 'sich', 'zu', 'wehren', 'Wir', 'sind', 'viele', '➡', '️', 't.me/NeuzeitNachrichten', 'abonnieren', 'Raus', 'auf', 'Straßen', '@Demotermine']","['O', 'O', 'O', 'O', 'O', 'O', 'O', 'O', 'O', 'O', 'O', 'O', 'O', 'O', 'O', 'O', 'O', 'B-LOC', 'I-LOC', 'O', 'O', 'O', 'O', 'O', 'O', 'O', 'O', 'O', 'O', 'O', 'O', 'O', 'O', 'B-ACTION', 'O', 'O', 'O', 'O', 'O', 'O', 'O', 'O', 'O', 'O', 'O', 'O', 'O', 'O', 'O', 'O', 'O', 'O', 'O', 'O', 'O', 'O', 'O', 'O', 'O', 'O', 'O', 'O', 'O', 'O', 'O', 'O', 'O', 'O']"
427,Demotermine1250288610222692021-10-19 17:59:57,"['TRIESTE', '19', 'OKTOBER', 'Die', 'Medien', 'schweigen', 'zu', 'den', 'Ereignissen', 'in', 'Triest', 'und', 'berichten', 'von', 'einem', 'Innenminister', ',', 'der', 'unsere', 'PACIFIC-Demonstrationen', 'im', 'Parlament', 'gleichgültig', 'als', '""', 'einen', 'Protest', 'mit', 'herausforderndem', 'Charakter', 'nicht', 'aufhören', 'wird', 'bezeichnet', '.', 'Ein', 'alle', 'Bereiche', 'bedroht', 'neue', 'schützende', 'Objekte', 'sensible', 'Ziele', 'hervorbringt', '“', 'Wir', 'verteilen', 'die', 'Videos', 'denjenigen', 'geschickt', 'wurden', 'heute', 'sind', 'um', 'Garnison', 'auf', 'dem', 'Platz', 'fortzusetzen', 'Lasst', 'uns', 'aufgeben', 'eure', 'LÜGE', 'ist', 'nur', 'Bestätigung', 'dass', 'wir', 'Recht', 'haben', '!', 'Staff', 'C.Li', 'Va', 'Toscana', 't.me/clivatoscana', 'Raus', 'Straßen', '@Demotermine!', '👉', 'Übersicht', '/', 'Overview', '👈']","['B-LOC', 'I-DATE', 'I-DATE', 'O', 'O', 'O', 'O', 'O', 'O', 'O', 'B-LOC', 'O', 'O', 'O', 'O', 'O', 'O', 'O', 'O', 'B-ACTION', 'O', 'O', 'O', 'O', 'O', 'O', 'O', 'O', 'O', 'O', 'O', 'O', 'O', 'O', 'O', 'O', 'O', 'O', 'O', 'O', 'O', 'O', 'O', 'O', 'O', 'O', 'O', 'O', 'O', 'O', 'O', 'O', 'O', 'O', 'O', 'O', 'O', 'O', 'O', 'O', 'O', 'O', 'O', 'O', 'O', 'O', 'O', 'O', 'O', 'O', 'O', 'O', 'O', 'O', 'O', 'O', 'O', 'O', 'O', 'O', 'O', 'O', 'O', 'O', 'O', 'O', 'O']"
428,Demotermine1250288610110162021-05-25 00:50:36,"['🗓', 'Offenes', 'Treffen', 'KSV', 'LiLi', '–', 'Wien', '#Termin', 'Raus', 'auf', 'die', 'Straße', '@Demotermine!']","['O', 'B-ACTION', 'I-ACTION', 'B-ORG', 'I-ORG', 'O', 'B-LOC', 'O', 'O', 'O', 'O', 'O', 'O']"
429,Demotermine125028861071212021-03-05 02:45:01,"['🇦', '🇹', '💪', 'Österreich', ',', 'zeig', 'Dein', 'Gesicht', '!', '06.03.2021', 'Großkundgebung', 'Wien', 'Wichtige', 'Ressourcen', ':', '👉', 'Nützliche', 'praktische', 'Infos', 'für', 'Nicht-Wiener:', 'https://t.me/alexander_ehrlich/1539', 'Österreichweiter', 'Kanal', 'Ordner', 'https://t.me/OrdnerInfos_AT', 'Dokumentationsgruppe', 'Fotos', 'und', 'Videos', 'https://t.me/joinchat/SEHPzhSlkTGKK6zA', 'Sprecher', 'Tonbanddurchsagen', 'suchen', 'wir', 'hier', 'https://t.me/joinchat/Ghe70vqhPEHRJAsn', 'Rechtssicher', 'Demonstrieren', 'geht', 'so', 'https://t.me/EINSPRUCH_bei_Anzeige', 'Aktuelle', 'Demo-Termine', 'in', 'immer', 'https://www.demo-info.at', '/', 'Bekannte', 'Termine', 'weitere', 'Aktionen', 'https://t.me/Termine2021Demos', 'Vernetzt', 'euch', 'https://coronawiderstand.org', 'Analysen', 'Livestreams', 'https://www.youtube.com/c/honkforhope', 'https://www.youtube.com/c/ManuelMuellner', 'Für', 'Rechtsstaatlichkeit', 'Verhältnismäßigkeit', 'Sachlichkeit', '.', '#kurzmussweg', 'Alexander', 'Ehrlich', '@OesterreichChat', '06032021', 'Raus', 'auf', 'die', 'Straße', '@Demotermine!']","['O', 'O', 'O', 'B-LOC', 'O', 'O', 'O', 'O', 'O', 'B-DATE', 'B-ACTION', 'B-LOC', 'O', 'O', 'O', 'O', 'O', 'O', 'O', 'O', 'O', 'O', 'O', 'O', 'O', 'O', 'O', 'O', 'O', 'O', 'O', 'O', 'O', 'O', 'O', 'O', 'O', 'O', 'O', 'O', 'O', 'O', 'O', 'O', 'O', 'O', 'O', 'O', 'O', 'O', 'O', 'O', 'O', 'O', 'O', 'O', 'O', 'O', 'O', 'O', 'O', 'O', 'O', 'O', 'O', 'O', 'B-PER', 'I-PER', 'O', 'B-DATE', 'O', 'O', 'O', 'O', 'O']"
430,Demotermine1250288610183582021-09-18 13:14:56,"['18', '09', '2021', ',', 'München', 'Maximilianstraße', 'Raus', 'auf', 'die', 'Straßen', '@Demotermine']","['B-DATE', 'I-DATE', 'I-DATE', 'O', 'B-LOC', 'B-LOC', 'O', 'O', 'O', 'O', 'O']"
431,Demotermine12502886104777,"['Demo-Termine', 'von', 'https://terminkalender.top', 'Demo', 'hier', 'eintragen', ':', 'https://terminkalender.top/add', 'Hier', 'könnt', 'ihr', 'uns', 'Spenden', 'https://terminkalender.top/spende', 'Telegram', 'https://terminkalender.top/telegram', 'oder', '@terminkalender', 'Discord', 'https://terminkalender.top/discord', 'Zum', 'Redaktionsschluss', 'um', '00:00', 'Uhr', ',', 'wurden', 'für', 'den', 'heutigen', 'Tag', 'folgende', 'Demotermine', 'gemeldet', '🔴', 'Dienstag', '29.', 'Dezember', '2020', '▶', '️', 'DE', 'Bad', 'Aibling', 'Marienplatz', '(', 'Kundgebung', ')', '🕑', '19:00', 'Kleve', 'Markt', '/', 'Versöhnungskirche', 'Spaziergang', '18:00', 'Nürnberg', 'Lorenzkirche']","['O', 'O', 'O', 'O', 'O', 'O', 'O', 'O', 'O', 'O', 'O', 'O', 'O', 'O', 'B-ORG', 'O', 'O', 'O', 'B-ORG', 'O', 'O', 'O', 'O', 'B-TIME', 'I-TIME', 'O', 'O', 'O', 'O', 'O', 'O', 'O', 'O', 'O', 'O', 'B-DATE', 'I-DATE', 'I-DATE', 'I-DATE', 'O', 'O', 'B-LOC', 'B-LOC', 'I-LOC', 'B-LOC', 'O', 'B-ACTION', 'O', 'O', 'B-TIME', 'B-LOC', 'B-LOC', 'O', 'I-LOC', 'B-ACTION', 'B-TIME', 'B-LOC', 'B-LOC']"
432,Demotermine125028861067052021-02-24 05:24:59,"['💚', 'Bitte', 'kommt', 'wieder', 'zahlreich', 'nach', 'Poing', 'zur', 'Demo', '.', 'Jeden', 'Donnerstag', 'ab', '18h', ',', 'direkt', 'am', 'S-Bahnhof,', 'nördlich', 'der', 'Bahnlinie', 'im', 'Trichterbereich', 'neuen', 'Fußgängerunterführung', '‼️', 'Diesmal', 'stehen', 'wir', 'hier', 'nur', 'für', '20-30', 'Minuten', 'um', 'alle', 'abzufangen', 'die', 'nicht', 'mitbekommen', 'haben', 'dass', 'eigentliche', 'Veranstaltung', 'heute', 'bei', 'Dreifachturnhalle', 'stattfindet', 'Fußweg', ':', '5', '-', '10', 'Wir', 'spazieren', 'dann', 'unter', 'Wahrung', 'Kontaktbeschränkung', 'und', 'erleben', 'dort', 'tolle', 'Reden', '!', 'Siehe', 'https://t.me/Querdenken089Demo/479', 'Maskenpflicht', '(', 'außer', 'Befreiung', ')', 'Abstand', 'halten', 'auch', 'beim', 'Kommen', '/', 'Gehen', 'von', 'Polizei', 'Umarmen', 'erwischen', 'lassen', 'vor', 'Danke', '@BayernInfoChat', '25022021', 'Bilder', 'Videos', 'hochladen', '@WiderstandAktiv', 'Termine', 'in', 'Textform', '@Termine_Veranstaltungen', 'Fahren', 'oder', 'Mitfahren', '@Fahrgemeinschaft', 'Übernachten', '?', '@Unterkuenfte', '@Demotermine', '@DemotermineChat', '@Demoliebe']","['O', 'O', 'O', 'O', 'O', 'O', 'B-LOC', 'O', 'B-ACTION', 'O', 'O', 'B-DATE', 'O', 'B-TIME', 'O', 'O', 'O', 'B-LOC', 'I-LOC', 'O', 'I-LOC', 'I-LOC', 'I-LOC', 'I-LOC', 'I-LOC', 'O', 'O', 'O', 'O', 'O', 'O', 'O', 'O', 'I-TIME', 'O', 'O', 'O', 'O', 'O', 'O', 'O', 'O', 'O', 'B-ACTION', 'O', 'O', 'B-LOC', 'O', 'O', 'O', 'B-TIME', 'O', 'I-TIME', 'O', 'O', 'O', 'O', 'O', 'O', 'O', 'O', 'O', 'O', 'B-ACTION', 'O', 'O', 'O', 'O', 'O', 'O', 'O', 'O', 'O', 'O', 'O', 'O', 'O', 'O', 'O', 'O', 'O', 'O', 'O', 'O', 'O', 'O', 'O', 'B-DATE', 'O', 'O', 'O', 'O', 'O', 'O', 'O', 'O', 'O', 'O', 'O', 'O', 'O', 'O', 'O', 'O', 'O', 'O']"
433,Demotermine125028861043252020-12-03 20:13:33,"['Vor', 'unserer', 'Demo', 'am', 'Samstag', 'morgen', 'eine', 'Eilversammlung', ':', 'Aufgrund', 'des', 'heutigen', 'Vorfalls', 'an', 'der', 'Mittelschule', 'St.', 'Leonhard', 'mit', 'Adrian', ',', 'dem', 'Gründer', 'von', 'Schüler/-innen', 'gegen', 'die', 'Maskenpflicht', 'findet', 'Mittag', '12', 'bis', '13', 'Uhr', 'auf', 'Leonhardsplatz', 'statt', '.', 'Thema', 'Veranstaltung', 'Diskriminierung', 'Schulen', 'Live-Stream', 'Kanal', 'Stefan', 'Bauer', '@querdenken_911', '@querdenken911_termine', '@GegenDieMaskenPflicht2020', '@BayernInfoChat', '04122020', 'Bilder', 'und', 'Videos', 'hochladen', '@WiderstandAktiv', '-', 'Termine', 'in', 'Textform', '@Termine_Veranstaltungen', 'Fahren', 'oder', 'Mitfahren', '@Fahrgemeinschaft', 'Übernachten', '?', '@Unterkuenfte', '@Demotermine', '@DemotermineChat', '@Demoliebe']","['O', 'O', 'B-ACTION', 'O', 'B-DATE', 'B-DATE', 'O', 'B-ACTION', 'O', 'O', 'O', 'O', 'O', 'O', 'O', 'B-LOC', 'I-LOC', 'I-LOC', 'O', 'B-PER', 'O', 'O', 'O', 'O', 'O', 'O', 'O', 'O', 'O', 'B-TIME', 'B-TIME', 'I-TIME', 'I-TIME', 'I-TIME', 'O', 'B-LOC', 'O', 'O', 'O', 'O', 'O', 'O', 'B-ACTION', 'O', 'B-PER', 'I-PER', 'O', 'O', 'O', 'O', 'B-DATE', 'O', 'O', 'O', 'O', 'O', 'O', 'O', 'O', 'O', 'O', 'O', 'O', 'O', 'O', 'O', 'O', 'O', 'O', 'O', 'O']"
434,Demotermine125028861090872021-04-14 19:47:34,"['Bremen-Vegesack', 'Stadtgarten', '@BremenInfoChat', '17042021', '-', '24042021', 'Raus', 'auf', 'die', 'Straße', '@Demotermine!']","['O', 'B-LOC', 'O', 'B-DATE', 'O', 'I-DATE', 'O', 'O', 'O', 'O', 'O']"
435,Demotermine125028861080852021-03-24 05:27:37,"['Weinheim', 'Autokorso', 'Weststadt', 'Start', 'Parkplatz', 'Sepp-Herberger-Stadion', '@BadenWuerttembergInfoChat', '25032021', 'Raus', 'auf', 'die', 'Straße', '@Demotermine!']","['B-LOC', 'B-ACTION', 'I-ACTION', 'O', 'B-LOC', 'I-LOC', 'O', 'B-DATE', 'O', 'O', 'O', 'O', 'O']"
436,Demotermine1250288610126762021-07-22 23:11:13,"['Bristol', '01082021', 'Overview', 'https://t.me/Demotermine/12847', 'Raus', 'auf', 'die', 'Straße', '@Demotermine!']","['B-LOC', 'B-DATE', 'O', 'O', 'O', 'O', 'O', 'O', 'O']"
437,Demotermine1250288610121112021-07-03 08:36:49,"['Kommt', 'heute', 'ALLE', 'nach', 'Bochum', '!', 'Wir', 'setzen', 'ein', 'Zeichen', '#DixiGate', 'Raus', 'auf', 'die', 'Straße', '@Demotermine!']","['O', 'B-DATE', 'O', 'O', 'B-LOC', 'O', 'O', 'O', 'O', 'O', 'O', 'O', 'O', 'O', 'O', 'O']"
438,Demotermine1250288610256722021-11-07 12:44:17,"['Wir', 'sehen', 'uns', '-', 'an', 'der', 'Apostelnkirche', '!', '☀', '️', 'Roter', 'Punkt', 'ist', 'die', 'Mittelstr', '.', '#NW', '#So0711', '#Köln']","['O', 'O', 'O', 'O', 'O', 'O', 'B-LOC', 'O', 'O', 'O', 'O', 'O', 'O', 'O', 'B-LOC', 'O', 'B-LOC', 'B-DATE', 'B-LOC']"
439,Demotermine125028861063992021-02-16 06:46:38,"['München', '14.2.2021', 'am', 'Stachus', '🕊', '️', '✨', '👉', '@gegendiemaskenpflicht2020', 'Partys', '@Demotermine']","['B-LOC', 'B-DATE', 'O', 'B-LOC', 'O', 'O', 'O', 'O', 'O', 'O', 'O']"
440,Demotermine12502886104186,"['Bill', 'Gates', 'Foundation', 'und', 'ihre', 'Verbindungen', '!', 'Stand', ':', '27.11.2020', '@demostream']","['B-ORG', 'I-ORG', 'I-ORG', 'O', 'O', 'O', 'O', 'O', 'O', 'B-DATE', 'O']"
441,Demotermine1250288610246932021-11-02 16:39:56,"['Naaaa', '..', ',', 'denn', 'kennen', 'wir', 'doch', 'noch', '😉', '😅', 'Aber', 'was', 'denkt', 'ihr', '?', 'Ist', 'es', 'ein', 'weiterer', 'Zufall', '...', 'oder', 'Wunder', 'Vor', 'allem', 'nach', 'den', 'Geschehnissen', 'der', 'letzen', 'Zeit', 'habe', 'ich', 'wieder', 'angefangen', 'an', 'zu', 'glauben', '.', 'Eins', 'vorher', 'selber', 'lernen', 'müssen', ':', 'Dort', '„', 'oben', '“', 'wird', 'nichts', 'dem', 'überlassen', '😂', '👉', 'Telegram', '@WerWieWoWas', '#Walliserkanne', 'Raus', 'auf', 'die', 'Straßen', '@Demotermine!', 'Übersicht', '/', 'Overview', '👈']","['O', 'O', 'O', 'O', 'O', 'O', 'O', 'O', 'O', 'O', 'O', 'O', 'O', 'O', 'O', 'O', 'O', 'O', 'O', 'O', 'O', 'O', 'O', 'O', 'O', 'O', 'O', 'O', 'O', 'O', 'O', 'O', 'O', 'O', 'O', 'O', 'O', 'O', 'O', 'O', 'O', 'O', 'O', 'O', 'O', 'O', 'O', 'O', 'O', 'O', 'O', 'O', 'O', 'O', 'O', 'B-ORG', 'O', 'O', 'O', 'O', 'O', 'O', 'O', 'O', 'O', 'O', 'O']"
442,Demotermine1250288610145452021-08-20 11:25:30,"['📆', 'Autokorso', '👉', '🏻', 'mehr', 'Infos', 'dazu', '#Termin', 'Essen', '@NordrheinWestfalenInfoChat', '22082021', 'Raus', 'auf', 'die', 'Straße', '@Demotermine!']","['O', 'B-ACTION', 'O', 'O', 'O', 'O', 'O', 'O', 'B-LOC', 'O', 'B-DATE', 'O', 'O', 'O', 'O', 'O']"
443,Demotermine1250288610281502021-11-24 18:35:17,"['WIR', 'PFLEGEN', 'MIT', '❤', '️', 'ABER', 'NICHT', 'DER', 'IMPFPFLICHT', '👆', '🏻', '️\u200d', '🔥', 'Samstag', '27.11.2021', '11.00', 'bis', '13.00', 'Uhr', '71394', 'Kernen-Rommelshausen', 'Stettener', 'Str.', '48', 'Pausenhof', 'der', 'Rumold-Real-Schule', '(', 'gegenüber', 'Haus', 'Edelberg', ')', '#BW', '#Sa2711', '#Kernen', 'Raus', 'auf', 'die', 'Straßen', '@Demotermine!', '👉', 'Übersicht', '/', 'Overview', '👈']","['O', 'O', 'O', 'O', 'O', 'O', 'O', 'O', 'O', 'O', 'O', 'O', 'O', 'B-DATE', 'I-DATE', 'B-TIME', 'I-TIME', 'I-TIME', 'I-TIME', 'B-LOC', 'I-LOC', 'B-LOC', 'I-LOC', 'I-LOC', 'B-LOC', 'I-LOC', 'I-LOC', 'I-LOC', 'I-LOC', 'I-LOC', 'I-LOC', 'I-LOC', 'B-LOC', 'B-DATE', 'B-LOC', 'O', 'O', 'O', 'O', 'O', 'O', 'O', 'O', 'O', 'O']"
444,Demotermine1250288610212332021-10-13 18:16:14,"['Hohe', 'Gefängnisstrafen', 'für', 'Angriff', 'bei', '""', 'Querdenker""-Demo', '👉', '🏻', 'Neuer', 'Beitrag', '@Stuttgarter_Zeitung']","['O', 'O', 'O', 'B-ACTION', 'O', 'O', 'O', 'O', 'O', 'O', 'O', 'O']"
445,Demotermine125028861013682020-06-08 14:34:40,"['63322', 'Rödermark-Urberach', '19:00', 'Uhr', 'Dalles', ',', 'Gallus', 'Kirche', 'Meditation', '45657', 'Recklinghausen', 'Rathausplatz', 'Spaziergang', '94209', 'Regen', '18:00', 'Stadtplatz', 'Sonstiges', '23847', 'Rethwisch', '16:00', 'Fahrraddemo', '01589', 'Riesa', '18055', 'Rostock', 'Neuer', 'Markt', 'Demonstration', '07318', 'Saalfeld', 'Ecke', 'Apotheke', '66740', 'Saarlouis', 'Brunnen', 'Großer', 'Sangerhausen', 'Marktplatz', '63825', 'Schöllkrippen', '17:00', '08261', 'Schöneck', '/', 'Vogtl', '.', 'Rathaus', '73614', 'Schorndorf', 'Oberer', 'Kundgebung', '73525', 'Schwäbisch', 'Gmünd', '72488', 'Sigmaringen', 'Post', '(', 'Marstall-Passage', ')', '21680', 'Stade', 'Elch', 'Königsmark-Bastion', '07646', 'Stadtroda', '18439', 'Stralsund', 'Alter', 'Mahnwache', '54290', 'Trier', 'Porta-Nigra-Platz', '07819', 'Triptis', '27283', 'Verden', 'Aller', 'Lugenstein', '17192', 'Waren', 'Müritz', '91781', 'Weißenburg', 'vor', 'dem', 'hi', 'Weimar', 'Theaterplatz', '01723', 'Wilsdruff', '02763', 'Zittau', '18:30', '09405', 'Zschopau', 'Neumarkt', '08297', 'Zwönitz', '08056', 'Zwickau', 'Hauptmarkt', 'https://demo.terminkalender.top', '@Demotermine', '-', 'Bilder', 'und', 'Videos', 'hochladen', '@WiderstandAktiv', 'Diskussion', '@DemotermineChat', 'Fahren', 'oder', 'Mitfahren', '@Fahrgemeinschaft']","['B-LOC', 'I-LOC', 'B-TIME', 'I-TIME', 'B-LOC', 'O', 'B-LOC', 'I-LOC', 'B-ACTION', 'B-LOC', 'I-LOC', 'B-LOC', 'B-ACTION', 'B-LOC', 'I-LOC', 'B-TIME', 'B-LOC', 'B-ACTION', 'B-LOC', 'I-LOC', 'B-TIME', 'B-ACTION', 'B-LOC', 'I-LOC', 'B-LOC', 'I-LOC', 'B-LOC', 'I-LOC', 'B-ACTION', 'B-LOC', 'I-LOC', 'I-LOC', 'I-LOC', 'B-LOC', 'I-LOC', 'B-LOC', 'I-LOC', 'B-LOC', 'B-LOC', 'B-LOC', 'I-LOC', 'B-TIME', 'B-LOC', 'B-LOC', 'I-LOC', 'I-LOC', 'I-LOC', 'O', 'B-LOC', 'I-LOC', 'B-LOC', 'B-ACTION', 'B-LOC', 'I-LOC', 'I-LOC', 'B-LOC', 'I-LOC', 'B-LOC', 'O', 'B-LOC', 'O', 'B-LOC', 'I-LOC', 'B-LOC', 'I-LOC', 'B-LOC', 'I-LOC', 'B-LOC', 'I-LOC', 'B-LOC', 'B-ACTION', 'B-LOC', 'I-LOC', 'B-LOC', 'B-LOC', 'I-LOC', 'B-LOC', 'I-LOC', 'I-LOC', 'B-LOC', 'B-LOC', 'I-LOC', 'I-LOC', 'B-LOC', 'I-LOC', 'I-LOC', 'O', 'I-LOC', 'B-LOC', 'B-LOC', 'B-LOC', 'I-LOC', 'B-LOC', 'I-LOC', 'B-TIME', 'B-LOC', 'I-LOC', 'B-LOC', 'B-LOC', 'I-LOC', 'B-LOC', 'I-LOC', 'B-LOC', 'O', 'O', 'O', 'O', 'O', 'O', 'O', 'O', 'O', 'O', 'O', 'O', 'O', 'O']"
446,Demotermine1250288610109672021-05-23 10:39:40,"['Pfingsten', 'in', 'Berlin', '-', 'findet', 'auch', 'Berlins', 'Parks', 'statt', '.', '😉', 'Raus', 'auf', 'die', 'Straße', '@Demotermine!']","['B-DATE', 'O', 'B-LOC', 'O', 'O', 'O', 'O', 'O', 'O', 'O', 'O', 'O', 'O', 'O', 'O', 'O']"
447,Demotermine125028861034122020-10-27 19:55:53,"['Heilbronn', '@Querdenken713', '@BadenWuerttembergInfoChat', '29102020']","['B-LOC', 'O', 'O', 'B-DATE']"
448,Demotermine1250288610196182021-09-27 18:22:00,"['#Heidelberg', '#BW', '#So1710', 'Raus', 'auf', 'die', 'Straßen', '@Demotermine']","['B-LOC', 'B-LOC', 'B-DATE', 'O', 'O', 'O', 'O', 'O']"
449,Demotermine1250288610282212021-11-26 01:17:37,"['Bei', 'einer', 'Umfrage', 'unter', 'Lkw', 'Fahrern', 'sagen', '37', '%', 'nicht', '""', 'Nein', 'zur', 'Impfung', ',', 'sondern', 'sogar', 'Zur', 'Hölle', 'NEIN', '!', 'Diese', 'Nachricht', 'freut', 'mich', 'sehr', '.', 'Allerdings', 'zeigt', 'der', 'Sprecher', 'ein', 'anderes', 'Problem', 'auf', 'Selbst', 'wenn', 'nur', '3,7', 'lieber', 'kündigen', 'als', 'sich', 'impfen', 'zu', 'lassen', 'wäre', 'das', 'eine', 'Katastrophe', 'und', 'könnte', 'die', 'Lieferketten', 'unterbrechen', 'Es', 'ist', 'also', 'egal', 'ob', 'Probleme', 'bei', 'durch', 'streikende', 'Fahrer', 'oder', 'totgeimpfte', 'entstehen', 'Die', 'Eliten', 'kommen', 'ihrem', 'Ziel', 'Deshalb', 'müssen', 'wir', 'uns', 'unbedingt', 'auch', 'international', 'verbinden', 'etwas', 'parallel', 'aufbauen', 'Für', 'mehr', 'Berichte', 'folgen', '...', '@dauerwelleDemoReport', 'Raus', 'Straßen', '@Demotermine!', '👉', 'Übersicht', '/', 'Overview', '👈']","['O', 'O', 'O', 'O', 'O', 'O', 'O', 'O', 'O', 'O', 'O', 'O', 'O', 'O', 'O', 'O', 'O', 'O', 'O', 'O', 'O', 'O', 'O', 'O', 'O', 'O', 'O', 'O', 'O', 'O', 'O', 'O', 'O', 'O', 'O', 'O', 'O', 'O', 'O', 'O', 'O', 'O', 'O', 'O', 'O', 'O', 'O', 'O', 'O', 'O', 'O', 'O', 'O', 'O', 'O', 'O', 'O', 'O', 'O', 'O', 'O', 'O', 'O', 'O', 'O', 'O', 'O', 'O', 'O', 'O', 'O', 'O', 'O', 'O', 'O', 'O', 'O', 'O', 'O', 'O', 'O', 'O', 'O', 'O', 'O', 'O', 'O', 'O', 'O', 'O', 'O', 'O', 'O', 'O', 'O', 'O', 'O', 'O']"
450,Demotermine1250288610321742021-12-18 08:15:06,"['#Fellbach', 'Mo.', '19', 'Uhr', 'Lutherkirche', '#BW', '#Mo2012', '#Mo2712', '#montags', 'Raus', 'auf', 'die', 'Straßen', '@Demotermine!', '👉', 'Übersicht', '/', 'Overview', '👈']","['B-LOC', 'B-DATE', 'B-TIME', 'I-TIME', 'B-LOC', 'B-LOC', 'O', 'B-DATE', 'O', 'O', 'O', 'O', 'O', 'O', 'O', 'O', 'O', 'O', 'O']"
451,Demotermine1250288610190292021-09-24 01:22:51,"['Schilderdemo', ',', 'Heilbronn', 'Karlssee', '(', 'BUGA', 'Gelände', ')', '#freedomday', '14:00', 'bis', '16:30', 'Uhr', '25.09.2021', 'https://maps.app.goo.gl/8KXp1pPTKvbZbMCm8', '@BadenWuerttembergInfoChat', '25092021', '#BW', '#S259', 'Raus', 'auf', 'die', 'Straßen', '@Demotermine']","['B-ACTION', 'O', 'B-LOC', 'B-LOC', 'O', 'O', 'I-LOC', 'O', 'O', 'B-TIME', 'I-TIME', 'I-TIME', 'I-TIME', 'B-DATE', 'O', 'O', 'B-DATE', 'B-LOC', 'B-DATE', 'O', 'O', 'O', 'O', 'O']"
452,Demotermine1250288610136402021-08-02 17:18:48,"['Das', 'war', 'unser', '1.8.2021', 'in', 'Berlin', 'Raus', 'auf', 'die', 'Straße', '@Demotermine!']","['O', 'O', 'O', 'B-DATE', 'O', 'B-LOC', 'O', 'O', 'O', 'O', 'O']"
453,Demotermine125028861091482021-04-15 03:42:19,"['Unterschleißheim', '-', 'Garching', 'Ismaning', 'Autokorso', '@BayernInfoChat', '19042021', 'Raus', 'auf', 'die', 'Straße', '@Demotermine!']","['B-LOC', 'O', 'B-LOC', 'B-LOC', 'B-ACTION', 'O', 'B-DATE', 'O', 'O', 'O', 'O', 'O']"
454,Demotermine125028861034202020-10-27 21:36:50,"['Ludwigsburg', '01112020', '@querdenken7141', '@EfAuF_Newsletter', '@demotermine', '@BadenWuerttembergInfoChat']","['B-LOC', 'B-DATE', 'O', 'O', 'O', 'O']"
455,Demotermine1250288610210382021-10-12 07:19:30,"['Leipzig', 'Demo', '11.10.21', '—', 'Weichreite', 'TV', 'https://youtu.be/sm9cEyL_sao', '1:17:57', 'Raus', 'auf', 'die', 'Straßen', '@Demotermine!', '👉', 'Übersicht', '/', 'Overview', '👈']","['B-LOC', 'B-ACTION', 'B-DATE', 'O', 'B-ORG', 'I-ORG', 'O', 'B-TIME', 'O', 'O', 'O', 'O', 'O', 'O', 'O', 'O', 'O', 'O']"
456,Demotermine1250288610183662021-09-18 13:20:59,"['Stuttgart', 'vom', 'Bahnhof', 'nun', 'wieder', 'Richtung', 'Rotebühlplatz', 'Raus', 'auf', 'die', 'Straßen', '@Demotermine']","['B-LOC', 'O', 'B-LOC', 'O', 'O', 'O', 'B-LOC', 'O', 'O', 'O', 'O', 'O']"
457,Demotermine1250288610287782021-11-28 19:25:41,"['1987', '/', '2021', '-', 'Geschichte', 'wiederholt', 'sich', '!']","['B-DATE', 'O', 'B-DATE', 'O', 'O', 'O', 'O', 'O']"
458,Demotermine125028861081812021-03-26 01:29:43,"['Nena', 'solidarisiert', 'sich', 'mit', 'Querdenkern', '@GabrieleSusanne_Kerner', 'Raus', 'auf', 'die', 'Straße', '@Demotermine!']","['B-PER', 'O', 'O', 'O', 'B-ORG', 'O', 'O', 'O', 'O', 'O', 'O']"
459,Demotermine125028861060342021-02-07 00:01:02,"['Autokorso', 'Berlin', '@BerlinInfoChat', '@Demotermine']","['B-ACTION', 'B-LOC', 'O', 'O']"
460,Demotermine1250288610165532021-08-29 23:49:14,"[""Paula's"", 'Kommentar', 'zu', 'Berlin', 'am', '28./29.08.2021', 'in', '3', 'Teilen']","['O', 'O', 'O', 'B-LOC', 'O', 'O', 'O', 'O', 'O']"
461,Demotermine1250288610233692021-10-26 09:47:32,"['#Leserzuschrift', '#BRV2510', '#Lichterspaziergang', '@CUXHAVEN_PROTEST', 'Raus', 'auf', 'die', 'Straßen', '@Demotermine!', '👉', 'Übersicht', '/', 'Overview', '👈']","['O', 'O', 'B-ACTION', 'O', 'O', 'O', 'O', 'O', 'O', 'O', 'O', 'O', 'O', 'O']"
462,Demotermine1250288610318662021-12-15 12:38:48,"['‼️', 'VERNUNFT', 'STATT', 'MAßNAHMENWAHN', '!', 'SCHLUSS', 'MIT', 'DER', 'SPALTUNG', 'Versammlung', 'mit', 'Aufzug', 'in', 'Mönchengladbach-Rheydt', 'Datum', ':', '19.12.2021', 'Uhrzeit', '15:00', 'bis', '18:00', 'Uhr', 'AUFTAKTKUNDGEBUNG', 'Marktplatz', 'Rheydt', '🔸', 'Das', 'Motto', 'unserer', 'lautet', '☀', '️', 'Wir', 'sind', '…', '🔴', 'für', 'die', 'sofortige', 'Wiederherstellung', 'Grundrechte', 'Beendigung', 'aller', 'Corona-Maßnahmen!', 'eine', 'freie', 'Impfentscheidung', 'ohne', 'Zwang', 'demonstrieren', 'seit', 'Anfang', 'des', 'Jahres', 'friedlich', 'und', 'lautstark', 'dafür', ',', 'dass', 'Corona-Willkürmaßnahmen', 'Regierung', 'ein', 'Ende', 'finden', '.', '👉', '🏼', 'Mönchengladbacher', 'Arbeitnehmer', 'Einzelhändler', 'Erzieher', 'Gastronomen', 'Lehrer', 'Pflegekräfte', 'Therapeuten', 'alle', 'unter', 'dem', 'Maßnahmenwahn', 'der', 'letzten', 'Monate', 'zu', 'leiden', 'haben', 'Schließt', 'Euch', 'uns', 'an', '❤', 'Bringt', 'thematisch', 'passende', 'Banner', 'Fahnen', 'Schilder', 'Über', 'Trillerpfeifen', 'Trommeln', 'Trompeten', 'Megafone', 'freuen', 'wir', '🥁', '🎺', '📣', '#NW', '#So1912', '#Mönchengladbach', '@Demotermine!', 'Übersicht', '/', 'Overview', '👈']","['O', 'O', 'O', 'O', 'O', 'O', 'O', 'O', 'O', 'B-ACTION', 'O', 'B-ACTION', 'O', 'B-LOC', 'O', 'O', 'B-DATE', 'O', 'B-TIME', 'I-TIME', 'I-TIME', 'O', 'B-ACTION', 'B-LOC', 'O', 'O', 'O', 'O', 'O', 'O', 'O', 'O', 'O', 'O', 'O', 'O', 'O', 'O', 'O', 'O', 'O', 'O', 'O', 'O', 'O', 'O', 'O', 'O', 'O', 'O', 'O', 'O', 'O', 'O', 'O', 'O', 'O', 'O', 'O', 'O', 'O', 'O', 'O', 'O', 'O', 'O', 'O', 'O', 'O', 'O', 'O', 'O', 'O', 'O', 'O', 'O', 'O', 'O', 'O', 'O', 'O', 'O', 'O', 'O', 'O', 'O', 'O', 'O', 'O', 'O', 'O', 'O', 'O', 'O', 'O', 'O', 'O', 'O', 'O', 'O', 'O', 'O', 'O', 'O', 'O', 'O', 'O', 'B-LOC', 'B-DATE', 'B-LOC', 'O', 'O', 'O', 'O', 'O']"
463,Demotermine125028861058902021-02-03 18:39:17,"['FREITAG', ',', '05.02.2021', 'LUDWIGSBURG', 'ZU', 'MACHEN', '!', '🚗', '🚖', '🚎', 'AUTOKORSO', '🚐', '🚘', '🚓', '16:30', 'Uhr', '🕟', '-', '🕔', 'Stellen', 'Startpunkt', ':', 'Otto-Konz-Weg', '1', 'Ludwigsburg', 'Parkplatz', 'Freibad', 't.me/s/StuttgartGrundgesetzDemos', '⬆', '️', '🔼', 'Mehr', 'Infos', 'https://t.me/Demotermine/5876', '@BadenWuerttembergInfoChat', '05022021', 'Bilder', 'und', 'Videos', 'hochladen', '@WiderstandAktiv', 'Termine', 'in', 'Textform', '@Termine_Veranstaltungen', 'Fahren', 'oder', 'Mitfahren', '@Fahrgemeinschaft', 'Übernachten', '?', '@Unterkuenfte', '@Demotermine', '@DemotermineChat', '@Demoliebe']","['B-DATE', 'I-DATE', 'I-DATE', 'B-LOC', 'O', 'O', 'O', 'O', 'O', 'O', 'B-ACTION', 'O', 'O', 'O', 'B-TIME', 'I-TIME', 'O', 'O', 'O', 'O', 'O', 'O', 'B-LOC', 'O', 'B-LOC', 'B-LOC', 'I-LOC', 'O', 'O', 'O', 'O', 'O', 'O', 'O', 'O', 'B-DATE', 'O', 'O', 'O', 'O', 'O', 'O', 'O', 'O', 'O', 'O', 'O', 'O', 'O', 'O', 'O', 'O', 'O', 'O', 'O']"
464,Demotermine1250288610134922021-08-01 15:24:06,"['💥', 'Querdenker-Demos', 'werden', 'verboten', ',', 'CSD', 'darf', 'stattfinden', ':', 'In', 'unserer', 'August-Ausgabe', 'zeigen', 'wir', 'warum', 'die', 'Regenbogen-Lobby', 'bevorzugt', 'wird', '–', 'und', 'welche', 'Interessen', 'dahinter', 'stehen', '.', 'Außerdem', 'Der', 'Feldzug', 'gegen', 'Ungarn', 'Hintergründe', 'Viktor', 'Orban', 'im', 'O-Ton.', 'Alles', 'in', 'einem', 'Heft', '➡', '️', 'Hier', 'mehr', 'erfahren', 'Raus', 'auf', 'Straße', '@Demotermine!']","['O', 'B-ACTION', 'O', 'O', 'O', 'B-ACTION', 'O', 'O', 'O', 'O', 'O', 'O', 'O', 'O', 'O', 'O', 'O', 'O', 'O', 'O', 'O', 'O', 'O', 'O', 'O', 'O', 'O', 'O', 'O', 'O', 'B-LOC', 'O', 'B-PER', 'I-PER', 'O', 'O', 'O', 'O', 'O', 'O', 'O', 'O', 'O', 'O', 'O', 'O', 'O', 'O', 'O']"
465,Demotermine1250288610117722021-06-20 10:36:26,"['Zum', 'Glück', 'gibt', 'es', 'beim', 'Fußball', 'schauen', 'kein', 'Corona', ',', 'das', 'nur', 'in', 'Schulen', 'und', 'auf', 'Demonstrationen', 'mit', 'Maskenpflicht', '.', '🥳', '✌', '️&', '❤', '️', '@ServusDeutschland', 'Raus', 'die', 'Straße', '@Demotermine!']","['O', 'O', 'O', 'O', 'O', 'O', 'O', 'O', 'O', 'O', 'O', 'O', 'O', 'O', 'O', 'O', 'O', 'O', 'O', 'O', 'O', 'O', 'O', 'O', 'O', 'O', 'O', 'O', 'O', 'O']"
466,Demotermine1250288610233322021-10-26 08:00:59,"['Wir', 'sagen', 'NEIN', '!', 'Demo', '–', 'Wien', 'DEMO', 'IN', 'WIEN', 'AM', '26.', '10', 'IHR', 'WERDET', 'GEBRAUCHT', 'FÜR', 'UNSERE', 'KINDER', ',', 'DEN', 'BERUF', 'DER', 'AUS', 'LIEBE', 'GEWÄHLT', 'WURDE', 'UND', 'DIE', 'FREIHEIT', 'MAN', 'UNS', 'NEHMEN', 'WILL', 'GEMEINSAM', 'AUFSTEHEN', 'GEGEN', 'POLITIK', 'SPALTUNG', 'MENSCHEN', 'Unsere', 'derzeitige', 'Regierung', 'sogenannte', 'Experten', 'und', 'die', 'staatlich', 'gekauften', 'Medien', 'haben', 'für', 'eine', 'grausame', 'Spaltung', 'in', 'unserem', 'Land', 'gesorgt', '.', 'ANGST', 'DRUCK', 'LEID', 'KUMMER', 'SORGEN', 'überfluten', 'Menschen', 'sind', 'tägliche', 'Begleiter', 'Lasst', 'uns', 'am', 'Oktober', '2021', 'ein', 'ZEICHEN', 'setzen', 'gegen', 'diese', 'MENSCHENVERACHTENDE', 'REGIERUNG', 'aufstehen', 'freuen', 'auf', 'EUCH', 'ALLE', '#AT', '#Di2610', '#Wien', 'Raus', 'Straßen', '@Demotermine!', '👉', 'Übersicht', '/', 'Overview', '👈']","['O', 'O', 'O', 'O', 'B-ACTION', 'O', 'B-LOC', 'B-ACTION', 'O', 'B-LOC', 'O', 'B-DATE', 'I-DATE', 'O', 'O', 'O', 'O', 'O', 'O', 'O', 'O', 'O', 'O', 'O', 'O', 'O', 'O', 'O', 'O', 'O', 'O', 'O', 'O', 'O', 'O', 'O', 'O', 'O', 'O', 'O', 'O', 'O', 'O', 'O', 'O', 'O', 'O', 'O', 'O', 'O', 'O', 'O', 'O', 'O', 'O', 'O', 'O', 'O', 'O', 'O', 'O', 'O', 'O', 'O', 'O', 'O', 'O', 'O', 'O', 'O', 'O', 'O', 'O', 'I-DATE', 'I-DATE', 'O', 'O', 'O', 'O', 'O', 'O', 'O', 'O', 'O', 'O', 'O', 'O', 'B-LOC', 'B-DATE', 'B-LOC', 'O', 'O', 'O', 'O', 'O', 'O', 'O', 'O']"
467,Demotermine1250288610236852021-10-28 13:10:35,"['LIVE', 'aus', 'London', ':', 'Prostest', 'gegen', 'die', 'Auslieferung', 'von', 'Julian', 'Assange', '👉', '🏻', 'Neuer', 'Beitrag', '@RT_Deutsch']","['O', 'O', 'B-LOC', 'O', 'O', 'O', 'O', 'O', 'O', 'B-PER', 'I-PER', 'O', 'O', 'O', 'O', 'O']"
468,Demotermine1250288610129742021-07-25 23:55:46,"['So', 'tritt', 'die', 'Polizei', 'in', 'Italien', 'auf‼️', 'Raus', 'auf', 'Straße', '@Demotermine!']","['O', 'O', 'O', 'B-ORG', 'O', 'B-LOC', 'O', 'O', 'O', 'O', 'O']"
469,Demotermine1250288610209642021-10-10 16:35:08,"['Teil', '3', '-', 'Velo', 'Korso', 'Team', '100', 'Covid', 'Gesetz', 'Nein', '—', 'Wissensgeist', 'Nicole', 'Hammer', 'https://youtu.be/GK512y8UP4E', '4:16', 'Raus', 'auf', 'die', 'Straßen', '@Demotermine!', '👉', 'Übersicht', '/', 'Overview', '👈']","['O', 'O', 'O', 'B-ACTION', 'I-ACTION', 'O', 'O', 'O', 'O', 'O', 'O', 'O', 'B-PER', 'I-PER', 'O', 'B-TIME', 'O', 'O', 'O', 'O', 'O', 'O', 'O', 'O', 'O', 'O']"
470,Demotermine125028861065492021-02-19 22:33:04,"['Infostände', 'und', 'Informationstouren', 'in', 'deiner', 'Stadt', 'https://t.me/Veranstaltungen', '@Demotermine']","['B-ACTION', 'O', 'B-ACTION', 'O', 'O', 'O', 'O', 'O']"
471,Demotermine1250288610183852021-09-18 13:39:56,"['Montevideo', ',', '18.', 'September', '2021.', 'Generalstreik', 'und', 'Massenkundgebung', 'in', 'Uruguay', 'gegen', 'den', 'genozidalen', 'Corona-Putsch', 'der', 'Banken', 'Konzerne', 'Wahlfälscher', 'gekaufte', 'Regierungen', '.', '#WorldWideDemo', '#Querdenken', '#NichtOhneUns', 'demokratischerwiderstand.de', 'Raus', 'auf', 'die', 'Straßen', '@Demotermine']","['B-LOC', 'O', 'B-DATE', 'I-DATE', 'O', 'O', 'O', 'O', 'O', 'B-LOC', 'O', 'O', 'O', 'O', 'O', 'O', 'O', 'O', 'O', 'O', 'O', 'O', 'O', 'O', 'O', 'O', 'O', 'O', 'O', 'O']"
472,Demotermine1250288610193632021-09-26 09:55:49,"['Erwin', 'Rüddel', '(', 'CDU', ')', ',', 'spricht', 'von', 'Endlösung', 'für', 'ungeimpfte', '!', '😱']","['B-PER', 'I-PER', 'O', 'B-ORG', 'O', 'O', 'O', 'O', 'O', 'O', 'O', 'O', 'O']"
473,Demotermine1250288610182032021-09-18 03:12:28,"['Die', 'Trommeln', 'rufen', 'die', 'Trommler', 'Foto', 'vom', 'ersten', 'Aufzug', 'RufderTrommeln', 'durch', 'Stuttgart', 'am', '30.05.2020', 'mit', 'einigen', 'Dutzend', 'Teilnehmern', '.', '2', 'zeigt', 'den', '3.4.2021', 'mehreren', 'Zehntausend', 'in', 'Stuttgarter', 'Dazwischen', 'liegt', '1', 'Jahr', 'Widerstand', 'auf', 'der', 'Straße', ',', 'unzählige', 'kleinere', 'und', 'einige', 'legendäre', 'Aufzüge', 'wie', 'Berlin', '1.', '29.8.2020', '25.10.', 'Leipzig', '7.11', 'Wien', '31.01.2021', '...', 'Spätestens', 'hat', 'Staatsmacht', 'Macht', 'erkannt', 'Und', 'seither', 'konsequent', 'alle', 'Trommel-Aufzüge', 'verboten', 'unsere', 'verhaftet', 'Crewmitglieder', 'verletzt', 'Owis', 'Strafanzeigen', 'verteilt', 'beschlagnahmt', 'Organisatoren', 'vor', 'Gericht', 'gestellt', 'oder', 'zuhause', 'Staatsschutz', 'besuchen', 'lassen', 'Tja', 'liebe', 'war', 'leider', 'zu', 'spät.', '🤷', '\u200d', '♂', '️', 'Ruf', 'Kinder', 'bekommen', 'Viele', 'Diese', 'haben', 'sehr', 'schnell', 'gelernt', 'jetzt', 'überall', 'sogar', 'international', 'Mach', 'auch', 'DU', 'Wir', 'brauchen', '1.000', 'Infos', ':', 'https://t.me/EintausendTrommeln']","['O', 'O', 'O', 'O', 'O', 'O', 'O', 'O', 'B-ACTION', 'I-ACTION', 'O', 'B-LOC', 'O', 'B-DATE', 'O', 'O', 'O', 'O', 'O', 'O', 'O', 'O', 'B-DATE', 'O', 'O', 'O', 'O', 'O', 'O', 'O', 'O', 'O', 'O', 'O', 'O', 'O', 'O', 'O', 'O', 'O', 'O', 'O', 'O', 'B-LOC', 'B-DATE', 'B-DATE', 'B-DATE', 'B-LOC', 'B-DATE', 'B-LOC', 'B-DATE', 'O', 'O', 'O', 'O', 'O', 'O', 'O', 'O', 'O', 'O', 'O', 'O', 'O', 'O', 'O', 'O', 'O', 'O', 'O', 'O', 'O', 'O', 'O', 'O', 'O', 'O', 'O', 'O', 'O', 'O', 'O', 'O', 'O', 'O', 'O', 'O', 'O', 'O', 'O', 'O', 'O', 'O', 'O', 'O', 'O', 'O', 'O', 'O', 'O', 'O', 'O', 'O', 'O', 'O', 'O', 'O', 'O', 'O', 'O', 'O', 'O']"
474,Demotermine125028861076502021-03-16 08:06:15,"['Remscheid', 'Autokorso', 'Treffen', 'Parkplatz', 'H2O', ',', 'Hackenberger', 'Straße', '@NordrheinWestfalenInfoChat', '20032021', 'Raus', 'auf', 'die', '@Demotermine!']","['B-LOC', 'B-ACTION', 'O', 'B-LOC', 'I-LOC', 'O', 'B-LOC', 'I-LOC', 'O', 'B-DATE', 'O', 'O', 'O', 'O']"
475,Demotermine1250288610160282021-08-29 11:43:31,"['🇩', '🇪', 'Demo-Berlin:', 'Auch', 'die', 'Freie', 'Linke', 'ist', 'wieder', 'dabei', '.', '#b2908', 'Raus', 'auf', 'Straßen', '@Demotermine']","['O', 'O', 'O', 'O', 'O', 'B-ORG', 'I-ORG', 'O', 'O', 'O', 'O', 'O', 'O', 'O', 'O', 'O']"
476,Demotermine1250288610183342021-09-18 12:54:15,"['Quer', 'durch', 'Stuttgart', ',', 'jetzt', 'Tübinger', 'Straße', 'Raus', 'auf', 'die', 'Straßen', '@Demotermine']","['O', 'O', 'B-LOC', 'O', 'O', 'B-LOC', 'I-LOC', 'O', 'O', 'O', 'O', 'O']"
477,Demotermine1250288610172692021-09-06 07:47:46,"['‼️‼️‼️‼️‼️‼️‼️‼️‼️‼️‼️', 'Glarus', '@SchweizChat', '08092021', 'Raus', 'auf', 'die', 'Straßen', '@Demotermine']","['O', 'B-LOC', 'O', 'B-DATE', 'O', 'O', 'O', 'O', 'O']"
478,Demotermine1250288610507,"['Kommt', 'raus', '...', 'Demo', '#Landau', '/', 'Pfalz', 'am', '03.08,2019', '—', 'NACHGEDACHT', 'https://youtu.be/tQ4HJy9AlFk', '0:44']","['O', 'O', 'O', 'O', 'B-LOC', 'I-LOC', 'I-LOC', 'O', 'B-DATE', 'O', 'O', 'O', 'O']"
479,Demotermine125028861079362021-03-21 01:23:29,"['Ich', 'rufe', 'dazu', 'auf', 'sich', 'am', 'Freitag', '26.03.21', 'um', '19Uhr', 'vor', 'der', 'Freimaurerloge', 'in', 'Heilbronn', 'zu', 'versammeln', 'und', 'die', 'Freimaurer', 'zur', 'Rede', 'stellen', 'sollten', 'sie', 'einer', 'Diskussion', 'annehmen', '.', 'Wann', ':', '""', 'Zum', 'Brunnen', 'des', 'Heils', 'Wie', 'immer', 'gilt', 'unser', 'erster', 'Vorsatz', 'FRIEDLICH', 'Wer', 'will', 'kann', 'mir', 'anschließen', 'Adresse', 'Moltkestraße', '8', '/', '2', ',', '74072', 'werde', 'per', 'E-Mail', 'aufrufen', 'Stellung', 'aktuellen', 'Lage', 'beziehen', 'ihre', 'weißen', 'erleuchteten', 'Ansichten', 'anzuhören', 'falls', 'denn', 'genug', 'Eier', 'haben', 'mit', 'Mitmenschen', 'ja', 'so', 'schätzen', 'reden', 'TEILEN', '!', 'Kanal', '@brotundmedien', '@FackellaufDerFreiheit', '@Freimaurer', '@BadenWuerttembergInfoChat', '26032021', 'Raus', 'Straße', '@Demotermine!']","['O', 'O', 'O', 'O', 'O', 'O', 'B-DATE', 'I-DATE', 'O', 'B-TIME', 'O', 'O', 'B-LOC', 'O', 'B-LOC', 'O', 'O', 'O', 'O', 'O', 'O', 'O', 'O', 'O', 'O', 'O', 'O', 'O', 'O', 'O', 'O', 'I-LOC', 'I-LOC', 'I-LOC', 'I-LOC', 'I-LOC', 'O', 'O', 'O', 'O', 'O', 'O', 'O', 'O', 'O', 'O', 'O', 'O', 'O', 'B-LOC', 'I-LOC', 'I-LOC', 'O', 'O', 'B-LOC', 'O', 'O', 'O', 'O', 'O', 'O', 'O', 'O', 'O', 'O', 'O', 'O', 'O', 'O', 'O', 'O', 'O', 'O', 'O', 'O', 'O', 'O', 'O', 'O', 'O', 'O', 'O', 'O', 'O', 'O', 'O', 'B-DATE', 'O', 'O', 'O']"
480,Demotermine125028861095172021-04-26 17:19:34,"['D-67454', 'Haßloch', '@RheinlandPfalzInfoChat', '02052021', 'Raus', 'auf', 'die', 'Straße', '@Demotermine!']","['B-LOC', 'I-LOC', 'O', 'B-DATE', 'O', 'O', 'O', 'O', 'O']"
481,Demotermine1250288610295012021-12-02 09:39:52,"['München', ':', 'LMU-Uniklinik', 'wirft', 'Mitarbeiterin', 'wegen', 'Corona-Video', 'raus', '-', 'SZ.de', 'https://www.sueddeutsche.de/muenchen/muenchen-uniklinik-pathologie-video-corona-1.5478229!amp', 'LMU', 'Klinikum', 'Innenstadt', 'Ziemssenstraße', '1', ',', '80336', '089', '44000', 'https://g.co/kgs/NG5Chj', 'Zur', 'Wutrede', 'https://t.me/Corona_Reset/10189', 'Raus', 'auf', 'die', 'Straßen', '@Demotermine!', '👉', 'Übersicht', '/', 'Overview', '👈']","['B-LOC', 'O', 'B-LOC', 'O', 'O', 'O', 'O', 'O', 'O', 'O', 'O', 'O', 'B-LOC', 'B-LOC', 'B-LOC', 'O', 'O', 'B-LOC', 'O', 'O', 'O', 'O', 'O', 'O', 'O', 'O', 'O', 'O', 'O', 'O', 'O', 'O', 'O', 'O']"
482,Demotermine1250288610188892021-09-22 13:08:23,"['BÜNDNIS21', 'Hessen', 'beim', 'Wahlkampf', '.', 'https://t.me/buendnis21', 'Raus', 'auf', 'die', 'Straßen', '@Demotermine']","['B-ORG', 'I-ORG', 'O', 'B-ACTION', 'O', 'O', 'O', 'O', 'O', 'O', 'O']"
483,Demotermine1250288610100562021-05-06 02:35:25,"['Karlsruhe', '@BadenWuerttembergInfoChat', '06052021', 'Raus', 'auf', 'die', 'Straße', '@Demotermine!']","['B-LOC', 'O', 'B-DATE', 'O', 'O', 'O', 'O', 'O']"
484,Demotermine1250288610287052021-11-28 09:12:49,"['Das', 'Video', 'zum', 'Sonntag', '.', 'Ein', 'exemplarisches', 'Beispiel', 'des', 'deutschen', 'Widerstands', '😁', 'Etwas', 'Spaß', 'muss', 'sein', '@MarcoKurz', 'Raus', 'auf', 'die', 'Straßen', '@Demotermine!', '👉', 'Übersicht', '/', 'Overview', '👈']","['O', 'O', 'O', 'B-DATE', 'O', 'O', 'O', 'O', 'O', 'O', 'O', 'O', 'O', 'O', 'O', 'O', 'O', 'O', 'O', 'O', 'O', 'O', 'O', 'O', 'O', 'O', 'O']"
485,Demotermine1250288610162932021-08-29 14:15:00,"['+', 'Riesiger', 'Zug', 'Marienburger', 'Richtung', 'Prenzlauer', 'Allee', 'Raus', 'auf', 'die', 'Straßen', '@Demotermine']","['O', 'O', 'B-ACTION', 'B-LOC', 'I-LOC', 'I-LOC', 'I-LOC', 'O', 'O', 'O', 'O', 'O']"
486,Demotermine1250288610225172021-10-21 01:49:49,"['Lieber', 'Widerstand', 'Hier', 'ein', 'paar', 'ordnende', 'Gedanken', '.', '1.', 'Seit', '588', 'Plandemietagen', 'werden', 'wir', 'unterdrückt', 'und', 'ignoriert', '!', 'Darum', 'protestiere', 'ich', 'bei', 'jeder', 'einzelnen', 'Gelegenheit', '2.', 'Ich', 'lasse', 'mich', 'weder', 'von', 'der', 'Regierung', ',', 'noch', 'Polizei', 'einschüchtern', '3.', 'folge', 'keinen', '(', 'Vereins-)Aufrufen', 'die', 'auf', 'Angst', 'basieren', '4.', 'Jeder', 'demonstriert', 'tut', 'das', 'aus', 'eigener', 'Initiative', 'heraus', '5.', 'Es', 'gibt', 'KEINE', 'Führung', 'im', 'Weder', 'eine', 'Einzelperson', 'Organisation', '6.', 'Wenn', 'Verein', 'Demo', 'organisiert', 'macht', 'ausschliesslich', 'in', 'SEINEM', 'Namen', 'SEINER', 'Verantwortung', 'NICHT', 'IM', 'NAMEN', 'ALLER', 'ANDEREN', '7.', 'Vereinsvorstandsmitglieder', 'nicht', 'demonstrieren', 'wollen', 'sollen', 'sie', 'künftig', 'bitte', 'so', 'formulieren', ':', '«', 'Wir', 'an', 'teilnehmen', '»', 'Also', 'ihrem', 'eigenen', 'Und', 'ohne', 'zusätzliche', 'Aufrufe', 'Empfehlungen', 'stehe', 'für', 'diktaturfreie', 'Schweiz', 'Folgt', 'mir', 'meinem', 'Telegram-Kanal:', 't.me/fedfs']","['O', 'O', 'O', 'O', 'O', 'O', 'O', 'O', 'O', 'O', 'O', 'O', 'O', 'O', 'O', 'O', 'O', 'O', 'O', 'O', 'O', 'O', 'O', 'O', 'O', 'O', 'O', 'O', 'O', 'O', 'O', 'O', 'O', 'O', 'O', 'B-ORG', 'O', 'O', 'O', 'O', 'O', 'O', 'O', 'O', 'O', 'O', 'O', 'O', 'O', 'O', 'O', 'O', 'O', 'O', 'O', 'O', 'O', 'O', 'O', 'O', 'O', 'O', 'O', 'O', 'O', 'O', 'O', 'O', 'B-ACTION', 'O', 'O', 'O', 'O', 'O', 'O', 'O', 'O', 'O', 'O', 'O', 'O', 'O', 'O', 'O', 'O', 'O', 'O', 'O', 'O', 'O', 'O', 'O', 'O', 'O', 'O', 'O', 'O', 'O', 'O', 'O', 'O', 'O', 'O', 'O', 'O', 'O', 'O', 'O', 'O', 'O', 'B-LOC', 'O', 'O', 'O', 'O', 'O']"
487,Demotermine1250288610161692021-08-29 12:51:42,"['Angekündigtes', 'illegales', 'Berichterstattungs-Mobbing', 'durch', 'den', 'Pressesprecher', 'der', 'Berliner', 'Verbrecher', 'in', 'Uniform', '!', 'Es', 'wurde', 'Markus', 'Haintz', 'vorher', 'eröffnet', ',', 'das', 'die', 'Polizei', 'ihn', 'gesetzesbrecherisch', 'abräumen', 'wird', 'Was', 'sie', 'dann', 'ja', 'auch', 'tat', 'Berlin', '-', '29082021', '‼️GG', '.', 'Art.20', '/', '4‼️', '🔥', 'Ziviler', 'Ungehorsam', 't.me/StuttgartGrundgesetzDemos', '⬆', '️', '🔼', '👉', 'Stuttgart', 'Widerstand', 'Grundrechte', 'Freiheit', 'Grundgesetz', 'Demos', '👈', 'Raus', 'auf', 'Straßen', '@Demotermine']","['O', 'O', 'O', 'O', 'O', 'O', 'O', 'O', 'O', 'O', 'O', 'O', 'O', 'O', 'B-PER', 'I-PER', 'O', 'O', 'O', 'O', 'O', 'I-ORG', 'O', 'O', 'O', 'O', 'O', 'O', 'O', 'O', 'O', 'O', 'O', 'O', 'B-DATE', 'O', 'O', 'O', 'O', 'O', 'O', 'O', 'O', 'O', 'O', 'O', 'O', 'O', 'O', 'O', 'O', 'O', 'O', 'O', 'O', 'O', 'O', 'O', 'O']"
488,Demotermine125028861042322020-11-30 01:03:33,"['Dresden', 'Am', 'Smekul', '@SachsenInfoChat', '30112020']","['B-LOC', 'B-LOC', 'I-LOC', 'O', 'B-DATE']"
489,Demotermine1250288610188602021-09-22 09:24:55,"['❤', '️', 'Flugwetter', 'Landeplatz', 'Grieskirchen', '-', '17Uhr', '🦁', 'Raus', 'auf', 'die', 'Straßen', '@Demotermine']","['O', 'O', 'O', 'B-LOC', 'I-LOC', 'O', 'B-TIME', 'O', 'O', 'O', 'O', 'O', 'O']"
490,Demotermine125028861014067,"['Weißenburg', '@BayernInfoChat', '11082021', '@Veranstaltungen']","['B-LOC', 'O', 'B-DATE', 'O']"
491,Demotermine125028861030422020-10-04 11:31:49,"['Weitere', 'Infos', 'zu', 'den', 'heutigen', 'Demos', 'Itzehoe', 'https://t.me/Demotermine/3001', 'Karlsruhe', 'https://t.me/Demotermine/2955', 'https://t.me/Demotermine/2919', 'Konstanz', 'https://t.me/DemotermineChat/35516', 'https://t.me/Demotermine/3038', 'https://t.me/Friedensfahrten/25', 'https://t.me/Demotermine/3003', 'https://t.me/Demotermine/2988', 'Lindau', 'https://t.me/Demotermine/3039', 'Mahlow', 'https://t.me/Demotermine/3009', 'Olching', 'https://t.me/Demotermine/3023', 'Rauenberg', 'https://t.me/DemotermineChat/35498', 'Salem', 'https://t.me/Demotermine/2989', 'Würzburg', 'https://t.me/Demotermine/3031', 'Bilder', 'und', 'Videos', 'hochladen', '@WiderstandAktiv', '-', '@Termine_in_Textform', 'Fahren', 'oder', 'Mitfahren', '@Fahrgemeinschaft', 'Übernachten', '?', '@Unterkuenfte', '@Demotermine', '@DemotermineChat', '@Demoliebe']","['O', 'O', 'O', 'O', 'B-DATE', 'B-ACTION', 'B-LOC', 'O', 'B-LOC', 'O', 'O', 'B-LOC', 'O', 'O', 'O', 'O', 'O', 'B-LOC', 'O', 'B-LOC', 'O', 'B-LOC', 'O', 'B-LOC', 'O', 'B-LOC', 'O', 'B-LOC', 'O', 'O', 'O', 'O', 'O', 'O', 'O', 'O', 'O', 'O', 'O', 'O', 'O', 'O', 'O', 'O', 'O', 'O']"
492,Demotermine1250288610250252021-11-04 09:28:49,"['‼️‼️', '⚠', '️', 'Was', 'ist', 'das', 'für', 'eine', 'Umfrage', '?', 'Das', 'gleich', 'wie', 'man', 'Fragen', 'würde', '.', 'Wirst', 'du', 'dich', 'Impfen', '✅', '1.', 'Ja', 'weil', 'ich', 'damit', 'unendlich', 'lange', 'Leben', 'kann', '2.', 'Nein', 'streben', 'will', '!', 'Vielleicht', 'wollen', 'wir', 'Nau.ch', 'mal', 'ein', 'bisschen', 'aufklären', 'Ich', 'da', 'nichts', 'antippen', 'Und', 'keine', 'Nau', 'media', 'AG', 'Waldeggstrasse', '37', '3097', 'Liebefeld', 'E-mail', 'info@nau.ch', '😡', 'Abonniert', 'meinen', 'Kanal', '👍', '🏽.', 'Danke', 'die', 'Unterstützung', 'Bitte', 'Teilen', '…', '🏽', '️Chat', ':', 'https://t.me/myonlinemediatv', '️Kanal', 't.me/MyOnlineMedia', '️YouTube', 'https://youtube.com/channel/UCZ6MqoF7EYYlHVp5JdO8sMg', '#Walliserkanne', 'Zur', 'Vertragskündigung', 'https://t.me/Demotermine/25026', 'Raus', 'auf', 'Straßen', '@Demotermine!', '👉', 'Übersicht', '/', 'Overview', '👈']","['O', 'O', 'O', 'O', 'O', 'O', 'O', 'O', 'O', 'O', 'O', 'O', 'O', 'O', 'O', 'O', 'O', 'O', 'O', 'O', 'O', 'O', 'O', 'O', 'O', 'O', 'O', 'O', 'O', 'O', 'O', 'O', 'O', 'O', 'O', 'O', 'O', 'O', 'O', 'O', 'O', 'O', 'O', 'O', 'O', 'O', 'O', 'O', 'O', 'O', 'O', 'I-ORG', 'I-ORG', 'B-LOC', 'I-LOC', 'B-LOC', 'I-LOC', 'O', 'O', 'O', 'O', 'O', 'O', 'O', 'O', 'O', 'O', 'O', 'O', 'O', 'O', 'O', 'O', 'O', 'O', 'O', 'O', 'O', 'O', 'O', 'O', 'O', 'O', 'O', 'O', 'O', 'O', 'O', 'O', 'O', 'O', 'O']"
493,Demotermine1250288610305662021-12-07 13:52:39,"['Schaut', 'Euch', 'beide', 'Videos', 'an', ',', 'ein', 'in', 'rage', 'geratener', 'Despot', 'hetzt', 'und', 'spaltet', 'diffamiert', 'Kritiker', '😱', '❓', 'Und', 'nun', 'er', 'Totschläger-Truppen...die', '""', 'zum', 'Beispiel', 'wieder', 'Bürger', 'totschlagen', 'wollen', '💀', 'Dieser', 'gehört', 'verhaftet‼', 'Hört', 'beim', 'Polizei-Video', 'zu', '‼', 'Eingesendet', 'via', '@UnzensiertKontaktbot', '@unzensiert_infoseite', '@unzensiert/', '@unzensiertV2', '@Polizeigewalt', 'hat', 'meistens', 'Strafanzeigen', 'Bußgelder', 'Verletzungen', 'Vermögensschäden', 'zur', 'Folge', '.', 'Bild-', 'Videobeweise', 'daher', 'sofort', 'einsenden', '@Wir_holenUnsere_FREIHEIT_zurueck']","['O', 'O', 'O', 'O', 'O', 'O', 'O', 'O', 'O', 'O', 'O', 'O', 'O', 'O', 'O', 'O', 'O', 'O', 'O', 'O', 'O', 'O', 'O', 'O', 'O', 'O', 'O', 'O', 'O', 'O', 'O', 'O', 'O', 'O', 'O', 'O', 'O', 'O', 'O', 'O', 'O', 'O', 'O', 'O', 'O', 'O', 'O', 'O', 'O', 'O', 'O', 'O', 'O', 'O', 'O', 'O', 'O', 'O', 'O', 'O']"
494,Demotermine1250288610322452021-12-18 15:17:35,"['📍', 'Hannover', '➖', '18.12.2021', 'In', 'finden', 'derzeit', 'mehrere', 'Veranstaltungen', 'für', 'Demokratie', 'und', 'Freiheit', 'statt.', '👉', '🏻siehe', 'Kalender', '👈', '🏻', 'Der', 'devote', 'Innenminister', 'Pistorius', 'lässt', 'heute', 'wieder', 'die', 'Muskeln', 'spielen', '.', 'Es', 'ist', 'scheinbar', 'unglaublich', 'viel', 'Polizei', 'in', 'der', 'Stadt', 'unterwegs', 'Das', 'lassen', 'jedenfalls', 'eure', 'Bilder', 'vermuten', 'Lasst', 'euch', 'davon', 'nicht', 'beeindrucken', ',', 'liebe', 'Hannoveraner', '!', 'Eure', 'Friedlichkeit', 'Stärke', 'Wir', 'wünschen', 'allen', 'Niedersachsen', 'wunderschöne', 'friedliche', 'hoffen', 'das', 'ihr', 'uns', 'ganz', 'Videomaterial', 'Kommentare', 'sendet', '🤗', '„', 'Denn', 'Menschen', 'aus', 'vergesst', 'es', 'Ihr', 'seid', '""', 'Freie', 'diese', 'holen', 'wir', 'alle', 'zusammen', 'friedlich', 'zurück', 'sind', 'zu', 'auf', ':', 'Telegram', 'INFO', 'Kanal', 'Twitter', 'Facebook', 'YouTube', '👁', 'Eine', 'Übersicht', 'aller', 'Termine', '&', 'Aktionen', 'Raus', 'Straßen', '@Demotermine!', '/', 'Overview']","['O', 'B-LOC', 'O', 'B-DATE', 'O', 'O', 'B-TIME', 'O', 'O', 'O', 'O', 'O', 'O', 'O', 'O', 'O', 'O', 'O', 'O', 'O', 'O', 'O', 'B-PER', 'O', 'B-TIME', 'O', 'O', 'O', 'O', 'O', 'O', 'O', 'O', 'O', 'O', 'B-ORG', 'O', 'O', 'O', 'O', 'O', 'O', 'O', 'O', 'O', 'O', 'O', 'O', 'O', 'O', 'O', 'O', 'O', 'O', 'O', 'O', 'O', 'O', 'O', 'O', 'O', 'O', 'O', 'O', 'O', 'O', 'O', 'O', 'O', 'O', 'O', 'O', 'O', 'O', 'O', 'O', 'O', 'O', 'O', 'O', 'O', 'O', 'B-ORG', 'O', 'O', 'O', 'O', 'O', 'O', 'O', 'O', 'O', 'O', 'O', 'B-ORG', 'O', 'O', 'B-ORG', 'B-ORG', 'B-ORG', 'O', 'O', 'O', 'O', 'O', 'O', 'O', 'O', 'O', 'O', 'O', 'O']"
495,Demotermine12502886107632020-04-25 11:21:49,"['Foto', 'von', 'Sven', 'Geyer', '@Demotermine', '-', 'Bilder', 'und', 'Videos', 'hochladen', '@WiderstandAktiv', 'Diskussion', '@DemotermineChat']","['O', 'O', 'B-PER', 'I-PER', 'O', 'O', 'O', 'O', 'O', 'O', 'O', 'O', 'O']"
496,Demotermine1250288610157082021-08-28 20:40:31,"['Eindrücke', 'aus', 'Berlin', 'vom', '28.8.2021', 't.me/SueFortruth', 'Raus', 'auf', 'die', 'Straßen', '@Demotermine']","['O', 'O', 'B-LOC', 'O', 'B-DATE', 'O', 'O', 'O', 'O', 'O', 'O']"
497,Demotermine1250288610133772021-08-01 10:56:30,"['Polizeigewalt', 'Berlin', '!', '(', '01.08.2021', ')', '✌', '️&', '❤', '️', '@ServusDeutschland', 'Raus', 'auf', 'die', 'Straße', '@Demotermine!']","['O', 'B-LOC', 'O', 'O', 'B-DATE', 'O', 'O', 'O', 'O', 'O', 'O', 'O', 'O', 'O', 'O', 'O']"
498,Demotermine1250288610153422021-08-28 13:52:07,"['Eindrucksvolles', 'Paris', '🇨', '🇵', '28.08.2021', '@WendezeitHannover', 'Raus', 'auf', 'die', 'Straßen', '@Demotermine']","['O', 'B-LOC', 'O', 'O', 'B-DATE', 'O', 'O', 'O', 'O', 'O', 'O']"
499,Demotermine1250288610191292021-09-24 10:46:12,"['SGD-Ultras', 'boykottieren', 'Spiel', 'beim', 'FC', 'St.', 'Pauli', 'Raus', 'auf', 'die', 'Straßen', '@Demotermine']","['O', 'O', 'O', 'O', 'B-ORG', 'I-ORG', 'I-ORG', 'O', 'O', 'O', 'O', 'O']"
