,id,message_id,date,cleaned_text,lang
18616,Demotermine1250288610151002021-08-28 07:37:48,15100,2021-08-28 07:38:30,🐣 🎶 Äußert euch sachlich 28.08.2021 um 09 : 25 Uhr Deine Meinung zum Reichstagsstürmchen 2020 ? Sag der Bild-Zeitung bitte auf Twitter sachlich Deine Meinung zu diesem Thema bitte : URL # lernetweeten # rausausderblase Alexander Ehrlich Raus auf die Straßen USER,de
16997,Demotermine1250288610253952021-11-06 16:33:43,25395,2021-11-06 16:33:19,"Versuch eines Gesprächs mit Stern TV , das von der Polizei unterbunden wird . USER Raus auf die Straßen USER 👉 Übersicht / Overview 👈",de
9032,Demotermine1250288610164042021-08-29 15:33:55,16404,2021-08-29 15:35:18,# be2808 13.31Demozug Teil3 # Demokratischer Widerstand erreicht wider # Demoverbot Brunnenstraße — Osnabrücker Sommer der Aufklärung URL 2:17 Raus auf die Straßen USER,de
17788,Demotermine1250288610240492021-10-30 04:08:39,24049,2021-10-30 04:09:13,"ICONIC : ADVANCE AUSTRALIA FAIR - AUSTRALIAN ANTHEM [ LIVE VIOLIN ACOUSTIC VERSION ] MELBOURNE , AUSTRALIA 30.10.21 RISE UP MELBOURNE USER Raus auf die Straßen USER 👉 Übersicht / Overview 👈",de
8815,Demotermine1250288610167082021-08-31 19:45:07,16708,2021-08-31 19:38:29,"CUXHAVEN geht spazieren . USER USER 05092021 , 12092021 , 19092021 , 26092021 Raus auf die Straßen USER",de
17994,Demotermine1250288610236672021-10-28 08:39:51,23667,2021-10-28 08:40:17,# Helvetia Rundgang Ascona 27.10.21 — Guido Böni URL 3:33 Raus auf die Straßen USER 👉 Übersicht / Overview 👈,de
11918,Demotermine1250288610119712021-06-28 17:40:13,11971,2021-06-28 17:40:13,"Aliens , Bullen-Fatzen , Eskalation , Feiern beseitigt jede Spaltung , EM , Hasenheide , Prenzlauer Berg — Freedom Parade mit Captain Future URL 10:46 Raus auf die Straße USER",de
23437,Demotermine125028861022352020-07-31 12:43:03,2235,2020-07-31 12:39:41,Achtung ! Ganz wichtige Mitteilung für die Demo morgen in Berlin in meiner Sprachnachricht auf Telegram . Zensursicher USER ( YouTube Backup ) USER - Bilder und Videos hochladen USER - Diskussion USER Fahren oder Mitfahren USER - Übernachten ? USER,de
7512,Demotermine1250288610187112021-09-20 23:51:34,18711,2021-09-20 23:46:07,📆 Mahnwache / Versammlung unter freiem Himmel 👉 🏻 mehr Infos dazu # Termin Murrhardt USER 23092021 # BW Raus auf die Straßen USER,de
8198,Demotermine1250288610176552021-09-10 14:40:45,17655,2021-09-10 14:40:04,"Osnabrück , Montagsdemo , 13.9.2021. Diesmal wieder vor dem Rathaus , weil das Theater bis zum 1.10. anderweitig belegt ist ! 18.00 Uhr Treffen vor dem Rathaus , dann "" kleiner Demoumzug "" über den Neumarkt , ca. 19.00 Uhr Kundgebung vor dem Rathaus . Wir freuen uns auf Euch ! USER 13092021 Raus auf die Straßen USER",de
13707,Demotermine125028861095632021-04-27 03:58:36,9563,2021-04-27 03:57:02,"Es geht weiter - jetzt erst recht ! Markiert euch gerne schon Mal Sa den 15. Mai in eurem Kalender - genauere Infos folgen ! In Kooperation mit den weltweiten Demonstrationen , lasst euch überraschen ! 🥳 🥁 💪 # esreicht # d1505 # wirwerdenalledasein USER 15052021 Raus auf die Straße USER",de
3413,Demotermine1250288610290942021-11-30 21:15:12,29094,2021-11-30 21:15:09,YOUTUBE / Wie können die Aufrufzahlen sinken ? ? ? — Papst Alwin / alwinproduction URL 1:15 Raus auf die Straßen USER 👉 Übersicht / Overview 👈,de
11458,Demotermine1250288610125302021-07-18 09:30:10,12530,2021-07-18 09:24:21,"Hier könnt ihr eine Helferdemo telefonisch anmelden . Gerne dürfen es auch viele Demos sein überall dort , wo Hilfe gebraucht wird . Sendet eure Termine USER Aufruf URL Raus auf die Straße USER",de
7707,Demotermine1250288610183832021-09-18 13:38:20,18383,2021-09-18 13:38:57,URL 100'000 Leute in Winterthur 18.9.21 Kanal : URL Aufarbeitungsinitiative : URL Raus auf die Straßen USER,de
1188,Demotermine1250288610323462021-12-18 18:44:35,32346,2021-12-18 18:44:32,"TROTZ ALLEM : TAUSENDE DEMONSTRIEREN IN COTTBUS Obwohl die Brandenburger Landesregierung nun auch das Versammlungsrecht versucht zu beschneiden , demonstrieren heute erneut Tausende - teils in mehreren Demonstrationszügen - in Cottbus für die Freiheit und gegen Staatswillkür . Raus auf die Straßen USER 👉 Übersicht / Overview 👈",de
20563,Demotermine125028861035432020-11-04 10:13:35,3543,2020-11-04 10:12:41,Querdenken 713 Mittwoch 04.11.2020 17:00 bis 19:00 Uhr Stadtpark 74172 Neckarsulm URL Weitere Infos : URL USER USER Bilder und Videos hochladen USER - Termine in Textform USER Fahren oder Mitfahren USER - Übernachten ? USER USER - USER - USER,de
4207,Demotermine125028861067622021-02-25 01:02:50,6762,2021-02-25 01:02:15,"Hofheimer Unternehmer habt Mut - Schließt euch an ! Wir für euch und ihr für uns , gemeinsam als Menschheitsfamilie 🙏 # ihrseidnichtalleine # Hofheimstehtauf Quelle : URL Raus auf die Straße USER",de
8573,Demotermine1250288610170422021-09-04 10:44:02,17042,2021-09-03 12:17:01,"Das Merkel kam kurzfristig , um Fragestellern zu entgehen . Der Wasserwerfer wird für die Befüllung von kleineren Trinkwassertanks und zur Staubbindung der Straßen hier mal sinnvoll eingesetzt . Heute kann er auch zur Sicherheit für Mutti dagewesen sein . Mehr URL Raus auf die Straßen USER",de
13287,Demotermine1250288610101512021-05-07 02:43:20,10151,2021-05-07 02:42:25,Kassel Auto- und Fahrraddemo USER 07052021 - 14052021 - 21052021 - 28052021 Raus auf die Straße USER,de
13266,Demotermine1250288610101762021-05-07 13:25:29,10176,2021-05-07 13:24:43,Videobeschreibung : Eltern bitten Soldaten um Schutz ihrer Kinder . YouTube hat dieses Video gesperrt ❗ ❗ ❗ ❗ Mehr USER Raus auf die Straße USER,de
10134,Demotermine1250288610144882021-08-18 17:16:23,14488,2021-08-18 17:16:23,"Er ist wieder zurück , sogar in Leipzig . SA Antifa . Wehret den Anfängen ! ! ️ Raus auf die Straße USER",de
19655,Demotermine125028861046632020-12-21 11:22:17,4663,2020-12-21 11:19:50,Tegernsee Autokorso Start Gmund Volksfestplatz Parkplatz Strandbad USER USER 26122020 Bilder und Videos hochladen USER - Termine in Textform USER Fahren oder Mitfahren USER - Übernachten ? USER USER - USER - USER,de
6087,Demotermine1250288610207742021-10-08 22:19:08,20774,2021-10-08 22:20:16,Siehe Videobeschreibung ! Demo Stephansplatz Karlsruhe Freitag 8.10.21 Start 17:30 Uhr — Info URL 1:44 Raus auf die Straßen USER 👉 Übersicht / Overview 👈,de
17521,Demotermine1250288610244562021-10-31 20:20:53,24456,2021-10-31 20:20:58,"Die Walliserkanne , der flache Beat Flach ( GLP ) , das Baja-California-Paradox und die Merdien-Bullys 👉 🏻 Neuer Beitrag USER",de
20074,Demotermine125028861041662020-11-25 21:32:05,4166,2020-11-25 19:55:49,Frankfurt / Oder - Slubice USER 28112020 Bilder und Videos hochladen USER - Termine in Textform USER Fahren oder Mitfahren USER - Übernachten ? USER USER - USER - USER,de
21844,Demotermine125028861018192020-07-01 10:59:03,1819,2020-07-01 10:58:41,"Berlin , 01.07.20 -17.30 Uhr Kanzleramt -19 Uhr Brandenburger Tor USER USER - Bilder und Videos hochladen USER - Diskussion USER Fahren oder Mitfahren USER - Übernachten ? USER",de
11431,Demotermine1250288610125672021-07-18 22:53:03,12567,2021-07-18 22:53:02,"Bauern helfen den Anwohnern , die alles verloren haben . Keine öffentlichen Hilfen oder Hygiene-Vorkehrungen wie Dixie-Toiletten . Sie werden komplett im Stich gelassen vom BRD-Regime . 🚨 🌊 Kanal teilen und folgen , die neuesten Nachrichten und Warnungen hier immer zuerst URL USER Raus auf die Straße USER",de
16811,Demotermine1250288610257302021-11-08 12:03:58,25730,2021-11-08 12:04:48,Coronamaßnahmen Beenden : Kretchmer Verhaften ! Heute sind Massenproteste in unseren schönen Sachsen gefordert ! Hand in Hand zur Freiheit ! Freie Jugend : Folgt uns auf Telegram ! URL Raus auf die Straßen USER 👉 Übersicht / Overview 👈,de
1670,Demotermine1250288610317712021-12-14 07:10:14,31771,2021-12-14 07:10:10,Schwerin Live Mo13.12.21 - Freie Impfentscheidung - VOLLER Grunthalplatz Min 1:08:15 Schreibt Gesch — DanBarMV - LIVE Berichte Recherchen Meinung URL 1:37:30 Raus auf die Straßen USER 👉 Übersicht / Overview 👈,de
9075,Demotermine1250288610163152021-08-29 14:29:33,16315,2021-08-29 14:29:26,+ + + Windeltruppe provoziert am Kessel DANZIGER . Wollen sie wieder junge Frauen schlagen ? + + + # B2908 Raus auf die Straßen USER,de
1583,Demotermine1250288610318752021-12-15 13:45:32,31875,2021-12-15 13:45:28,"Wie aus dem Nichts : Zahllose Corona-Demos in ganz Deutschland Ohne Ankündigung gingen am Montagabend Tausende Menschen in ganz Deutschland auf die Straße , auch in Berlin und Brandenburg . URL Raus auf die Straßen USER 👉 Übersicht / Overview 👈",de
13616,Demotermine125028861096892021-04-30 01:19:47,9689,2021-04-29 19:55:13,"📆 AUFSTEHEN , HINGEHEN , EINSTEHEN 👉 🏻 mehr Infos dazu # Termin # QuerDenken ! Bad Mergentheim USER 30042021 Raus auf die Straße USER",de
12908,Demotermine1250288610107552021-05-19 20:40:12,10755,2021-05-19 20:40:12,Michael Ballweg – Rede auf Demonstration von QUERDENKEN-911 Nürnberg am 15.05.2021 — QUERDENKEN-911 Nürnberg URL 23:03 Raus auf die Straße USER,de
21206,Demotermine125028861027322020-09-08 06:47:07,2732,2020-09-08 06:39:02,Genf USER Bilder und Videos hochladen USER - USER Fahren oder Mitfahren USER - Übernachten ? USER USER,de
4782,Demotermine1250288610275512021-11-20 20:10:28,27551,2021-11-20 20:10:25,"Die friedlichste "" Volksversammlung "" die es JE gab . Egal was diese "" Kreaturen "" in der Regierung probiert haben , ES HAT NICHT FUNKTIONIERT Raus auf die Straßen USER 👉 Übersicht / Overview 👈",de
7435,Demotermine12502886103961,3961,2020-11-18 15:42:13,"WEITERGELEITET ! "" ! ! ️Update : Wir bleiben auf der Marschallbrücke , da ist eine große Anzahl Menschen . Der Leipziger Platz ist eine Mausefalle , kann von der Polizei ganz schnell eingekesselt werden .. Besser wir bleiben zusammen . """,de
8688,Demotermine1250288610168662021-09-02 04:10:53,16866,2021-09-02 04:11:47,"Das sind die Spasts , die über unser Leben entscheiden . Idiocracy . Die umfassendsten Infos USER Werde USER jetzt !",de
8964,Demotermine1250288610164992021-08-29 17:21:21,16499,2021-08-29 17:21:40,"! ! ! GROßARTIGE MENSCHEN IN GROßARTIGER STIMMUNG . ! ! ! ES MACHT FREUDE FÜR FREIHEIT UND WAHRHEIT EINZUSTEHEN ! ! ! ES WAR EIN SCHÖNER , ABER AUCH ANSTRENGENDER TAG . IN JEDEM FALL EIN WEITERER , ERFOLGREICH GEMEISTERTER MEILENSTEIN . ! ! ! VERGELT ́S GOTT , DANKE , MERCI ! ! ! — — — — — — — — — — Abonnieren Sie unseren Telegram-Kanal : URL — — — — — — — — — Raus auf die Straßen USER",de
4573,Demotermine1250288610278622021-11-22 19:42:06,27862,2021-11-22 19:42:03,Auch Zwickau läuft und lässt sich nicht weiter von Kretschmer und Co erpressen ! Raus auf die Straßen USER 👉 Übersicht / Overview 👈,de
4383,Demotermine1250288610281652021-11-25 08:35:12,28165,2021-11-25 08:35:09,""" Live Bremgarten 24.11.2021 - Fackelspaziergang "" — Sabine Seibold URL 1:55:16 Raus auf die Straßen USER 👉 Übersicht / Overview 👈",de
15723,Demotermine125028861070322021-03-10 12:35:26,7032,2021-03-02 18:44:27,Taxi Demo 13.03. Berlin Treffpunkt Scheidemannstraße vor dem Bundestag Nein zu Scheuer's PBefG Vorbestellfrist für alle Mietwagen-Vermittlungsdienste Übersicht URL USER 13032021 Bilder und Videos hochladen USER - Termine in Textform USER Fahren oder Mitfahren USER - Übernachten ? USER USER - USER - USER,de
8128,Demotermine1250288610177462021-09-11 18:34:46,17746,2021-09-11 18:35:14,Live 2 : Demo gegen Polizeigewalt 11.09.2021 Dresde # dd1109 — QUERDENKEN 351 - Dresden URL 4:22:16 Raus auf die Straßen USER,de
16764,Demotermine1250288610257792021-11-09 07:10:23,25779,2021-11-09 07:10:20,LIVE aus Zwönitz 8.11.2021 Berichterstattung ( gemäß des ) Grundgesetzes Art.5 — SchwarzRotGold TV URL 1:09:08 Raus auf die Straßen USER 👉 Übersicht / Overview 👈,de
14626,Demotermine125028861084962021-03-31 13:39:36,8496,2021-03-31 13:30:54,89150 Laichingen 05.04.2021 um 18Uhr Demozug durch Laichingen mit anschließender Kundgebung USER 05042021 Raus auf die Straße USER,de
22686,Demotermine125028861066472021-02-22 11:47:20,6647,2021-02-22 11:43:46,Dortmund Autokorso Start Parkplatz P1 Westfalenpark am Veranstaltungszentrum USER USER USER USER USER 23022021 Bilder und Videos hochladen USER - Termine in Textform USER Fahren oder Mitfahren USER - Übernachten ? USER USER - USER - USER,de
10236,Demotermine1250288610143462021-08-16 15:20:22,14346,2021-08-16 15:20:22,Krankenpfleger hat viele Menschen an Covid sterben gesehen und ist trotzdem gegen die Maßnahmen . — Offene Gesellschaft Kurpfalz URL 9:46 Raus auf die Straße USER,de
7007,Demotermine1250288610155922021-08-28 17:49:22,15592,2021-08-28 17:21:59,"Am Potsdamer Platz wurde ein blauer Bus von der Polizei festgesetzt , mir wurde gerade mitgeteilt , dass dort ein Anwalt benötigt wird . USER Video URL Raus auf die Straßen USER",de
18073,Demotermine1250288610235352021-10-27 05:27:59,23535,2021-10-27 05:28:18,"Eine Mutter erzählt von einem Erlebnis in der Schule ihres Sohnes . Uns fehlen die Worte , wie man Kinder so diskriminieren und ausgrenzen kann ! Und alle machen mit , der Lehrer , die Eltern der anderen Kinder .... IST DAS WIRKLICH EURE NORMALITÄT ? WIE WEIT GEHT IHR NOCH ? WANN SEID IHR FALSCH ABGEBOGEN ? Quelle : Netzfund USER",de
7809,Demotermine1250288610182182021-09-18 07:04:47,18218,2021-09-18 07:05:13,Islamistische Anschlagspläne auf Synagoge in Hagen ? Ermittlungen laufen — Epoch Times Nachrichten URL 3:51 Raus auf die Straßen USER,de
2051,Demotermine1250288610312732021-12-11 21:05:22,31273,2021-12-11 21:05:19,"Hier das Video der heutigen super tollen Demo in Trier , die sehr , sehr friedlich , aber durch Schikanen der Polizei und des Ordnungsamtes Trier ständig gestört wurde . Von der Antifa und dem solidarischen Trier hat man kaum etwas gehört - Frage : "" geht denen das Personal aus , weil keine Kohle mehr gibt "" ? Raus auf die Straßen USER 👉 Übersicht / Overview 👈",de
20777,Demotermine125028861032802020-10-21 06:53:02,3280,2020-10-20 16:45:28,"Demo in 22926 Ahrensburg Von Querdenken 410 - Ahrensburg Eltern stehen auf Ärzte für Aufklärung u.v.m. Beginn ab 9:00 Uhr ! Kommt bitte zahlreich , Danke . USER 24102020 Bilder und Videos hochladen USER - USER Fahren oder Mitfahren USER - Übernachten ? USER USER - USER - USER",de
15647,Demotermine125028861071852021-03-05 22:13:00,7185,2021-03-05 22:07:52,Mengen Lichtspaziergang Treffpunkt am Brunnen beim Rathaus USER USER USER 08032021 Raus auf die Straße USER,de
10077,Demotermine125028861014514,14514,2021-08-19 15:56:06,Gerichte wollen Merkel-Kritiker mundtot machen ! Helft mir ! Aus einem Opfer wird ein Täter gemacht ! — Silberjunge URL 10:37 USER,de
9869,Demotermine1250288610148592021-08-25 13:59:39,14859,2021-08-25 13:59:38,📆 Schilderaktion als Aufzug durch die Innenstadt Stuttgart 👉 🏻 mehr Infos dazu # Termin Raus auf die Straßen USER,de
16772,Demotermine1250288610257912021-11-09 10:50:21,25791,2021-11-09 10:50:18,Biochemiker Dr. Steidl über Wirk- und Versagensmechanismen der Covid-Imp-phung — Antihygienista - Offene Gesellschaft Kurpfalz URL 30:25 Raus auf die Straßen USER 👉 Übersicht / Overview 👈,de
10873,Demotermine1250288610134002021-08-01 12:11:05,13400,2021-08-01 12:09:02,"„ Mittlerweile ca. 60 - 100 Mannschaftswagen Richtung Brandenburger Tor . “ USER Offenbar soll auch mit Wasserwerfern das Grippe-Virus , bekämpft werden , welches Anfang 2020 an Corona verstarb ... Raus auf die Straße USER",de
10952,Demotermine1250288610133052021-07-31 23:50:20,13305,2021-07-31 23:50:19,Berlin 1. August 2021 rund 1 Uhr nachts | Club Matrix — Demokratischer Widerstand URL 0:09 Raus auf die Straße USER,de
1595,Demotermine1250288610318582021-12-16 17:00:55,31858,2021-12-15 10:59:53,"📣 VERANSTALTUNG Miltenberg , Sonntag den 19.12.2021 ' Wir laufen und zeigen , dass wir immer mehr werden , die mit dem Maßnahmen nicht einverstanden sind . ' Start : 14.00 Uhr am alten Bahnhof # Miltenberg # BY # So1912 Raus auf die Straßen USER 👉 Übersicht / Overview 👈",de
18651,Demotermine1250288610225922021-10-21 16:25:55,22592,2021-10-21 16:25:40,Fischerwirt Promovideo fürs Volksbegehren # Bayern Raus auf die Straßen USER 👉 Übersicht / Overview 👈,de
12411,Demotermine1250288610113482021-06-06 07:34:10,11348,2021-06-06 07:28:42,"Auch nächsten Freitag gehen wir wieder Spazieren ! Egal ob mit oder ohne Polizei ! 19 Uhr an der Grundschule in Wünschendorf / Elster * Wer eine Deutschlandflagge hat , kann sie gerne mitbringen ! Deutschlandflaggen sind erwünscht ! 🇩 🇪 📢 USER USER 11062021 Raus auf die Straße USER",de
22116,Demotermine125028861014412020-06-12 00:35:46,1441,2020-06-12 00:35:17,"Demo für Frieden und Freiheit , Fulda SchotterParkplatz , Johannisstr . / Neuenbergerstr Auestadion , 13. Juni 2020 14 - 16 Uhr USER USER - Bilder und Videos hochladen USER - Diskussion USER Fahren oder Mitfahren USER",de
380,Demotermine1250288610244052021-10-31 12:22:05,24405,2021-10-31 12:21:37,"Ich bin am Samstag , den 6.11.2021 , um 15:00 Uhr auf dem Augustusplatz in Leipzig . Route Aufzug : Mittlerer Ring ( wie 2020 ) . Und wo seid Ihr ? Bewege Dich selbst , statt bewegt zu werden ! Lasst uns gemeinsam Geschichte wiederholen ! USER USER USER # SN # Sa0611 # Leipzig Raus auf die Straßen USER 👉 Übersicht / Overview 👈",de
11310,Demotermine1250288610127352021-07-21 12:05:16,12735,2021-07-21 12:05:16,"Rechtsanwalt : Jahrelang waren ihnen die Alten egal , jetzt rufen Politiker nach Solidarität . Wieso ? — Offene Gesellschaft Kurpfalz URL 16:58 Raus auf die Straße USER",de
3336,Demotermine1250288610292312021-12-01 14:00:27,29231,2021-12-01 14:00:24,""" Bewegung Halle""-Demo wächst , Demo am Montag schon mit 229 Teilnehmern , 29.11.2021 — Sonne lacht - Blende acht ! URL 2:01 Raus auf die Straßen USER 👉 Übersicht / Overview 👈",de
21141,Demotermine125028861028132020-09-14 12:23:28,2813,2020-09-14 12:23:28,⬇ ️ ⬇ ️ ⬇ ️ ⬇ ️ ⬇ ️ ⬇ ️ ⬇ ️ ⬇ ️ ⬇ ️ ⬇ ️ ⬇ ️ unsere Kanäle und Gruppen USER USER USER ✨ ✨ ✨ ✨ ✨ ✨ ✨ ✨ ✨ ✨ ✨ Bilder und Videos hochladen USER - USER Fahren oder Mitfahren USER - Übernachten ? USER USER - USER - USER,de
8129,Demotermine1250288610177442021-09-11 16:14:34,17744,2021-09-11 16:15:12,"30.8 Zwönitz , 4 jährige Kinder wurden mit den Kindern festgehalten . Wir brauchen hier keine Parteien — MediaInformationCenter URL 28:33 Raus auf die Straßen USER",de
2202,Demotermine1250288610310822021-12-09 20:59:54,31082,2021-12-09 20:58:45,"Bitte fleißig teilen und in den Status bei WhatsApp , Instagram , Facebook stellen oder direkt Freunde und Bekannte anschreiben . Lasst uns gemeinsam dafür sorgen , dass wir noch mehr werden als diesen Montag . # MV # Mo1312 # Neubrandenburg Raus auf die Straßen USER 👉 Übersicht / Overview 👈",de
2884,Demotermine1250288610299832021-12-04 14:06:28,29983,2021-12-04 14:06:25,Just stay in Amsterdam lmfao . 🔗 UitAltijd ( USER Raus auf die Straßen USER 👉 Übersicht / Overview 👈,de
14744,Demotermine125028861083502021-03-29 08:20:09,8350,2021-03-29 08:17:46,Leipzig Nikolaikirche USER 29032021 - 05042021 - 12042021 - 19042021 - 26042021 Raus auf die Straße USER,de
653,Demotermine125028861020952020-07-20 00:51:17,2095,2020-07-20 00:46:05,Weitere Infos zu den Demos heute Annaberg-Buchholz URL Frankfurt ( Oder ) URL München URL Grimma URL Kempen URL Rostock URL Ulm URL Waiblingen URL USER - Bilder und Videos hochladen USER - Diskussion USER Fahren oder Mitfahren USER - Übernachten ? USER,de
1417,Demotermine1250288610285932021-11-27 18:56:56,28593,2021-11-27 18:56:53,"Wer möchte darf daran teilnehmen 😉 👍 Es gehen die Verhandlungen im Mordfall Leonie weiter , gegen die Mutter . ! ! ! Schützt unsere Kinder ! ! ! 👍 💪 ❤ ️ # MV # Do0212 # Neubrandenburg Neue Fälle USER - Diskussion USER",de
8387,Demotermine1250288610173382021-09-06 18:39:11,17338,2021-09-06 18:40:08,"Berlin 29.8.2021 , auch hier wieder ein riesiger Protestzug . Siehe wie viele wir wirklich sind ! — MediaInformationCenter URL 19:15 Raus auf die Straßen USER",de
23800,Demotermine1250288610198952021-09-30 03:52:50,19895,2021-09-30 03:53:26,Kapitol-Attacke : Gremium lädt Organisatoren von Trump-Kundgebung vor 👉 🏻 Neuer Beitrag Raus auf die Straßen USER 👉 Übersicht / Overview 👈,de
13150,Demotermine1250288610103922021-05-15 12:39:38,10392,2021-05-11 07:17:23,bundesweit USER Berlin URL URL Bremen URL Dresden ❌ URL Düsseldorf URL Hamburg URL Hannover URL Magdeburg URL Mainz ❌ URL Nürnberg URL Potsdam ❌ URL Sassnitz URL Schwerin URL URL Stuttgart ❌ URL URL Wiesbaden URL 15052021 Raus auf die Straße USER,de
18942,Demotermine12502886105589,5589,2021-01-27 23:01:02,Friseurin geht auf die Barrikaden . Ich bekomme keine Hilfe und brauche Essen . Verzweifelter Antuf beim Jobcenter und Entäuschung . USER,de
2806,Demotermine1250288610301042021-12-04 22:25:13,30104,2021-12-04 22:25:10,UK : Several hundred rally in Belfast against COVID passport - 04.12.2021 — demonstration_live URL 2:28 Raus auf die Straßen USER 👉 Übersicht / Overview 👈,de
15103,Demotermine125028861079502021-03-22 09:36:24,7950,2021-03-22 09:35:20,"Lichterlauf für Frieden Freiheit , Demokratie und Grundrechte . Mittwoch , 24.03.2021 18.30Uhr . 75031 Eppingen Versammlung / Aufzug ist angemeldet . USER 24032021 Raus auf die Straße USER",de
15905,Demotermine125028861068642021-02-26 16:16:25,6864,2021-02-26 16:16:24,"📆 Zusammenkunft für das Wohl unserer Kinder , der nächsten Generationen und ein Leben im Einklang mit der Erde und der Natur 👉 🏻 mehr Infos dazu # Termin # QuerDenken ! Bilder und Videos hochladen USER - Termine in Textform USER Fahren oder Mitfahren USER - Übernachten ? USER USER - USER - USER",de
3572,Demotermine1250288610288422021-11-29 17:55:13,28842,2021-11-29 17:55:10,Live aus dem Europäischen Parlament : Unterausschuss für Menschenrechte — Epoch Times Nachrichten URL 1:54:51 Raus auf die Straßen USER 👉 Übersicht / Overview 👈,de
10305,Demotermine1250288610142302021-08-13 23:46:53,14230,2021-08-13 23:46:15,"Ihr Lieben , wie jeden Samstag , meditieren wir auch morgen , 14.8. , um 15.30 Uhr am Obstmarkt in der Fußgängerzone Kaufbeuren für Frieden , Freiheit , Wahrheit und Selbstbestimmung ! Wir freuen uns auf Euer Kommen ! ❤ ️ USER 14082021 Raus auf die Straße USER",de
5560,Demotermine1250288610215842021-10-15 09:26:06,21584,2021-10-15 09:26:15,"Berlin- Köpi : Nach Angaben dieser über Lautsprecher zu hörenden Köpi-Bewohnerin , haben sich mehrere Menschen auf dem Wagenplatz auf Bäumen und hinter den Barrikaden so angekettet , dass eine Stürmung der Polizei ihr Leben gefährden würde . # b1510 Raus auf die Straßen USER 👉 Übersicht / Overview 👈",de
6878,Demotermine1250288610196732021-09-28 09:05:14,19673,2021-09-28 09:05:30,Chinapolitik : „ Wandel durch Annäherung “ ist gescheitert — Epoch Times Nachrichten URL 8:04 Raus auf die Straßen USER,de
7359,Demotermine1250288610189502021-09-23 12:49:08,18950,2021-09-23 12:50:11,Sozialverband : Obst und Gemüse werden für Arme zum Luxus — Epoch Times Nachrichten URL 3:08 Raus auf die Straßen USER,de
9635,Demotermine1250288610152302021-08-28 12:09:02,15230,2021-08-28 12:10:00,⚠ ️ WICHTIG FÜR ALLE DEMOKRATEN ⚠ ️ Anscheinend gehen die Demonstranten am Hauptbahnhof vorbei auf die Straße Alt-Moabit Richtung U-Bahnstation Turmstraße zu gehen!!️ # WirWerdenALLEdaSein # b2808 Raus auf die Straßen USER,de
11072,Demotermine1250288610131542021-07-29 22:04:17,13154,2021-07-29 22:04:16,"🌅 ES WIRD HISTORISCH 🌅 🚀 BERLIN , 1. AUGUST 2021 🚀 ❤ ️ ✌ ️#WirwerdenALLEdasein ✌ ️ ❤ ️ Raus auf die Straße USER",de
17484,Demotermine1250288610245962021-11-01 20:50:15,24596,2021-11-01 20:50:23,Cloudcloud bekommt rechte — Weichreite TV URL 5:36 Raus auf die Straßen USER 👉 Übersicht / Overview 👈,de
13595,Demotermine125028861097112021-04-30 03:46:56,9711,2021-04-30 03:46:24,"Freitag , 30.04.2021 , 16:00 Demo vor Bahnhofspost Bamberg , Luitpoldstraße USER 30042021 Raus auf die Straße USER",de
19932,Demotermine125028861043262020-12-03 21:45:44,4326,2020-12-03 21:45:03,Am 6. Dezember stehen wir zum 34. Mal auf dem Heumarkt in Köln und freuen uns über eure Unterstützung . USER 06122020 Bilder und Videos hochladen USER - Termine in Textform USER Fahren oder Mitfahren USER - Übernachten ? USER USER - USER - USER,de
2286,Demotermine1250288610309452021-12-09 00:20:57,30945,2021-12-09 00:20:53,Die Sensationelle und sehr emotionale Rede einer Ärztin in Dessau-Roßlau beim Familien-AUTOKORSO ❤ ️ ❤ ️ ❤ ️ Gänsehaut pur 🥰 Raus auf die Straßen USER 👉 Übersicht / Overview 👈,de
10376,Demotermine1250288610141152021-08-11 13:30:25,14115,2021-08-11 13:30:24,Flashmob vor dem Roten Rathaus in Berlin am 7. August 2021 — Querdenken 441 - Oldenburg URL 4:04 Raus auf die Straße USER,de
3678,Demotermine1250288610286952021-11-28 09:52:57,28695,2021-11-28 09:01:38,"Weihnachtliches aus Gelsenkirchen . URL Wilhelm Schleweis Horster Str. 240 , 45897 Gelsenkirchen 0175 3773954 URL Raus auf die Straßen USER 👉 Übersicht / Overview 👈",de
1364,Demotermine1250288610321312021-12-17 20:00:20,32131,2021-12-17 20:00:17,17.12.2021 🛑 Livestream 🛑 2. Nauener Mahnwache am Rathausplatz Demo ab 19 Uhr — Berlin Online TV URL 1:53:03 Raus auf die Straßen USER 👉 Übersicht / Overview 👈,de
18399,Demotermine1250288610229842021-10-24 10:05:06,22984,2021-10-24 10:06:04,"🟢!!️LIVE AUS WIEN / / Wir stehen auf ! ! ! - Sonntag , 24.10.2021!!️ URL — — — — — — — — — — - 📰 Folge mir auf dem Kanal : URL 🗣 und rede mit : URL 💉 Solltest du dich für das Thema Nebenwirkung bei Corona-Impfungen interessieren : URL Raus auf die Straßen USER 👉 Übersicht / Overview 👈",de
14760,Demotermine125028861083362021-03-28 20:10:47,8336,2021-03-28 20:10:47,Indianerehrenwort : Azteken und Inkas schickten zu Epidemiezeiten ihre Häuptlinge zu den Göttern ... USER - Bilder und Videos hochladen - USER - Mitdenken USER Raus auf die Straße USER,de
20121,Demotermine125028861041092020-11-23 05:55:49,4109,2020-11-23 05:44:44,"Waiblingen Verkehrsstörungen in der Innenstadt , Verspätung und Ausfall von Buslinien , Verzögerung im Zugverkehr möglich Demoinfo URL 23112020 Bilder und Videos hochladen USER - Termine in Textform USER Fahren oder Mitfahren USER - Übernachten ? USER USER - USER - USER",de
14169,Demotermine125028861090082021-04-13 01:22:48,9008,2021-04-13 00:23:26,Berlin vor dem Bundestag Mehr Details URL URL Karte URL Infektionsschutzgesetz URL USER 13042021 Raus auf die Straße USER,de
22386,Demotermine12502886109762020-05-15 12:17:32,976,2020-05-15 12:17:06,"Poing Für die Demo heute 18h in Poing benötige ich unbedingt noch : 2 - 3 Ordner 18 - 19h 1 - 2 Helfer ab 17:30 Wer kann helfen ? ! ? Ist direkt an der S-Bahn , alle Materialien bringe ich mit ! USER USER USER - Bilder und Videos hochladen USER - Diskussion USER Fahren oder Mitfahren USER",de
17974,Demotermine1250288610237182021-10-28 18:44:26,23718,2021-10-28 18:45:16,"Dissidenti in esilio , oppure si deve resistere in patria - Parole in libertà — Lafinanzasulweb URL 40:57 Raus auf die Straßen USER 👉 Übersicht / Overview 👈",de
7749,Demotermine1250288610183152021-09-18 12:26:30,18315,2021-09-18 12:27:28,Hamburg 18.09.2021 um 14 : 21 Uhr 6 Mannschaftstransporter mit Blaulicht von Osten kommend Richtung Stadtzentrum gesichtet Raus auf die Straßen USER,de
15323,Demotermine125028861075602021-03-13 23:54:40,7560,2021-03-13 23:52:59,"➡ ️ Protestmarsch am 20.03.2021 Liestal BL ⬅ ️ ⬇ ️ ⬇ ️ ⬇ ️ ⬇ ️ ⬇ ️ ⬇ ️ ⬇ ️ ⬇ ️ ⬇ ️ ⬇ ️ ⬇ ️ ⬇ ️ 13.00 Uhr Besammlung Emma Herwegh-Platz 14.00 Uhr Abmarsch ca. 15.00 Uhr Kundgebung Schulanlage Frenken Bitte reist mit den öffentlichen Verkehrsmittel an ! Sie sind viele , WIR sind mehr ! Teilen Teilen Teilen Teilen Mehr URL USER 20032021 Raus auf die Straße USER",de
11634,Demotermine1250288610123152021-07-11 12:32:05,12315,2021-07-11 12:31:37,Am 18.07. findet die nächste Demo in Erbach ☮ 😉 Mit aufbauenden Reden und Musik und Tanz statt 🥳 📢 📢 Lebensfreude = Widerstand USER 18072021 Raus auf die Straße USER,de
9725,Demotermine125028861010012020-05-16 13:33:33,1001,2020-05-16 13:33:32,via Schwindelambulanz Sinsheim / Dr. Bodo Schiffmann URL USER USER USER USER USER USER USER USER - Bilder und Videos hochladen USER - Diskussion USER Fahren oder Mitfahren USER,de
3264,Demotermine1250288610293282021-12-01 23:52:54,29328,2021-12-01 23:52:47,"🇩 🇪 🤝 🇦 🇹 München streikt ! 01.12.2021 Warnstreik auch in München : ganz im österreichischen Stil . Labellos , mit Sprechchören . 👏 👏 Bravo München ! 👏 👏 USER Raus auf die Straßen USER 👉 Übersicht / Overview 👈",de
11961,Demotermine1250288610119252021-06-27 13:55:11,11925,2021-06-27 13:55:11,"Berlin , Berlin - wir fahren nach Berlin ! Am 01.08.2021 # GekommenUmZuBleiben — Weiterdenken-Marburg WDMR URL 2:31 Raus auf die Straße USER",de
5796,Demotermine1250288610211482021-10-13 04:06:11,21148,2021-10-13 04:06:25,Italien Montag den 11.10.21 nichts in den Medien was Montag in Italien los war . Widerstand gegen den Gesundheitspass und die Corona Politik . Generalstreik . Nach Angaben der Gewerkschaften haben mindestens 1 Million Arbeiter gestreikt . Raus auf die Straßen USER 👉 Übersicht / Overview 👈,de
3350,Demotermine1250288610292112021-12-01 09:03:47,29211,2021-12-01 09:03:44,"Wer kontrolliert die Bundesregierung ? Wer kontrolliert das Bundesverfassungsgericht ? Wer kontrolliert den "" Verfassungsschutz "" ? 1987 trat Stephan Harbarth in die Junge Union ein . Von 2009 bis 2018 sass er für die CDU im deutschen Bundestag . archive.md/vUaZg archive.md/VscZk URL Raus auf die Straßen USER 👉 Übersicht / Overview 👈",de
7600,Demotermine1250288610185992021-09-19 18:55:18,18599,2021-09-19 18:55:12,18.09.21 Freiheitsversammlung : Eröffnungsrede Pascal — Freiheitsversammlung Muenchen URL 12:01 Raus auf die Straßen USER,de
9472,Demotermine1250288610155002021-08-28 16:03:17,15500,2021-08-28 16:03:10,"+ + + JETZT auf dem Potsdamer Platz + + + Demokratiebewegung kesselt Berliner Rotzbande mit Polizeiaufdruck ein und singt : "" Ohne Helm und ohne Knüppel seid Ihr nichts . "" + + + Raus auf die Straßen USER",de
13922,Demotermine12502886109319,9319,2021-04-20 23:58:24,"Wir haben heute Nacht und den ganzen Tag unsere Gruppe für Euch geöffnet , damit ihr die Möglichkeit habt , euch in der USER für schnelle Aktionen vor Ort zu organisieren .",de
4889,Demotermine1250288610273672021-11-20 14:11:16,27367,2021-11-20 14:11:12,"Zürich , 20.11.2021 , Turbinenplatz , Super Stimmung 💪 🥁 🎊 Kanal abonnieren : URL Raus auf die Straßen USER 👉 Übersicht / Overview 👈",de
3427,Demotermine1250288610290682021-11-30 17:25:13,29068,2021-11-30 17:25:10,Montagsdemo in Königs Wusterhausen am 29. November 2021 — Freedom Parade mit Captain Future URL 4:52 Raus auf die Straßen USER 👉 Übersicht / Overview 👈,de
11668,Demotermine1250288610122662021-07-08 18:05:19,12266,2021-07-08 18:05:18,♥ ️ Am 1. August 2021 sind wir wieder in Berlin - Perin Dinekli ♥ ️ — Querdenken 441 - Oldenburg URL 0:45 Raus auf die Straße USER,de
5907,Demotermine1250288610210042021-10-11 15:49:44,21004,2021-10-11 15:50:16,Erinnerung an den Nürnberger Kodex | Demo-Aufzug Nürnberg 09.10.21 — GD-TV URL 5:24 Raus auf die Straßen USER 👉 Übersicht / Overview 👈,de
23692,Demotermine1250288610247972021-11-03 08:13:59,24797,2021-11-03 08:12:31,"Unser Engagement wirkt ! Gestern Abend war sie da , heute Morgen nicht mehr : Die Zermatter Mauer ist weg ! Aber wir lassen nicht nach ! Wir verlangen die sofortige Freilassung aller Gefangenen ! Demo Zermatt : 6.11. 15:00 Bahnhofplatz ✊ 🏻 💜 # Walliserkanne # freeIvan # CH # Sa0611 # Zermatt Raus auf die Straßen USER 👉 Übersicht / Overview 👈",de
2683,Demotermine1250288610303342021-12-06 09:18:19,30334,2021-12-06 09:15:20,"📣 📣 📣 📣 📣 📣 📣 In Bad Oeynhausen findet am Montag , 6.12. ein Spaziergang statt . ! ! ️!!️!!️ 🔆 🥰 Treffen an der Auferstehungskirche in der Stadt um 17:30 Uhr . 🙋 🏼‍ ♂ ️ Kerzen mitbringen ! ! ! ️!!️!!️!!️ 📣 📣 📣 📣 📣 📣 📣 📣 # NW # Mo0612 # BadOeynhausen Raus auf die Straßen USER 👉 Übersicht / Overview 👈",de
20024,Demotermine125028861042202020-11-29 11:22:53,4220,2020-11-29 11:22:04,"04.12.2020 14 - 16 Uhr Das Sauerland geht in die zweite Runde ! ! ! Sei dabei und bring Familie und Freunde mit ❤ ️ Wo ? Auf dem Neheimer Marktplatz , 59755 Arnsberg USER 04122020 Bilder und Videos hochladen USER - Termine in Textform USER Fahren oder Mitfahren USER - Übernachten ? USER USER - USER - USER",de
9586,Demotermine1250288610152952021-08-28 13:11:29,15295,2021-08-28 13:11:16,„ Die Mauer muss weg ! “ Polizei lässt nicht durch Quelle : 🔴 live ➡ ️URL Raus auf die Straßen USER,de
18312,Demotermine1250288610230982021-10-25 02:02:56,23098,2021-10-25 02:02:42,🇦 🇹 Wien am Heldenplatz am 24.10.2021 Thomas Schaurecker ist und bleibt hier ! USER Raus auf die Straßen USER 👉 Übersicht / Overview 👈,de
2570,Demotermine1250288610304662021-12-06 23:10:09,30466,2021-12-06 23:10:06,Rückblick : Autokorso 06.12.2021 Dresden — QUERDENKEN 351 - Dresden URL 3:35 Raus auf die Straßen USER 👉 Übersicht / Overview 👈,de
11944,Demotermine1250288610119422021-06-27 23:34:50,11942,2021-06-27 23:34:17,"London am Wochenende : Tausende demonstrieren gegen den Delta-Lockdown . Und was machen die DEUTSCHEN ? Von den meisten wissen wir , SIE haben sich der BRD-Diktatur ergeben . Raus auf die Straße USER",de
5951,Demotermine1250288610207522021-10-08 11:30:18,20752,2021-10-08 11:30:59,"Vor dem Schloss Charlottenburg ... Grund für den Ausfall des Weihnachtsmarkts sei die Berliner Infektionsschutzverordnung , so der Veranstalter . Mal sehen wieviele Weihnachtsmärkte noch ausfallen werden . 👀 🙈 USER Raus auf die Straßen USER 👉 Übersicht / Overview 👈",de
12460,Demotermine1250288610113002021-06-05 07:47:40,11300,2021-06-05 00:18:25,Autokorso - Görlitz - Bautzen - Kamenz - Sebnitz - Großschönau ( Waltersdorf ) USER 12062021 Raus auf die Straße USER,de
16587,Demotermine1250288610261622021-11-11 14:35:24,26162,2021-11-11 14:35:21,Fast 5.000 Razzien gegen kriminelle arabische Familienclans — Epoch Times Nachrichten URL 3:38 Raus auf die Straßen USER 👉 Übersicht / Overview 👈,de
5713,Demotermine1250288610212802021-10-13 21:38:11,21280,2021-10-13 21:38:25,USER · 9 Min . Deutschland 2021. Amtliche Diskriminierung von Menschen aufgrund biologischer Eigenschaften . Hier durch die Stadt Leverkusen . Die umfassendsten Infos USER Werde USER jetzt !,de
4437,Demotermine1250288610281032021-11-24 12:47:37,28103,2021-11-24 12:46:25,# Luxembourg # LU # So2811 # So1212 # Luxemburg USER Raus auf die Straßen USER 👉 Übersicht / Overview 👈,de
10145,Demotermine1250288610144662021-08-18 09:05:21,14466,2021-08-18 09:05:21,Offener Brief an Landesregierung Baden-Wüttemberg : Kindeswohlgefährdung beenden ! — Offene Gesellschaft Kurpfalz URL 18:17 Raus auf die Straße USER,de
2901,Demotermine1250288610299392021-12-04 12:45:13,29939,2021-12-04 12:45:10,1. Demozug — We The People - Wir sind der Souverän URL 1:00:01 Raus auf die Straßen USER 👉 Übersicht / Overview 👈,de
16028,Demotermine125028861067172021-02-24 17:38:42,6717,2021-02-24 16:20:45,Stuttgart Autokorso findet statt Updates und Streckenverlauf USER Mehr URL Livestream URL Bilder und Videos hochladen USER - Termine in Textform USER Fahren oder Mitfahren USER - Übernachten ? USER USER - USER - USER,de
10545,Demotermine1250288610138952021-08-06 15:00:27,13895,2021-08-06 15:00:26,# be1821 Tauentzienstraße 15.00 - Besuch aus Prag : Jaro berichtet von Protesten bei unseren Nachbarn — Osnabrücker Sommer der Aufklärung URL 2:49 Raus auf die Straße USER,de
8275,Demotermine1250288610175132021-09-09 08:49:33,17513,2021-09-09 08:49:09,Wegen den weiteren Verschärfungen vom 8.9. wird nun die Demo doch nicht bewilligt ! Jetzt erst recht : Alle nach Biel ! USER 16092021 Raus auf die Straßen USER,de
20253,Demotermine125028861039152020-11-17 23:27:30,3915,2020-11-17 23:27:29,"Meine Neuinterpretation der Schlussrede aus dem Fernsehfilm "" Die Welle "" aus dem Jahre 1981. Es ist an der Zeit ! Wir sehen uns . USER USER Bilder und Videos hochladen USER - Termine in Textform USER Fahren oder Mitfahren USER - Übernachten ? USER USER - USER - USER",de
7803,Demotermine1250288610181772021-09-18 01:42:45,18177,2021-09-18 01:42:47,"Ein Appell an alle Nichtwähler in Spe von unserer Seite des politischen Teichs : Nichts tun , oder ihnen weh tun ? 10 Tage noch . Ausschnitt aus diesem Video",de
14192,Demotermine125028861089692021-04-12 10:44:50,8969,2021-04-12 09:55:58,📆 NEIN zum Masken- und Testzwang in Kitas und Schulen ! JA zum Weimarer Urteil ! 👉 🏻 mehr Infos dazu # Termin # QuerDenken ! Alfdorf Marktplatz USER USER 14042021 Raus auf die Straße USER,de
19216,Demotermine125028861052452021-01-16 20:16:42,5245,2021-01-16 20:16:18,"Interessante Aussagen im öffentlich rechtlichen Fernsehen zur Impfung und den völlig unbekannten Nebenwirkungen , die jetzt mal am lebenden Objekt begutachtet werden . USER USER",de
17933,Demotermine1250288610237642021-10-29 01:00:02,23764,2021-10-29 01:00:19,"Nationale Kundgebung 23.10.2021- Bern - Charly Pache , Komitee Covid-Verschärfung NEIN Romandie — Wissensgeist - Nicole Hammer URL 10:34 Raus auf die Straßen USER 👉 Übersicht / Overview 👈",de
22320,Demotermine125028861010922020-05-22 11:15:57,1092,2020-05-22 11:12:52,"Neckarsulm Stuttgart : Nächster Termin , Samstag 23.05.2020 in Stuttgart zwischen Porsche Arena und VFB Fancenter von 15.45 - 19.00 , 100 Personen angemeldet . Kommt zahlreich . USER USER USER - Bilder und Videos hochladen USER - Diskussion USER Fahren oder Mitfahren USER",de
7694,Demotermine1250288610184192021-09-18 14:13:57,18419,2021-09-18 14:14:56,"Valence , 18. September 2021. Landesweit ist das französische Volk gegen die Corona-Tyrannei aufgestanden . # WorldWideDemo # Querdenken # NichtOhneUns demokratischerwiderstand.de Raus auf die Straßen USER",de
14284,Demotermine125028861088692021-04-09 03:08:55,8869,2021-04-09 02:48:46,"Linz - Fest für die Freiheit „ Freitag für Freiheit Menschenwürde , Meinungsfreiheit und deren Bedeutung in der Österreichischen Bundesverfassung “ Findet jeden Freitag statt ! 17 bis 20 Uhr USER 09042021 Raus auf die Straße USER",de
15174,Demotermine125028861077542021-03-18 19:02:42,7754,2021-03-18 17:15:34,"📆 Mahnwache der Frankfurter Freiheitssänger - Die P ( l ) andemie endet , wenn die Menschen aufhören mitzumachen . 👉 🏻 mehr Infos dazu # Termin # QuerDenken ! USER USER 23032021 Raus auf die Straße USER",de
14951,Demotermine125028861081192021-03-25 00:00:55,8119,2021-03-24 23:57:29,Es reicht ! Schluß mit politisch motiviertem Lockdown ! P ( l ) andemie ohne Evidenz = Verbrechen ! Mehr URL USER Raus auf die Straße USER,de
2925,Demotermine1250288610299262021-12-04 10:58:58,29926,2021-12-04 10:58:55,"Bielefeld am 3. Dezember 2021 In einem Land , das solche spontanen Demonstrationen gegen die Regierungspolitik bewusst verschweigt , ausblendet und ignoriert , herrscht keine Demokratie mehr . Wo es hingeht bestimmen wir Menschen selber . Mit Grundrechten , vor allem für die , die keine Lust auf diese Richtung haben . # Coronadiktatur Raus auf die Straßen USER 👉 Übersicht / Overview 👈",de
19176,Demotermine125028861052952021-01-18 22:42:44,5295,2021-01-18 22:38:54,Wenn die Schwurbler der Gleichschaltungsmedien bersetten ... Genauere Beschreibung URL Diskussion USER Für Besserdenker USER,de
22617,Demotermine1250288610136,136,2019-01-13 15:23:23,"Patriotische Veranstaltungen und Infos Hier teilen wir die Termine von größeren Zusammenkünften wie Konzerten , Zeltlager , Motivations- und Arbeitstreffen , Aktionen an Feiertagen . Infos bitte an die Admins . URL",de
5135,Demotermine1250288610222432021-10-19 07:45:13,22243,2021-10-19 07:45:12,Bekannt wie ein bunte Katze - Petra von Schenk — hessencam URL 26:06 Raus auf die Straßen USER 👉 Übersicht / Overview 👈,de
3657,Demotermine1250288610287262021-11-28 11:01:43,28726,2021-11-28 11:01:40,Der “ Schweigemarsch ” – Villach In Gedenken an unsere einstige Demokratie ... Sei ein Teil dieser friedlichen Bewegung . # AT # So2811 # Villach Raus auf die Straßen USER 👉 Übersicht / Overview 👈,de
11033,Demotermine1250288610131852021-07-30 13:15:06,13185,2021-07-30 13:14:18,"Gute Demos , schlechte Demos : Der gravierende Doppelstandard in Berlin ! — Charles Krüger URL 4:44 USER URL Raus auf die Straße USER",de
8288,Demotermine1250288610174942021-09-08 21:55:10,17494,2021-09-08 21:55:16,Independence Day in Brazil - São Paulo Part 3 — The_Red_Sparrow URL 17:16 Raus auf die Straßen USER,de
17110,Demotermine1250288610252592021-11-06 13:30:14,25259,2021-11-06 13:31:27,"Leipzig , Haltestelle Augustusplatz , 06.11.2021 - Die Kinder vom schwarzen Block ( "" Babyfa "" ) sind da . USER Raus auf die Straßen USER 👉 Übersicht / Overview 👈",de
14227,Demotermine125028861089342021-04-12 03:29:53,8934,2021-04-12 03:28:42,Bad Waldsee Spaziergang Treffpunkt entgegen früherer Verlautbarungen auf der Hochstatt vor dem Polizeigebäude ! Montag 19:30 Frieden Freiheit Demokratie USER 12022021 Raus auf die Straße USER,de
5755,Demotermine1250288610212202021-10-13 14:05:30,21220,2021-10-13 14:05:39,Niedriger Erdgas-Füllstand bereitet Sorge – kalte Wohnungen möglich — Epoch Times Nachrichten URL 2:27 Raus auf die Straßen USER 👉 Übersicht / Overview 👈,de
14410,Demotermine125028861087262021-04-07 00:17:54,8726,2021-04-07 00:17:27,Das gibt ein gutes Demowochenende . Samstag Rastatt und Sonntag Ottersweier - Die Zeit der Wende ist gekommen ! Seid dabei ! USER USER 11042021 Raus auf die Straße USER,de
3314,Demotermine1250288610292592021-12-01 18:30:18,29259,2021-12-01 18:30:15,Part I Moderation Christian — Querdenken234 - Bochum URL 3:56 Raus auf die Straßen USER 👉 Übersicht / Overview 👈,de
22660,Demotermine125028861059602021-02-04 22:03:22,5960,2021-02-04 22:01:42,🟥🟥🟥🟥🟥🟥 ⬜ ️ ⬜ ️ ⬜ ️ ES REICHT ! ! ! ! Demo für Frieden und Freiheit Fulda 06.02.21 / 14:00 Es reicht ! Kommt ! Auf jeden kommt es an . ⏰ ⏰ ⏰ USER USER 06022021 Bilder und Videos hochladen USER - Termine in Textform USER Fahren oder Mitfahren USER - Übernachten ? USER USER - USER - USER,de
5329,Demotermine1250288610219432021-10-17 21:22:51,21943,2021-10-17 18:05:38,Schild Bürger Kempten 16 Oktober 2021 — Lebensfreunde Kaufbeuren URL 4:13 Raus auf die Straßen USER 👉 Übersicht / Overview 👈,de
4411,Demotermine1250288610281352021-11-24 15:07:33,28135,2021-11-24 15:01:47,🇼 🇦 🇳 🇳 🇮 🇸 🇹 🇩 🇮 🇪 🇩 🇪 🇲 🇴 Iɴ ᴍᴇɪɴᴇʀ Sᴛᴀᴅᴛ ? # MeineStadt Komme dazu einfach in deine Gruppe Verbinde dich regional und lerne Leute in deiner Nähe kennen : USER USER USER USER USER USER USER USER USER USER USER USER USER USER USER USER Bonus „ 17. Bundesland “ : USER Nachbarländer USER USER USER USER USER Raus auf die Straßen USER 👉 Übersicht / Overview 👈,de
3703,Demotermine1250288610286562021-11-28 07:25:01,28656,2021-11-28 07:23:36,Macht eure eigenen Weihnachtsmärkte 😉 In Michelstadt nur mit 3 G und Zaun . Nebenan machen wir einen eigenen Weihnachtsmarkt mit 0 G 😉 😅 Kommt vorbei heute ab 18 Uhr und holt euch einen kostenlosen Glühwein ab 😀 Michelstadt am Lindenplatz 😀 👍 Gerne folgen auf ... USER # HE # So2811 # Michelstadt Raus auf die Straßen USER 👉 Übersicht / Overview 👈,de
23427,Demotermine1250288610221572021-10-19 00:39:14,22157,2021-10-19 00:38:56,Eilmeldung ! Der Krieg wird an allen Fronten geführt ! Quelle USER zur Bild Raus auf die Straßen USER 👉 Übersicht / Overview 👈,de
19546,Demotermine125028861048052020-12-30 21:52:52,4805,2020-12-30 21:52:10,"Silvester-Demo ! Bitte beachtet : 1,5 m Abstand und Mund-Nasen-Bedeckungspflicht . Bitte beachtet auch , dass der Versammlungsort wieder der Öhringer Marktplatz ist . Wir freuen uns auf Euch ! Donnerstag , 31.12.2020 18 - 22 Uhr Marktplatz Öhringen USER USER 31122020 Bilder und Videos hochladen USER - Termine in Textform USER Fahren oder Mitfahren USER - Übernachten ? USER USER - USER - USER",de
988,Demotermine1250288610277732021-11-21 17:01:52,27773,2021-11-21 17:01:27,"Police is definitely on edge . 🔗 Patryk "" Skju "" Sykut ( USER Brüssel , 21.11.2021 Raus auf die Straßen USER 👉 Übersicht / Overview 👈",de
14685,Demotermine125028861084212021-03-30 23:55:04,8421,2021-03-30 23:54:38,ES GEHT WIEDER LOS ! Solidarisiert euch mit Landwirten und Gastro ! wir-stehen-auf / mil veranstaltet den nächsten mega Korso ! TEILT DEN FLYER ÜBERALL IN ALLEN STÄDTEN DER UMGEBUNG ! ! ! WIR MACHEN ASCHAFFENBURG DICHT ! ! ! USER 11042021 Raus auf die Straße USER,de
16702,Demotermine1250288610258882021-11-10 03:19:06,25888,2021-11-10 03:19:03,Also wenn diese Aussage mal keine Volksverhetzung ist!!️ 🤷 ‍ ♂ ️ 🌞 🍷 Lust auf Gute Laune ? 👉 👉 URL 🔹 🔸 🔹 🔸 🔹 🔸 🔹 🔸 🔹 🔸 🔹 🔸 🔹 🔸 Raus auf die Straßen USER 👉 Übersicht / Overview 👈,de
17405,Demotermine1250288610247232021-11-02 19:49:40,24723,2021-11-02 19:50:20,Freiheitsversammlung 30.10.21 : Symbolisches Masken zerschneiden zum Freedom-Day — Freiheitsversammlung Muenchen URL 1:26 Raus auf die Straßen USER 👉 Übersicht / Overview 👈,de
16893,Demotermine1250288610256072021-11-07 07:46:36,25607,2021-11-07 07:48:00,"🇫 🇷 Straßburg 🎶 6.11.2021 🎶 🎶 Danser encore , gute Laune , um motiviert zu bleiben 🍀 👍 USER Raus auf die Straßen USER 👉 Übersicht / Overview 👈",de
10885,Demotermine1250288610133842021-08-01 11:32:01,13384,2021-08-01 11:28:22,Alte Frau wird brutal festgehalten . In diesem Fall schützen wohl Ausrüstung und Visiere auch beim Anfassen vor dem Virus ... URL Raus auf die Straße USER,de
14381,Demotermine12502886108759,8759,2021-04-07 17:28:47,"Wichtiges Urteil des Oberverwaltungsgerichtes Niedersachsen : "" Nicht nachprüfbare Behauptungen "" [ der Regierung ] reichen "" zur Rechtfertigung einer derart einschränkenden und weitreichenden Maßnahme wie einer Ausgangssperre nicht aus "" . URL USER Neue Fälle USER - Diskussion USER Termin mitteilen USER",de
14493,Demotermine125028861086512021-04-05 16:15:52,8651,2021-04-05 13:55:32,📆 Lasst uns reden ! 👉 🏻 mehr Infos dazu # Termin # QuerDenken ! Traunstein Stadtplatz USER 08042021 Raus auf die Straße USER,de
3507,Demotermine1250288610289292021-11-30 01:45:20,28929,2021-11-30 01:45:16,Australier fluten Melbourne : Politiker schließen sich Protesten gegen Corona-Regeln an 👉 🏻 Neuer Beitrag USER,de
15317,Demotermine125028861075372021-03-13 17:54:10,7537,2021-03-13 17:54:10,Eskalation in Dresden ( 13.03.2021 ) - Katz- und Mausspiel mit der Polizei . Dresdner wehren sich ! USER Raus auf die Straße USER,de
2641,Demotermine1250288610303792021-12-06 14:40:13,30379,2021-12-06 14:40:10,Aufzug Brackenheim am 29. November 21 — Team Freiheit Brackenheim URL 2:14 Raus auf die Straßen USER 👉 Übersicht / Overview 👈,de
3590,Demotermine1250288610288202021-11-29 05:15:11,28820,2021-11-29 05:15:08,28.11.2021 | München | # SpunktStreamTeam in die Massnahme — # MAMAandME URL 4:48 Raus auf die Straßen USER 👉 Übersicht / Overview 👈,de
5330,Demotermine1250288610219482021-10-17 20:25:22,21948,2021-10-17 20:25:18,"VEIKKO ON TOUR - Teil 2 - 2 - "" Who is Q "" - THÜRINGEN am 16.10.2021 — DER THÜRINGER 2.0 URL 1:40:02 Raus auf die Straßen USER 👉 Übersicht / Overview 👈",de
14419,Demotermine125028861087192021-04-06 23:46:14,8719,2021-04-06 23:14:17,Schwäbisch Gmünd Unglaublich was heute wieder los war .... Mein Gott sind wir gefährlich für die Allgemeinheit Webcam Marktplatz USER USER Raus auf die Straße USER,de
7278,Demotermine1250288610190852021-09-24 04:13:01,19085,2021-09-24 04:12:09,🚗 🚐 🚙 🚛 🚜 🚓 Autokorso Bamberg Freitag 24.09.2021 um 17:45 Uhr Start Fuchsparkstadion USER 24092021 # BY Raus auf die Straßen USER,de
6390,Demotermine1250288610203742021-10-04 02:59:10,20374,2021-10-04 02:59:47,"Das ist die gehirntote Jugend , die Enteignungen feiert und sich gleichzeitig für unkontrollierte Masseneinwanderung einsetzt . Ach ja : Bengalos fürs Klima dürfen natürlich auch nicht fehlen . Und Masken trägt man nur tagsüber . Es ist ein fucking Kult , ein Lifestyle , dagegen zu sein . Gehirne , R.I.P. unblogd.cc Raus auf die Straßen USER 👉 Übersicht / Overview 👈",de
19023,Demotermine125028861054742021-01-25 18:45:00,5474,2021-01-25 18:44:24,"Rostock - Dierkow , Demo 27.01.21 , 18:00 Uhr , Parkplatz Haltestelle Dierkower Allee USER 27012021 Bilder und Videos hochladen USER - Termine in Textform USER Fahren oder Mitfahren USER - Übernachten ? USER USER - USER - USER",de
18262,Demotermine1250288610232002021-10-25 09:12:53,23200,2021-10-25 09:13:49,Zweimal Bw-Dingo in # Bremerhaven beim # Fachmarktzentrum # Lunedeich Aktuell USER Raus auf die Straßen USER 👉 Übersicht / Overview 👈,de
9144,Demotermine1250288610162252021-08-29 13:33:41,16225,2021-08-29 13:33:34,29.08.2021 um 15 : 28 Uhr Ecke Friedenstraße / Landsberger Allee Gregor Kopka via USER Raus auf die Straßen USER,de
3345,Demotermine1250288610292192021-12-01 09:27:50,29219,2021-12-01 09:27:43,MEIN KÖRPER - MEINE ENTSCHEIDUNG ! ! ️ Dieser kriminelle nicht bestrafte Kanzler will uns sagen was wir zutun haben ? ? ? ! ! ️NICHT MIT MIR ! ! ️ DEUTSCHLAND STEH ENDLICH AUF ! ! ️!!️!!️ USER Raus auf die Straßen USER 👉 Übersicht / Overview 👈,de
18149,Demotermine1250288610233742021-10-26 10:39:37,23374,2021-10-26 10:40:11,auch die tiroler sind in wien gelandet zur heutigen demo . ! ! ! 🇦 🇹 🇦 🇹 🇦 🇹 🇦 🇹 💙 💙 💙 Raus auf die Straßen USER 👉 Übersicht / Overview 👈,de
11035,Demotermine1250288610132042021-07-30 16:23:27,13204,2021-07-30 16:22:39,Wir starten in den August - am Montag 2.8. - wie immer zum Freigang um 18:30 in 74336 Brackenheim . Berlin ist überall und Wahlkampf ist die Blendgranate auf dem Highway zur Autokratie ! UNS REICHT'S ! USER 02082021 Raus auf die Straße USER,de
749,Demotermine1250288610317012021-12-14 04:19:30,31701,2021-12-14 04:19:27,Aus vielen einzelnen Videos und Bildern zusammengesetzt Danke den Berichterstattern Eine Information nach Artikel 5 im GG Für Alle die freie Berichterstattung via MSR Aufklärung URL Raus auf die Straßen USER 👉 Übersicht / Overview 👈,de
8699,Demotermine1250288610168572021-09-03 19:28:23,16857,2021-09-02 01:05:26,"FREIHEIT MARSCH ! # MÜNCHEN Landeshauptstadt # BY # KeinImpfzwang # KinderSchutz Durch die Innenstadt , zu den MEDIENHÄUSERN 🏢 📷 🏢 04.09.2021 14 Uhr | Bayerischer Landtag Max-Planck-Straße 1 | 81675 München Mehr zum regelmäßigen Protest in München 👉 🏻 URL Übersicht URL Mehr URL USER 04092021 Raus auf die Straßen USER",de
1400,Demotermine1250288610320912021-12-17 12:45:22,32091,2021-12-17 12:44:20,Bielefeld steht auf und bewegt sich . Alle auf die Straße ! Schließt Euch an ! ✊ USER USER USER # Deutschlandstehtauf # NW # Fr1712 # Bielefeld Raus auf die Straßen USER 👉 Übersicht / Overview 👈,de
8101,Demotermine1250288610177512021-09-12 00:05:01,17751,2021-09-12 00:05:09,Massenproteste in Toulouse / Frankreich gegen den Pass Sanitaire am 11.09.2021 — Weiterdenken-Marburg WDMR URL 2:30 Raus auf die Straßen USER,de
22571,Demotermine1250288610569,569,2019-10-02 20:45:24,Wir sehen uns am Samstag!!️ Noch nicht auf VK ? Hier unsere Links : 🖤 ❤ ️ 💛 Marco auf VK : URL 🖤 ❤ ️ 💛 Julia auf VK : URL 🖤 ❤ ️ 💛 Frauenbündnis Kandel auf VK : URL,de
16061,Demotermine1250288610271682021-11-19 22:30:26,27168,2021-11-19 22:30:23,LIVE : Rotterdam as protesters demonstrate against COVID-19 restrictions - 19.11.2021 — demonstration_live URL 46:31 Raus auf die Straßen USER 👉 Übersicht / Overview 👈,de
22671,Demotermine125028861065202021-02-25 20:34:32,6520,2021-02-19 12:04:37,Stuttgart nach Ludwigsburg Autokorso Start Cannstatter Wasen Parkplatz P10 ! ! ️KORSO IST GENEHMIGT!!️HUPEN IST NICHT ERLAUBT!!️DAFÜR NEHMEN WIR TÖPFE UND GESCHIRR MIT!!️DAMIT KÖNNEN DIE BEIFAHRER ORDENTLICH KRACH MACHEN!!️ USER 26022021 Bilder und Videos hochladen USER - Termine in Textform USER Fahren oder Mitfahren USER - Übernachten ? USER USER - USER - USER,de
5276,Demotermine1250288610220362021-10-18 03:14:56,22036,2021-10-18 03:15:45,"🔥 🔥 🔥 🔥 🔥 🔥 🔥 🔥 🔥 🔥 🔥 🔥 Der Musiker Gil Ofarim ( vorbestraft wegen Körperverletzung ) hat sich die ganze Geschichte über einen antisemitischen Rauswurf wegen seines Davidsterns offenbar nur ausgedacht . Auf einem Überwachungsvideo ist zu sehen , dass er diesen im Hotel überhaupt nicht getragen hat . Raus auf die Straßen USER 👉 Übersicht / Overview 👈",de
10072,Demotermine1250288610145522021-08-20 12:48:49,14552,2021-08-20 12:47:19,"👉 👉 👉 Sa. 21.8. 14.00 - 17.00Uhr : 2. OSNABRÜCKER SCHUHPROTEST 👟 👟 👟 Wo ? Theodor-Heuss-Platz , direkt vor dem Hauptbahnhof . Bringt 👠 👠 👠 mit ! USER 21082021 Raus auf die Straßen USER",de
15337,Demotermine125028861075472021-03-13 21:58:14,7547,2021-03-13 21:58:13,"Zusendung 🙏 ❤ ️ K.G.S - Frank hör auf , Du hast getrunken Quelle 👇 URL URL Raus auf die Straße USER",de
3529,Demotermine1250288610289002021-11-30 00:40:09,28900,2021-11-30 00:40:05,Video vom 29. November im viel zu kalten Freiberg ❄ ️ Raus auf die Straßen USER 👉 Übersicht / Overview 👈,de
10855,Demotermine1250288610134182021-08-01 12:42:56,13418,2021-08-01 12:42:56,"Demo-Spitze erreicht Bahnhof Zoo - weiterhin KEINE Polizei ! # b0108 URL — KenFM.de ( USER Aug 1 , 2021 USER Raus auf die Straße USER",de
2902,Demotermine1250288610299542021-12-04 13:29:49,29954,2021-12-04 13:29:46,In Frankfurt hat die Polizei die Straßen zur Demo weitreichend abgesperrt . Es wird noch etwas dauern bis alle da sind ... Raus auf die Straßen USER 👉 Übersicht / Overview 👈,de
4014,Demotermine1250288610282152021-11-26 01:08:59,28215,2021-11-26 01:08:30,🔥 🔥 🔥 SAMSTAG - STUTTGART - BEREITHALTEN ! ! ️!!️!!️ URL ⬆ ️ ⬆ ️ ⬆ ️ 🔼 🔼 🔼 ⬆ ️ ⬆ ️ ⬆ ️ 👉 Stuttgart Widerstand Grundrechte Freiheit Grundgesetz Demos 👈 ! ! ️TEILEN AUFSTEHN TEILEN!!️ # BW # Sa2711 # Stuttgart Raus auf die Straßen USER 👉 Übersicht / Overview 👈,de
18473,Demotermine1250288610228592021-10-23 19:56:37,22859,2021-10-23 19:55:44,"06.11.2021 Leipzig 15 Uhr Augustusplatz , wir sind dabei ! Laufen wir wie 89 ' um den Ring ! 🕊 Frieden , Freiheit , Souveränität ! 🕊 URL # SN # Sa0611 # Leipzig Raus auf die Straßen USER 👉 Übersicht / Overview 👈",de
16775,Demotermine1250288610257882021-11-09 09:15:22,25788,2021-11-09 09:15:18,"Woher kommt das Gefühl , dass Teile der Polizei nicht mehr auf der Seite der Bürger stehen ? — Osnabrücker Sommer der Aufklärung URL 1:13 Raus auf die Straßen USER 👉 Übersicht / Overview 👈",de
3768,Demotermine1250288610285602021-11-27 11:10:09,28560,2021-11-27 11:10:06,❤ ️ AUCH UNSERE JUGEND ERHEBT SICH GEGEN TYRANNEI ❤ ️ — Erfurt zeigt Gesicht URL 7:23 Raus auf die Straßen USER 👉 Übersicht / Overview 👈,de
13631,Demotermine125028861096712021-04-29 12:06:16,9671,2021-04-29 12:05:38,Großdemonstration in München am 1.5.2021 – Theresienwiese Thema der Demo : Verfassungswidrigkeit und Kollateralschaden der Coronamaßnahmen . Unter dem Motto : Wir sind Friedensbewahrer Wir sind Freiheitsschützer Wir sind Demokratie-Hüter ! .. weiterlesen auf KenFM.de USER USER 01052021 Raus auf die Straße USER,de
18362,Demotermine1250288610230402021-10-24 13:59:09,23040,2021-10-24 14:00:20,"Osnabrück 4.10.2021 Grundrechtedemo "" Regierung hat vielleicht Gefallen an der Situation gefunden . "" — Osnabrücker Sommer der Aufklärung URL 9:47 Raus auf die Straßen USER 👉 Übersicht / Overview 👈",de
18019,Demotermine1250288610236282021-10-28 05:11:39,23628,2021-10-28 05:06:31,URL Visitez s.v.p . : URL # LU # Sa3010 # Luxemburg # Luxembourg USER Raus auf die Straßen USER 👉 Übersicht / Overview 👈,de
4661,Demotermine1250288610277452021-11-21 12:30:11,27745,2021-11-21 12:30:08,21.11.21 In memoriam : Karl Hilz ein Gedenkmarsch — Augsburg unmaskiert URL 2:07:21 Raus auf die Straßen USER 👉 Übersicht / Overview 👈,de
9889,Demotermine1250288610148282021-08-25 09:01:16,14828,2021-08-25 09:01:15,"Gestern haben wieder mehr als 50 Demonstranten beim Spaziergang in Rotenburg "" Gesicht gezeigt "" ! 👏 🏻 🕊 Am Wochenende sehen wir uns hoffentlich in Berlin ! Raus auf die Straßen USER",de
6533,Demotermine1250288610201622021-10-03 02:49:12,20162,2021-10-03 02:50:11,Teil 1 Chur - Demonstration - FCK NWO — Wissensgeist - Nicole Hammer URL 39:05 Raus auf die Straßen USER 👉 Übersicht / Overview 👈,de
9371,Demotermine1250288610158612021-08-29 09:51:04,15861,2021-08-29 09:51:38,"⚠ ️ WICHTIG FÜR ALLE DEMOKRATEN ⚠ ️ Die Polizei riegelt rechtswidrig den Humboldthain ab und versperrt damit den Zugang zu einer angemeldeten und nicht verbotenen Demo ! 🤬 Es scheint , als würden sich die Demonstranten vom Humboldthain auf der Brunnenstraße Richtung Mauerpark in Bewegung setzen!!️ # WirWerdenALLEdaSein # b2808 Raus auf die Straßen USER",de
2438,Demotermine1250288610283722021-11-26 19:27:24,28372,2021-11-26 19:27:21,Du lebst ... Also steh auf ! Essay zu einem Zitat von Markus Schlöffel URL Raus auf die Straßen USER 👉 Übersicht / Overview 👈,de
20759,Demotermine125028861032962020-10-28 11:22:57,3296,2020-10-21 10:29:23,Schorndorf USER Schorndorfer Nachrichten USER URL USER USER USER 30102020 Bilder und Videos hochladen USER - USER Fahren oder Mitfahren USER - Übernachten ? USER USER - USER - USER,de
1775,Demotermine1250288610316302021-12-13 15:33:46,31630,2021-12-13 15:33:43,"EILMELDUNG : Aufzüge in Sachsen NICHT mehr verboten ! Fehler oder Sabotage in neuer Verordnung der Landesregierung - Köpping macht dem Bürgerprotest die Straße frei ! Schaut euch das Video an - es gibt keine rechtliche Grundlage , um heute den Bürgerprotest zu stoppen . Mehr dazu in Kürze ! FREIE SACHSEN : Folgt uns bei Telegram ! USER Raus auf die Straßen USER 👉 Übersicht / Overview 👈",de
9727,Demotermine1250288610151092021-08-28 09:04:28,15109,2021-08-28 09:04:55,"⚠ ️ WICHTIG FÜR ALLE DEMOKRATEN ⚠ ️ Wir haben gehört , dass im Volkspark Friedrichshain am Märchenbrunnen eine Band spielt!!️ # WirWerdenALLEdaSein # b2808 Raus auf die Straßen USER",de
9381,Demotermine1250288610158292021-08-29 08:34:57,15829,2021-08-29 08:35:25,🇩 🇪 Demo-Berlin : Die Haltestelle „ Humboldthain “ kann heute Vormittag nicht von den S-Bahnen angefahren werden . Beste Alternative : Haltestelle „ Gesundbrunnen “ # b2908 Raus auf die Straßen USER,de
16524,Demotermine1250288610262862021-11-12 11:50:08,26286,2021-11-12 11:50:05,BOTSCHAFT AN ALLE UNGEIMPFTEN DANKE URL ❗ ️TEILEN ❗ ️ UND FOLGEN 👉 🏽 URL Raus auf die Straßen USER 👉 Übersicht / Overview 👈,de
19751,Demotermine125028861045452020-12-18 10:33:21,4545,2020-12-15 04:11:10,"Nachdem sie in Konstanz auch den Bürgern das Demonstrationsrecht genommen haben- gehen wir spazieren , bitte , bitte , alle ! Sport im Freien ist zu zweit gestattet- wir sind doch alle Sportler ? ! Bitte weitersagen , teilen . URL USER USER USER 20122020 Bilder und Videos hochladen USER - Termine in Textform USER Fahren oder Mitfahren USER - Übernachten ? USER USER - USER - USER",de
16095,Demotermine1250288610270922021-11-18 22:05:39,27092,2021-11-18 22:05:36,LIVE : La Palma / Spain - volcano continues to erupt - 18.11.2021 — demonstration_live URL 2:01:31 Raus auf die Straßen USER 👉 Übersicht / Overview 👈,de
533,Demotermine1250288610254332021-11-06 18:00:52,25433,2021-11-06 18:02:07,Einige Organisatoren von der Bürgerbewegung Leipzig 2021 sind in der Innenstadt gekesselt . Demo läuft trotzdem weiter ❤ ️ 🍀,de
12547,Demotermine1250288610112042021-05-31 01:30:04,11204,2021-05-31 01:29:14,Hamburg - Bergedorf Frascatiplatz Samstag 05.06.2021 Autokorso Abfahrt 14 Uhr Aufstellung der Fahrzeuge ab 13.15 Uhr Grundrechte sind keine Privilegien ! USER 05062021 Raus auf die Straße USER,de
620,Demotermine1250288610132302021-07-30 22:27:42,13230,2021-07-30 22:27:41,Kurz vor # Berlin - man zieht wirklich alles an Kapazitäten zusammen . Diese Reiterstaffel kommt aus Wiesbaden ( ! ! ! ! ! ! ) . 🙈 🙈 🙈 🙈 🙈 🙈 🙈 USER Raus auf die Straße USER,de
3270,Demotermine1250288610293132021-12-01 23:23:32,29313,2021-12-01 23:22:40,Video Zusammenfassung vom großen österreichweiten Protesttag am 1.12 Unterstütze uns JETZT im Einsatz für die FREIHEIT . Raus auf die Straßen USER 👉 Übersicht / Overview 👈,de
14664,Demotermine125028861084502021-03-31 04:24:19,8450,2021-03-31 04:19:08,"Genialer Netzfund 😂 👍 Berlin ... da läuft die härteste Verarschung 🤣 🗽 🤣 😎 🤣 🔥 Wenn irgendwo eine Polonaise ist , muss ich einfach mitmachen . URL ⬆ ️ ⬆ ️ ⬆ ️ 🔼 🔼 🔼 ⬆ ️ ⬆ ️ ⬆ ️ USER Raus auf die Straße USER",de
9351,Demotermine1250288610159002021-08-29 10:19:49,15900,2021-08-29 10:20:26,+ + + Klardenken ist am Olympischen Platz / / weitere Sammlung beim Mauerpark + + + # b2909 Raus auf die Straßen USER,de
10522,Demotermine125028861013374,13374,2021-08-01 10:31:40,⚠ ️ FÜR ALLE DEMOKRATEN ⚠ ️ ERFOLG : Es gibt jetzt zwei große Aufzüge 💪 👍 Ein Aufzug auf dem Kaiserdamm ( Theodor-Heuss-Platz ) Richtung Osten und ein Aufzug auf der Kantstraße ( Amtsgerichtsplatz ) Richtung Osten . ❤ ️ ❤ ️ ❤ ️ ❤ ️ ❤ ️ ❤ ️ ❤ ️ ❤ ️ ❤ ️ ❤ ️ ❤ ️,de
16086,Demotermine1250288610271302021-11-19 10:45:19,27130,2021-11-19 10:45:16,💥 💥 💥 SÖMMERDAER IMPFZENTRUM PLATZT AUS ALLEN NÄHTEN 💥 💥 💥 — Erfurt zeigt Gesicht URL 0:59 Raus auf die Straßen USER 👉 Übersicht / Overview 👈,de
120,Demotermine1250288610308062021-12-08 22:32:43,30806,2021-12-08 09:25:08,⚠ ️ Hände weg von unseren Kindern ! ! ️ ! ! ️ 🔥 DEMO AM SAMSTAG 🔥 ! ! ️ 👉 Samstag - 11.12.2021 👈 🕑 Beginn 14:00 Uhr 🕠 👉 ab Marienplatz 👈 👉 70178 STUTTGART 👈 Kommt zahlreich und bringt Luftballons mit . Veranstaltung ist angemeldet ! Weitere Ordner gesucht URL # BW # Sa1112 # Stuttgart Raus auf die Straßen USER 👉 Übersicht / Overview 👈,de
6330,Demotermine1250288610204582021-10-05 14:05:33,20458,2021-10-05 14:06:01,"Demo mit Sven Liebich + Merkeljugend , Satiredemo , Teil 3,Tag der deutschen Einheit , Halle , 3.10.2021 — Sonne lacht - Blende acht ! URL 17:47 Raus auf die Straßen USER 👉 Übersicht / Overview 👈",de
12578,Demotermine1250288610111662021-05-29 03:05:11,11166,2021-05-29 03:05:10,29.05.21 Danse geh - Pfälzer Mutation ( Eric Hämweh und die Freiheitsfamilie ) — Querdenken 621 Mannheim qd621ma URL 6:02 Raus auf die Straße USER,de
9863,Demotermine1250288610148672021-08-25 23:39:16,14867,2021-08-25 23:39:15,🔴 Erneut Verlängerung der angeblichen epidemischen Notlage beschlossen und im Bundestag verkündet ! Raus auf die Straßen USER,de
1647,Demotermine1250288610316772021-12-14 02:08:22,31677,2021-12-14 02:08:19,🖤 🤍Auch in Schleiz mit 50 Menschen!🤍 🖤 Freie Jugend : Folgt uns auf Telegram ! URL Raus auf die Straßen USER 👉 Übersicht / Overview 👈,de
7712,Demotermine1250288610183692021-09-18 13:24:46,18369,2021-09-18 13:25:11,Weltgipfel zur Bekämpfung und Prävention von Organraub | 18.09.21 | Teil 2 — Epoch Times Nachrichten URL 1:06:01 Raus auf die Straßen USER,de
6846,Demotermine1250288610197272021-09-28 16:12:21,19727,2021-09-28 16:12:49,"„ Da das Betreten von Privathäusern ohne Einwilligung nicht möglich ist , sei es schwer , eine Handhabe zu finden . Daher wird der geänderte Verwendungszweck des Gebäudes bei der Baubehörde angezeigt . “ URL Raus auf die Straßen USER 👉 Übersicht / Overview 👈",de
8400,Demotermine1250288610173282021-09-06 15:09:32,17328,2021-09-06 15:10:10,ULI MASUTH ( dieBasis ) bei einer Wahlkampfveranstaltung auf dem Domplatz zu Erfurt am 04.09.2021 — DER THÜRINGER 2.0 URL 13:30 Raus auf die Straßen USER,de
18033,Demotermine1250288610235942021-10-27 21:29:20,23594,2021-10-27 21:30:18,Liebe Grüsse aus Amden / WIR FÜR EUCH ❤ ️ — Guido Böni URL 1:50 Raus auf die Straßen USER 👉 Übersicht / Overview 👈,de
18130,Demotermine1250288610234102021-10-26 18:52:14,23410,2021-10-26 18:53:22,"Wien 19:15 Uhr . Immer mehr Menschen strömen zum Ballhausplatz und belagern das Bundeskanzleramt . Polizeischutz wird soeben verstärkt . ➡ ️ AUF1 berichtet morgen in den "" Nachrichten AUF1 "" um 18.00 Uhr . Raus auf die Straßen USER 👉 Übersicht / Overview 👈",de
23281,Demotermine125028861057612021-01-31 16:41:50,5761,2021-01-31 16:33:24,Nach dem Demoverbot ist die Wallfahrt noch größer ! Holt den Diktator Kurz aus dem Parlament ( Bundestag ) oder wo er sich sonst befindet ! URL USER Wir lassen uns nicht verbieten USER,de
21003,Demotermine125028861030042020-09-30 09:45:49,3004,2020-09-30 09:36:47,Stuttgart Hallo Freunde des Fahrrad fahrens . Heute findet unsere letzte Echte kritische Masse für einige Zeit statt . Wir freuen uns auf euch . Hier ist der Link zur Route URL USER - Diskussion & Austausch USER - Bilder und Videos von Demos aus 711 / STUTTGART hochladen USER Bilder und Videos hochladen USER - USER Fahren oder Mitfahren USER - Übernachten ? USER USER - USER - USER,de
20524,Demotermine125028861035882020-11-06 19:33:50,3588,2020-11-06 19:33:50,"Anonymous Milllion Mask March Berlin 2020 : "" Ihr könnt mich alle am Arsch lecken , ich lass mir das nicht länger gefallen "" ! 😂 👍 Bilder und Videos hochladen USER - Termine in Textform USER Fahren oder Mitfahren USER - Übernachten ? USER USER - USER - USER",de
10780,Demotermine1250288610135482021-08-01 19:40:06,13548,2021-08-01 19:40:06,"🇩 🇪 Demo Berlin : Boris Reitschuster und Martin Lejeune interviewen den Polizeisprecher Kabitz , der sich auch zu den Teilnehmerzahlen äußern . Ihr wollt die Wahrheit 👇 🏻 👇 🏻 URL Raus auf die Straße USER",de
14427,Demotermine125028861086992021-04-06 12:11:22,8699,2021-04-06 12:11:15,"🗓 Besuchen Sie demo-info.at , Aktuelle Demonstrationen und Volksbegehren in Österreich . Demo : Gudi bleibt ! - Wien : Demo : Gudi bleibt ! – Wien URL # Termin Raus auf die Straße USER",de
754,Demotermine1250288610308282021-12-08 11:10:23,30828,2021-12-08 11:10:15,"Restaurants , Clubs , Bars , Kinos und Theater - die Liste ist lang . Sie alle leiden an den unverhältnismässigen Massnahmen und Schliessungen . Wir fordern , dass jene , die die Zwangsmassnahmen zu verantworten haben , Reparationszahlungen leisten müssen! ✊ 🏻 💜 URL Raus auf die Straßen USER 👉 Übersicht / Overview 👈",de
17386,Demotermine1250288610247512021-11-03 04:32:19,24751,2021-11-03 04:32:01,""" Wir Impfen euch alle ! "" Na dann versucht es mal ! 😉 USER Abonniert uns gerne auf Telegram 👇 URL Raus auf die Straßen USER 👉 Übersicht / Overview 👈",de
17189,Demotermine1250288610251532021-11-05 13:53:32,25153,2021-11-05 13:45:01,"Der Altmarkkreis geht spazieren Jeden Samstag ab 16:00 treffen sich Menschen , die das Grundgesetz ohne Einschränkungen wieder haben wollen am Rathausturmplatz in 29410 Salzwedel , um sich auszutauschen und evtl. eine Runde durch die Stadt zu laufen . Verantwortlich sind alle , die da sind 😀 # ST # Sa0611 # Salzwedel Raus auf die Straßen USER 👉 Übersicht / Overview 👈",de
15047,Demotermine125028861080122021-03-25 22:13:44,8012,2021-03-23 04:02:12,"Brandenburg an der Havel Autokorso Treffpunkt Wiesenweg , Alter Rummelplatz USER Mehr Details URL USER 27032021 Raus auf die Straße USER",de
6886,Demotermine1250288610196632021-09-27 21:24:50,19663,2021-09-27 21:24:52,Weida ging heute mit guter Stärke spazieren ! Sogar die Antifa hatte uns besucht ... 😏 Folgt uns auf Telegram ⬇ ️ ⬇ ️ ⬇ ️ USER Raus auf die Straßen USER,de
6916,Demotermine1250288610196122021-09-27 17:17:10,19612,2021-09-27 17:18:12,"Ergün ’s Rede auf dem Schloßplatz Stuttgart , 25.09.2021 Lieben Dank an Ergün für seine Rede Lieben Dank an Eva für die Filmaufnahme USER Raus auf die Straßen USER",de
3583,Demotermine1250288610288302021-11-29 14:48:14,28830,2021-11-29 14:47:37,Warnstreik in Gera ! Am 01.12.2021 beginnt in Gera der große Warnstreik ! Dieser beginnt um 10 Uhr vor dem Theater . Macht mit ! Freie Jugend : Folgt uns auf Telegram ! URL # TH # Mi0112 # Gera Raus auf die Straßen USER 👉 Übersicht / Overview 👈,de
9035,Demotermine1250288610163992021-08-29 15:26:48,16399,2021-08-29 15:27:28,🇩 🇪 Demo-Berlin : Ebenfalls zu Gast unter den Streamern am Kessel in der Rykestrasse : Antiverschwurbelte Aktion . # b2908 Raus auf die Straßen USER,de
2014,Demotermine1250288610313302021-12-12 05:16:32,31330,2021-12-12 05:16:01,"13.12.2021 # Waren Wir haben nicht mehr viel Zeit . Jetzt heißt es , auf die Straße zu gehen ! ! ! Datum : 13.12.2021 Uhrzeit : 18:00 bis 20:00 Uhr Treff : Neuer Markt ( Waren ) 🗓 ️ Termine aus Mecklenburg-Vorpommern und der Welt # MV # Mo1312 Raus auf die Straßen USER 👉 Übersicht / Overview 👈",de
1919,Demotermine1250288610314582021-12-12 20:25:27,31458,2021-12-12 20:25:24,Demo Ingolstadt 2021 - 12 - 11 Trailer — 4466hp URL 3:24 Raus auf die Straßen USER 👉 Übersicht / Overview 👈,de
15965,Demotermine125028861067892021-02-25 17:09:59,6789,2021-02-25 15:21:44,"„ Querdenken“-Bewegung in Stuttgart : Verwaltungsgericht hebt Verbot von Autokorso auf URL— Stuttgarter Zeitung ( USER February 25 , 2021 February 25 , 2021 at 12:15PM via Twitter URL USER Zur Demo URL Neuer Startpunkt Gazi-Stadion URL Besser informiert USER",de
15229,Demotermine125028861076742021-03-16 14:53:49,7674,2021-03-16 14:53:48,"Querdenker Demos kommen aus der Mitte der Gesellschaft ! sagt ein echter Antifa .... Ein erfahrener Antifaschist mit Che Guevara Flagge , findet klare Worte für die verpeilten Gegendemonstranten der "" Corona-Demo "" Ausschnitt aus Boris Reitschuster Live-Stream von der Demo Berlin am 13. März 2021. Den kompletten Stream gibt es HIER USER Raus auf die Straße USER",de
17986,Demotermine1250288610236892021-10-28 13:34:27,23689,2021-10-28 13:35:25,Marty McKay - Schwiz Wach Uf ! - Ungimpft -Nationale Kundgebung in Bern — Wissensgeist - Nicole Hammer URL 3:08 Raus auf die Straßen USER 👉 Übersicht / Overview 👈,de
11899,Demotermine1250288610119802021-06-29 08:53:37,11980,2021-06-29 08:53:10,Demo Fulda am 3. Juli ! Bitte teilen . ! ! Björn Banane ist am 3. Juli zu Gast in Fulda 14 Uhr bis 17 Uhr . Innenstadt Mit seinen Hits : Wahrheit Schluss mit dem Lockdown und Wo wollen wir hin ? Auch dabei Busfahrer Thomas Brauner Jördis Artur Helios Carola Javid - Kistel Arne Schmidt U.v.a . Kommt vorbei ! ! ! URL_Frieden_Freiheit_Fulda URL de USER 03072021 Raus auf die Straße USER,de
6987,Demotermine1250288610182422021-09-18 10:25:57,18242,2021-09-18 10:26:26,"❗ ️ ❗ ️ Viele Länder schaffen Corona-Restriktionen ab - um Deutschland wird es einsam ❗ ️ ❗ ️ 👉 Nach Dänemark schaffen jetzt auch die Niederlande ( bei einer Impfquote wie bei uns mit knapp über 60 % ) die Corona-Maßnahmen weitgehend ab ! 👉 Auch Schweden geht diesen Weg . Und was macht unsere Regierung ? Genau , neue Lockdowns planen ! 👉 Mein Kanal : USER URL URL Raus auf die Straßen USER",de
9697,Demotermine1250288610151472021-08-28 10:40:09,15147,2021-08-28 10:40:08,Live aus Berlin am 28.08.21 — We The People - Wir sind der Souverän URL 8:58 Raus auf die Straßen USER,de
8604,Demotermine1250288610169342021-09-02 09:45:41,16934,2021-09-02 09:42:46,Leipzig-Liebertwolkwitz Alle sind recht herzlich eingeladen ! URL Details URL Raus auf die Straßen USER,de
10667,Demotermine1250288610137302021-08-04 04:15:21,13730,2021-08-04 04:15:21,Simone Voss - Schluss mit dem Staatsstreich Die Schwester von Dr. Carola Javid-Kistel Bitte folgt uns auf Telegram URL oder auf URL Raus auf die Straße USER,de
7999,Demotermine1250288610179522021-09-15 09:52:35,17952,2021-09-15 09:53:07,""" Wir lassen uns nicht kaputt Spahn ! "" – Tausende Pflegekräfte streiken in Berlin — RT DE URL 0:59 USER",de
5556,Demotermine1250288610215892021-10-15 09:40:06,21589,2021-10-15 09:40:24,SCHWURBEL TV AM 15.10.2021 E-Mail : infoUSER Paypal : URL IBAN : SENSITIVE Kanäle folgen : URL URL URL URL Raus auf die Straßen USER 👉 Übersicht / Overview 👈,de
6541,Demotermine1250288610201462021-10-02 17:09:38,20146,2021-10-02 17:10:15,Prof. Fritz Vahrenholt : “ Unerwünschte Wahrheiten zur Klima- und Energiepolitik ” — Epoch Times Nachrichten URL 1:07:20 Raus auf die Straßen USER 👉 Übersicht / Overview 👈,de
6418,Demotermine1250288610203202021-10-04 00:14:17,20320,2021-10-04 00:13:53,"Heute Abend 18 Uhr in Waiblingen , Treffpunkt Alter Postplatz , kurzer Spaziergang zum maßnahmenfreien Biergarten , bei Regen einkehren ins Trockene ohne 3 G , Weg zum WC ebenfalls maskenfrei . Auf dem Laufenden bleiben USER # BW # Mo0410 # Waiblingen Raus auf die Straßen USER 👉 Übersicht / Overview 👈",de
229,Demotermine1250288610132632021-07-31 10:55:24,13263,2021-07-31 10:52:25,"! ! ️!!️!!️!!️!!️!!️!!️!!️!!️!!️!!️!!️!!️!!️ Alle Korsos der Freiheitsfahrer in Berlin sind genehmigt ! ! ️ Wo ? Treffpunkt ist immer der Olympische Platz Wann ? 31.07.21 15.00 Uhr 01.08.21 10.59 Uhr 01.08.21 15.59 Uhr Wir sind am Wochenende in Berlin , wo bist du ❓ ❓ ❓ ! ! ️!!️!!️!!️!!️!!️!!️!!️!!️!!️!!️!!️!!️!!️ USER USER 31072021 - 01082021 Raus auf die Straße USER",de
17103,Demotermine1250288610252692021-11-06 13:55:24,25269,2021-11-06 13:56:04,"Leipzig Augustusplatz , 06.11.2021 - Polizei fährt auf USER Raus auf die Straßen USER 👉 Übersicht / Overview 👈",de
7106,Demotermine1250288610193142021-09-25 14:55:28,19314,2021-09-25 14:56:13,STUTTGART GRUNDRECHTE SPAZIERGANG 25092021 URL ⬆ ️ ⬆ ️ ⬆ ️ 🔼 🔼 🔼 ⬆ ️ ⬆ ️ ⬆ ️ 👉 Stuttgart Widerstand Grundrechte Freiheit Grundgesetz Demos 👈 Raus auf die Straßen USER,de
12677,Demotermine1250288610110482021-05-25 21:34:54,11048,2021-05-25 21:34:53,Diagramm aus der kommenden Ausgabe des Demokratischen Widerstands Nr.49. Mein zugehöriger Artikel wird auf S.3 zu finden sein . Bitte teilen und die Zeitung abonnieren ! USER Die umfassendsten Infos USER Werde USER jetzt ! Raus auf die Straße USER,de
9272,Demotermine1250288610160152021-08-29 11:37:32,16015,2021-08-29 11:38:33,"Berlin 29.08.2021 um 13 : 36 Uhr Was ist das für eine merkwürdig vereinsamte Sperre ? Wo sind die gepanzerten Sturmtruppen ? Haben wir die Kräfte des Regimes etwa überdehnt , heute ? USER Raus auf die Straßen USER",de
9657,Demotermine1250288610151962021-08-28 11:33:12,15196,2021-08-28 11:33:05,"+ + + Größter DEMOZUG erreicht soeben Rosa-Luxemburg-Platz . Demokratiebewegung skandiert "" Wir zusammen gegen den Faschismus "" und "" Hände weg von unseren Kindern "" . + + + # b2808 Raus auf die Straßen USER",de
338,Demotermine1250288610169092021-09-02 07:50:50,16909,2021-09-02 07:51:50,"Wenn der Letzte einknickt , ist es zu spät - IM GESPRÄCH [ POLITIK SPEZIAL ] 👉 🏻 Neuer Beitrag USER Raus auf die Straßen USER",de
22927,Demotermine125028861063312021-02-14 14:44:02,6331,2021-02-14 14:40:54,"Heutiger Standort des Corona Reset Virus-Krankenwagens , befüllt mit zahlreichen Shopartikeln URL Zum Standort in München URL USER Versorgung USER",de
17207,Demotermine1250288610251392021-11-05 08:04:46,25139,2021-11-05 08:05:25,Experte gegen Abzug der US-Atomwaffen – Fehlendes Fachwissen bei Politikern — Epoch Times Nachrichten URL 3:14 Raus auf die Straßen USER 👉 Übersicht / Overview 👈,de
4075,Demotermine1250288610287592021-11-28 16:30:40,28759,2021-11-28 16:30:37,WILLIAM TOEL STEHT EUCH BEI ! Bleibe auf dem Laufenden und folge William Toel : ⬇ ️ ⬇ ️ ⬇ ️ ⬇ ️ ⬇ ️ URL Raus auf die Straßen USER 👉 Übersicht / Overview 👈,de
5107,Demotermine1250288610223042021-10-19 20:16:56,22304,2021-10-19 20:15:55,The Vaccinated will be bringing in virus Die Geimpften werden das Virus einführen Raus auf die Straßen USER 👉 Übersicht / Overview 👈,de
8925,Demotermine1250288610165472021-08-29 23:43:49,16547,2021-08-29 23:44:01,"Inzwischen auch von unserer Bewegung zu einer Hymne der Freiheit geworden , hier gesungen von einer tollen Demonstrantin . Es war sehr bewegend 🙏 Raus auf die Straßen USER",de
4959,Demotermine1250288610272682021-11-20 09:59:14,27268,2021-11-20 09:59:11,Mein Herz schlägt für Österreich heute ! GoodVibesOnly & More 👉 🏿 URL Raus auf die Straßen USER 👉 Übersicht / Overview 👈,de
803,Demotermine125028861096202021-04-28 07:11:10,9620,2021-04-28 05:01:31,"🗓 Besuchen Sie demo-info.at , Aktuelle Demonstrationen und Volksbegehren in Österreich , Spaziergang - Pinzgau , in jedem Dorf , Salzburg : Spaziergang – Pinzgau URL # Termin USER 03052021 - 10052021 - 17052021 - 24052021 - 31052021 Raus auf die Straße USER",de
9987,Demotermine1250288610146802021-08-22 22:50:21,14680,2021-08-22 22:50:20,"Tausende Menschen in Pau gegen den "" Pass Sanitaire "" . — Weiterdenken-Marburg WDMR URL 0:32 Raus auf die Straßen USER",de
427,Demotermine12502886105018,5018,2021-01-09 08:36:17,Wien .... let ‘ s Rock . Lasst und eine Revolution starten . Wir MACHEN DAS ! ! ! Ohne Firlefanz . Geradeaus und ehrlich . USER,de
4418,Demotermine1250288610281292021-11-24 14:13:01,28129,2021-11-24 14:12:58,Mainstreamfähiges Video Zum großzügigen Hochladen in sozialen Medien außerhalb von Telegram . Am besten in Verbindung mit Werbung für die bevorstehenden Demos ( Terminhinweise ) oder für alternative Medien . # rausausderblase Autor unbekannt ( Netzfund ) via USER USER,de
11452,Demotermine1250288610125362021-07-18 16:08:09,12536,2021-07-18 13:38:21,📆 Für unsere Freiheit Grundrechte und Demokratie 👉 🏻 mehr Infos dazu # Termin Nürtingen USER 23072021 Raus auf die Straße USER,de
542,Demotermine1250288610245732021-11-01 13:10:12,24573,2021-11-01 13:10:42,"auch wir in 73650 WINTERBACH ( bei Stuttgart ) stehen heute um 17 Uhr wieder mit einer Mahnwache im Ortszentrum ! Wir bleiben fest und halten zusammen . DIE WAHRHEIT WIRD SIEGEN .. viele Grüsse an alle , aufrechten , wahrhaften Menschen ... Anne # BW # Mo0111 # Winterbach Raus auf die Straßen USER 👉 Übersicht / Overview 👈",de
2127,Demotermine1250288610311832021-12-11 10:55:10,31183,2021-12-11 10:55:07,kommt zahlreich ! ! 🇩 🇪 🕊 ️ ❤ ️ — Marius Dörfler URL 0:12 Raus auf die Straßen USER 👉 Übersicht / Overview 👈,de
18365,Demotermine1250288610230372021-10-24 13:19:49,23037,2021-10-24 13:20:15,"Osnabrück , 4.10.2021 Rede zur Spaltung der Gesellschaft und unverantwortliche Regierungspolitik — Osnabrücker Sommer der Aufklärung URL 9:03 Raus auf die Straßen USER 👉 Übersicht / Overview 👈",de
7959,Demotermine1250288610179972021-09-15 19:14:27,17997,2021-09-15 19:13:04,Peter Altmaier kommt nach Falkensee Lasst keinen Corona-Nazi unbegleitet ! USER 20092021 Raus auf die Straßen USER,de
16794,Demotermine1250288610257642021-11-08 19:05:46,25764,2021-11-08 19:05:47,„ Die Politik der unkontrollierten Massenmigration ist katastrophal gescheitert “ — Epoch Times Nachrichten URL 4:07 Raus auf die Straßen USER 👉 Übersicht / Overview 👈,de
4069,Demotermine1250288610263352021-11-12 20:04:08,26335,2021-11-12 20:04:05,Fals ihr noch ein Termin braucht .... (LU Neuenkirch ) 😂 😂 👻 😱 😳 🙈 Raus auf die Straßen USER 👉 Übersicht / Overview 👈,de
17262,Demotermine1250288610250422021-11-04 10:34:14,25042,2021-11-04 10:34:41,Santa Barbara 🇺 🇲 Anti WAX Mandate Anti Everything 🔥 👊 Raus auf die Straßen USER 👉 Übersicht / Overview 👈,de
22538,Demotermine1250288610682,682,2020-01-13 11:40:47,- Sucht euch eure Stadt und unterstützt die Mahnwachen ! 💛 🙏 👍 Alle Mahnwachen in Deutschland zum 24.01.2020 - bitte hier entlang > > > URL -,de
17615,Demotermine1250288610243792021-10-31 10:12:59,24379,2021-10-31 10:14:11,Denuzianten sind und bleiben verdorbene Menschen . Ich stehe ein für eine diktaturfreie Schweiz Folgt mir auf meinem Telegram-Kanal : URL Raus auf die Straßen USER 👉 Übersicht / Overview 👈,de
4689,Demotermine1250288610277192021-11-21 10:24:26,27719,2021-11-21 10:24:23,"3 Gesamter Trauermarsch Trauermarsch anlässlich des Todes von Karl Hilz München , 21.11.2021 Ein Beitrag von USER Raus auf die Straßen USER 👉 Übersicht / Overview 👈",de
23633,Demotermine1250288610179582021-09-15 12:31:58,17958,2021-09-15 12:32:20,"BERLIN - Der ehemalige Präsident des Bundesverfassungsgerichts , Andreas Voßkuhle , hält mehr Freiheiten für Geimpfte und Genesene für angemessen . 👉 🏻 Neuer Beitrag Die umfassendsten Infos USER Werde USER jetzt !",de
3560,Demotermine1250288610288512021-11-29 18:33:21,28851,2021-11-29 18:33:08,"Dezentraler Widerstand geht überall , wo wir sichtbar sind . Danke 😍 Nünchritz ! URL Raus auf die Straßen USER 👉 Übersicht / Overview 👈",de
5339,Demotermine1250288610219302021-10-17 11:09:51,21930,2021-10-17 11:10:15,Neuer Telegram-Kanal — QUERDENKEN 351 - Dresden URL 9:21 Raus auf die Straßen USER 👉 Übersicht / Overview 👈,de
19783,Demotermine125028861044952020-12-12 08:00:54,4495,2020-12-12 08:00:07,Erding Am Stadion Bitte gebt es weiter ! ! ️!!️!!️ PARKPLÄTZE gibt es vor Ort zu genüge!!️!!️!!️ Es braucht keiner am Krontaler oder in der Innenstadt parken ! ! ️!!️!!️ USER 12122020 Bilder und Videos hochladen USER - Termine in Textform USER Fahren oder Mitfahren USER - Übernachten ? USER USER - USER - USER,de
23732,Demotermine125028861097762021-05-01 05:38:57,9776,2021-05-01 01:20:32,"🗓 Besuchen Sie demo-info.at , Aktuelle Demonstrationen und Volksbegehren in Österreich . 1.Mai Demonstration - Graz : 1.Mai Demonstration – Graz URL # Termin USER 01052021 Raus auf die Straße USER",de
16787,Demotermine1250288610257582021-11-08 17:34:21,25758,2021-11-08 17:33:53,Bismarckplatz an der Bismarckbüste in Heidelberg 09112021 USER # BW # Di0911 # Heidelberg Raus auf die Straßen USER 👉 Übersicht / Overview 👈,de
8530,Demotermine1250288610171022021-09-04 17:19:27,17102,2021-09-04 17:20:11,Paris Rue Rivoli - Palais Royal — We The People - Wir sind der Souverän URL 51:46 Raus auf die Straßen USER,de
22352,Demotermine125028861010462020-05-20 09:30:30,1046,2020-05-20 09:29:01,"Hamburg , Jungfernstieg , am Flaggenplatz , 20.05.2020 , 17:00 - 19:00 Uhr , Freiheit für Julian Assange ! , Angemeldet von Aktionsgruppe Hamburg4Assange USER USER USER - Bilder und Videos hochladen USER - Diskussion USER Fahren oder Mitfahren USER",de
14216,Demotermine125028861089472021-04-12 06:27:32,8947,2021-04-12 06:27:32,"Herzlichen Glückwunsch zu allen Demos ! Nun ist es wichtiger als je zuvor , auch im Alltag immer und überall seine Meinung zur C-Diktatur zu zeigen . Demonstrationen können sie behindern , den Meinungs-Button auf meiner Kleidung nicht . Diese und weitere Button , Aufkleber und Masken gibt es bei URL Raus auf die Straße USER",de
10783,Demotermine1250288610135392021-08-01 18:52:56,13539,2021-08-01 18:52:55,"Einer der Protestzüge . Von Charlottenburg in Richtung Siegessäule . Berlin , den 01.08.2021 Danke an Tim für die Aufnahme ! 👉 🏻 USER auf Telegramm Raus auf die Straße USER",de
22110,Demotermine125028861014512020-06-12 13:24:35,1451,2020-06-12 13:23:01,Samstag . 13.06.2020 in Nürnberg 15:30 Wöhrder Wiese bitte teilen ! USER USER - Bilder und Videos hochladen USER - Diskussion USER Fahren oder Mitfahren USER,de
4213,Demotermine125028861076612021-03-16 13:02:47,7661,2021-03-16 13:00:43,Intro Schweigemarsch Eisenberg / 21.03.2021 Details URL USER USER 21032021 Raus auf die Straße USER,de
14888,Demotermine125028861081962021-03-26 08:10:28,8196,2021-03-26 08:09:12,Braunschweig Autokorso Start Porschestraße ( Zulassungsstelle ) USER 27032021 Raus auf die Straße USER,de
17690,Demotermine1250288610242342021-10-30 18:00:16,24234,2021-10-30 18:00:19,"Freiburg , 30 10 21 Demo von FreiSeinFreiburg — Frei Sein Freiburg URL 2:57 Raus auf die Straßen USER 👉 Übersicht / Overview 👈",de
17109,Demotermine1250288610252602021-11-06 13:33:24,25260,2021-11-06 13:32:54,Im Liveticker aus Leipzig 14.28 Uhr Am Augustusplatz Ein Ministerpräsident ? Ein Beitrag von USER Raus auf die Straßen USER 👉 Übersicht / Overview 👈,de
18203,Demotermine1250288610232932021-10-26 04:30:35,23293,2021-10-26 04:31:55,"💛 Vielen Dank ! 💛 💛 an alle tollen und starken Menschen , die am 23. Oktober für gesellschaftlichen Zusammenhalt und ein gesundes Miteinander weltweit auf der Straße waren ! 💛 Raus auf die Straßen USER 👉 Übersicht / Overview 👈",de
835,Demotermine1250288610212882021-10-13 22:21:13,21288,2021-10-13 22:21:11,Historisch.1 Mio. können Regierung in Bayern stürzen . Landtag unter Söder ab 14. Okt. unter Druck . ➠ URL USER Raus auf die Straßen USER 👉 Übersicht / Overview 👈,de
6759,Demotermine1250288610198792021-09-30 01:46:38,19879,2021-09-30 01:47:22,THROW GLAD-WRAP & DICKTATOR DAN IN THERE ASWELL PLEASE JOIN AND SHARE OUR TELEGRAMS URL URL Raus auf die Straßen USER 👉 Übersicht / Overview 👈,de
626,Demotermine1250288610125272021-07-18 09:13:17,12527,2021-07-18 08:54:35,"Meldet heute einfach eine Spontandemo gegen Corona-Maßnahmen in Ahrweiler an , dann sind die "" Freunde und Helfer "" gleich zu hunderten da . Auch das SEK wird binnen weniger Minuten kommen , um euch ohne Maßstab mit Abstand zu schützen . Raus auf die Straße USER",de
6101,Demotermine1250288610207632021-10-08 15:34:46,20763,2021-10-08 15:35:24,„ Wegen fehlendem Grenzschutz kommen jedes Jahr hunderttausende Migranten “ — Epoch Times Nachrichten URL 3:53 Raus auf die Straßen USER 👉 Übersicht / Overview 👈,de
10853,Demotermine1250288610101612021-05-13 05:37:20,10161,2021-05-07 09:42:21,"Am Ohmberg-Bischofferode Am 16.05.2021 um 14:00 Uhr sind wir wieder auf der Strasse ! Ohne Flaggen , ohne Parteien , von Mensch zu Mensch . Für die Menschlichkeit und gegen Diskriminierung ! Wir sehen uns – auf der Strasse ! ! ! 🤗 🖖 👊 😎 ❤ ️ Übersicht URL USER 16052021 Raus auf die Straße USER",de
22385,Demotermine12502886109782020-05-15 12:29:47,978,2020-05-15 12:29:10,Kundgebung in Karlsruhe am Freitag den 15. Mai auf dem Schlossplatz ( direkt am „ Platz der Grundrechte “ ) Karl-Friedrich-Denkmal 17 - 19 Uhr Veranstalter : Friday for Freedom „ Für Freiheit & Selbstbestimmung “ USER USER - Bilder und Videos hochladen USER - Diskussion USER Fahren oder Mitfahren USER,de
1644,Demotermine1250288610317972021-12-14 22:08:57,31797,2021-12-14 19:07:59,📆 ADEVENTS-MAHNWACHE 👉 🏻 mehr Infos dazu # Termin # HE # Do1612 # Darmstadt Raus auf die Straßen USER 👉 Übersicht / Overview 👈,de
5360,Demotermine1250288610219052021-10-17 08:18:26,21905,2021-10-17 08:18:57,# KeinenEurofür3 G # GemeinschaftlicherBoykott Das Espitas hat die Kommentarfunktion inzwischen schon mal vorsorglich deaktiviert . 😂 😂 😂 Raus auf die Straßen USER 👉 Übersicht / Overview 👈,de
2054,Demotermine1250288610312752021-12-14 08:10:12,31275,2021-12-11 21:12:15,💯 💯 💯 Hamburg gibt alles 🥰 Ihr 🔻 wollt mehr 🔻 erfahren ❓ LK News 🔻 🔻 🔻 🇩 🇪 URL 🇩 🇪 LK News 🔺 🔺 🔺 # Highlight Raus auf die Straßen USER 👉 Übersicht / Overview 👈,de
12631,Demotermine1250288610111062021-05-27 10:26:03,11106,2021-05-27 10:26:03,📆 WIR FORDERN : KEINE IMPFLICHT FÜR UNSERE KINDER ! 👉 🏻 mehr Infos dazu # Termin Raus auf die Straße USER,de
18490,Demotermine1250288610228402021-10-23 16:40:19,22840,2021-10-23 16:40:17,Live aus Hamburg - Wir lassen uns nicht spalten / Es Reicht - 23.10.2021 ab 16 Uhr — Ehrenfrau TV URL 2:13:19 Raus auf die Straßen USER 👉 Übersicht / Overview 👈,de
12382,Demotermine125028861098982021-05-04 23:18:34,9898,2021-05-04 19:04:01,Hof steht auf / Demonstration am 8.5.2021 um 15 Uhr am Kugelbrunnen in Hof . URL Flyer URL USER 08052021 Raus auf die Straße USER,de
6682,Demotermine1250288610199772021-09-30 22:14:43,19977,2021-09-30 22:15:20,Demo Bundesverfassungsgericht Karlsruhe Donnerstag 30.9.21 Start 18:00 Uhr Siehe Videobeschreibung ! — Info URL 2:08 Raus auf die Straßen USER 👉 Übersicht / Overview 👈,de
6197,Demotermine1250288610206212021-10-07 06:21:51,20621,2021-10-07 06:21:09,"WIR , für mehr Menschlichkeit . Gehen wir einem Finanzcrash entgegen ? Was hat der Great Reset damit zu tun ? Wir fordern Menschlichkeit und keine Maschinen ❤ 🥰 ! ❗ ❗ ❗ ❗ Keine Maskenpflicht ❗ ❗ ❗ ❗ Seid herzlich willkommen bei uns Freitag , den 8.10.21 um 18 Uhr , Martin-Luther-platz in 91126 Schwabach # BY # Fr0810 # Schwabach Raus auf die Straßen USER 👉 Übersicht / Overview 👈",de
21806,Demotermine125028861018812020-07-06 22:57:14,1881,2020-07-06 19:34:52,Berlin staatenlos.info web : URL web : URL Telegram : URL Telegram 2 : URL Youtube : staatenlos.info3 - Comedian URL Nächste Kundgebung vor dem Reichstag 11. Juli 2020 ab 11. Uhr . Vgl . USER USER - Bilder und Videos hochladen USER - Diskussion USER Fahren oder Mitfahren USER - Übernachten ? USER,de
2068,Demotermine1250288610312532021-12-11 19:49:24,31253,2021-12-11 19:48:58,🇩 🇪 Auch in Aschaffenburg /Unterfranken waren viele Menschen auf der Straße 💪 Raus auf die Straßen USER 👉 Übersicht / Overview 👈,de
1689,Demotermine1250288610317422021-12-14 05:53:57,31742,2021-12-14 05:53:54,"heute auch Frankfurt Oder , ca 230 Leute , zugeschickt von Madlen , danke Dir Raus auf die Straßen USER 👉 Übersicht / Overview 👈",de
4586,Demotermine1250288610278502021-11-22 18:41:55,27850,2021-11-22 18:40:56,"🇺 🇦 Clashes begin near the Ukraine President's Office - activists of the "" Resistance of Surrender Movement "" are trying to break through the police border In der Nähe des ukrainischen Präsidialamtes kommt es zu Zusammenstößen - Aktivisten der "" Widerstandsbewegung der Kapitulation "" versuchen , die Polizeigrenze zu durchbrechen Raus auf die Straßen USER 👉 Übersicht / Overview 👈",de
15302,Demotermine125028861075842021-03-15 11:36:57,7584,2021-03-14 10:15:31,📆 AUTOKORSO FÜR FRIEDEN UND FREIHEIT 👉 🏻 mehr Infos dazu # Termin # QuerDenken ! Balingen Parkareal Messegelände USER 15032021 Raus auf die Straße USER,de
5443,Demotermine1250288610217392021-10-16 12:44:19,21739,2021-10-16 12:45:14,Wofür stehen wir auf ? - Redebeitrag auf unserer Demo in Dresden am 09.10.21 — studentenstehenauf URL 5:05 Raus auf die Straßen USER 👉 Übersicht / Overview 👈,de
1986,Demotermine1250288610313672021-12-12 07:46:59,31367,2021-12-12 07:46:56,💯 💯 💯 Lindau am Bodensee unglaublich viele Menschen gehen gegen die Spaltung und für eine freie Impfentscheidung spazieren 🥰 Ihr 🔻 wollt mehr 🔻 erfahren ❓ LK News 🔻 🔻 🔻 🇩 🇪 URL 🇩 🇪 LK News 🔺 🔺 🔺 Raus auf die Straßen USER 👉 Übersicht / Overview 👈,de
6840,Demotermine1250288610197332021-09-28 17:49:06,19733,2021-09-28 17:50:12,Mitteleuropäische Staatsführer werben um Familien als Lösung für sinkende Geburtenrate in der EU — Epoch Times Nachrichten URL 3:23 Raus auf die Straßen USER 👉 Übersicht / Overview 👈,de
23601,Demotermine1250288610187542021-09-21 08:45:36,18754,2021-09-21 08:45:33,Die Kinder von heute sind die Jugend von morgen . Die Jugend von morgen ist die Zukunft der ganzen Nation . Wer sich also heute an einem dieser Kinder Schuldig macht wird morgen den Zorn unserer Jugend spüren und übermorgen die Antwort unseres gesamten Volkes . Raus auf die Straßen USER,de
18719,Demotermine1250288610224942021-10-20 23:39:38,22494,2021-10-20 23:39:47,MANS BEST FRIEND GUESS THE 🐕 IS ANTI-VAXX ALSO JOIN AND SHARE OUR TELEGRAMS 📣 URL 📣 URL Raus auf die Straßen USER 👉 Übersicht / Overview 👈,de
22637,Demotermine1250288610155422021-08-28 16:28:57,15542,2021-08-28 16:29:09,"Prof. Dolores Cahill , Vladislav & Heiko Schöning mit vielen Freiheitsaktivisten . Die Polizei wird eingekesselt . Wir sind das Volk , wir haben die Freiheit ! Lasst uns unsere Freiheit nutzen , es liegt an uns , was wir daraus machen . > Potsdamer Platz , 28.08.21 # freiheit # gameover # democracy ➡ ️ USER Raus auf die Straßen USER",de
17270,Demotermine1250288610250332021-11-04 10:24:17,25033,2021-11-04 10:24:10,...... Und geben nicht auf . Wir schützen unsere Kinder vor der Willkür des Staates . Ich stehe ein für eine diktaturfreie Schweiz Folgt mir auf meinem Telegram-Kanal : URL Raus auf die Straßen USER 👉 Übersicht / Overview 👈,de
2541,Demotermine1250288610305382021-12-07 09:20:15,30538,2021-12-07 09:20:11,Stimme aus der Pflege : 6. Dezember 2021 Brackenheim — Team Freiheit Brackenheim URL 3:11 Raus auf die Straßen USER 👉 Übersicht / Overview 👈,de
6053,Demotermine1250288610208402021-10-09 10:04:52,20840,2021-10-09 10:05:26,Linker Verein „ Potse “ bekommt nach Jahren der Hausbesetzung neue Räume spendiert — Epoch Times Nachrichten URL 8:17 Raus auf die Straßen USER 👉 Übersicht / Overview 👈,de
10496,Demotermine1250288610139582021-08-08 19:47:38,13958,2021-08-08 19:44:30,"Wir brauchen echte Männer auf den Demos und Spaziergängen , keine Waschlappen ! Raus auf die Straße USER",de
17813,Demotermine1250288610239842021-10-29 22:54:48,23984,2021-10-29 22:55:17,Wochenzeitung Demokratischer Widerstand | Kinospot zur Kampagne » 10.000 Abos in 5 Wochen « — Demokratischer Widerstand URL 1:00 Raus auf die Straßen USER 👉 Übersicht / Overview 👈,de
21085,Demotermine125028861028842020-09-18 10:52:40,2884,2020-09-18 10:21:11,"Auch morgen , Samstag , 19. September , wieder um 15:30 Uhr in Kaufbeuren in der Fußgängerzone am Obstmarkt Ignorance-Meditation für Frieden , Freiheit und Selbstbestimmung ! Ich freue mich auf Euch ! USER Bilder und Videos hochladen USER - USER Fahren oder Mitfahren USER - Übernachten ? USER USER - USER - USER",de
2674,Demotermine1250288610303412021-12-06 10:28:56,30341,2021-12-06 10:26:37,# Mödling # AT # Fr1012 # Fr1712 # Fr2412 # Fr3112 # freitags Raus auf die Straßen USER 👉 Übersicht / Overview 👈,de
311,Demotermine1250288610153902021-08-28 14:17:27,15390,2021-08-28 14:18:06,"🎧 Audiosignal leider etwas verspätet 28.08.2021 um 16 : 15 Uhr Mit kleiner Verspätung ( wir bitten um Verzeihung ) starten wir das Audiosignal für die heutigen Autokorsos , die das HFH-Tonsignal nutzen , hier : URL Augenblicklich läuft noch eine Tonkonserve , in weiterer Folge wird es auch Liveredner geben ( u.a. Eva Rosen ist angekündigt ) . USER Raus auf die Straßen USER",de
19442,Demotermine125028861049542021-01-07 22:36:30,4954,2021-01-07 22:36:11,Ungeschnitten : Die Livestreams aus Stuttgart USER URL Alexander Ehrlich USER URL USER via USER URL URL USER USER,de
9115,Demotermine1250288610162832021-08-29 14:05:10,16283,2021-08-29 14:06:14,"Berlin 29.08.2021 um 16 : 05 Uhr Boris Reitschuster im Stream beim Kessel : "" Ich halte den Herrn Geisel für eine ganz fatale Fehlbesetzung "" USER Raus auf die Straßen USER",de
9928,Demotermine1250288610147822021-08-25 00:32:05,14782,2021-08-25 00:32:04,"Die Geschichte wiederholt sich , wenn alle wegschauen ! * historisches Schild in Berlin-Schöneberg , Bayerisches Viertel . Denkmal zur Erinnerung an die Unterdrückung der Juden 1933 - 1945. Tafel zum Verbot von Kino- und Theaterbesuchen auf Höhe der Barbarossastraße 36a Freie Medien Kanal beitreten 👉 URL Raus auf die Straßen USER",de
8321,Demotermine1250288610174502021-09-08 03:32:56,17450,2021-09-08 03:33:48,"Es reicht ! ! ! Stefan Homburg : Brutal : Studis müssen jetzt # Versuchskaninchen spielen oder ihr Studium aufgeben ! Tägliche Tests wird kaum jemand bezahlen können . Andererseits ist genug Geld da , 100 Mio. Impfdosen ins Ausland zu verschenken oder das Taliban-Regime mit deutschem Steuergeld zu stützen . URL ♟ Abonniere und teile den Kanal ♟ ➡ ️ URL Raus auf die Straßen USER",de
111,Demotermine1250288610310622021-12-09 17:58:56,31062,2021-12-09 17:58:53,Darf man das noch Veröffentlichen ? Ich finde Ja ! Nach dem GrundgeszArtikel 5 der Informationspflicht via MSR Aufklärung URL Raus auf die Straßen USER 👉 Übersicht / Overview 👈,de
22672,Demotermine125028861064342021-02-19 23:35:39,6434,2021-02-17 02:22:42,✅ WEIMAR - KUNDGEBUNG Theaterplatz Achtung : Lokation verschoben URL Montag den 22.02.2021 USER 22022021 Bilder und Videos hochladen USER - Termine in Textform USER Fahren oder Mitfahren USER - Übernachten ? USER USER - USER - USER,de
194,Demotermine1250288610216492021-10-15 13:13:36,21649,2021-10-15 13:13:48,WIESBADEN - Mehrere Hundert Beschäftigte privater und öffentlicher Banken in Hessen haben sich am Freitag an einem Warnstreik beteiligt . 👉 🏻 Neuer Beitrag Raus auf die Straßen USER 👉 Übersicht / Overview 👈,de
6126,Demotermine1250288610207192021-10-08 03:19:53,20719,2021-10-08 03:19:27,"💥 Treffpunkt am 10.10. : Gegenüber vom Kaemmererplatz , an der "" Hermine "" ⚓ ️ ⛵ ️ 💥 Protestmarsch für die # Freiheit und # Selbstbestimmung ! 💥 Jeden Sonntag von 15.00 - 18.00 Uhr Mehr Infos zum regelmäßigen # Freiheitsmarsch in # Cuxhaven auf 👉 🏻 USER oder im Chat 👉 🏻 USER # NI # So1010 # Cuxhaven Raus auf die Straßen USER 👉 Übersicht / Overview 👈",de
15206,Demotermine125028861077062021-03-17 23:34:39,7706,2021-03-17 23:31:25,"🚨 Das Verwaltungsgericht in Kassel hat heute Recht gesprochen 🚨 Wir sehen uns alle am 20.03.2021 in Kassel auf der Karlswiese im Staatspark Karlsaue ❤ ️ Und denkt dran : Sobald die Kundgebung beendet ist , findet der Aufzug statt ! 😉 # wirwerdenALLEdasein 💪 ❗ ️ Streckenverlauf ❗ ️ URL Alle Details URL 20032021 Raus auf die Straße USER",de
4926,Demotermine1250288610273102021-11-20 12:07:05,27310,2021-11-20 12:06:59,🇦 🇹 Demo Wien : Die patriotische Bewegung Die Österreicher hat ein Großbanner mitgebracht . Raus auf die Straßen USER 👉 Übersicht / Overview 👈,de
815,Demotermine125028861049952021-01-08 10:34:26,4995,2021-01-08 10:27:27,"Teilnehmer zur Unterschreitung des Abstands eingekesselt , Hauptdemo aufgelöst , Spontandemo verboten . Spaziergang untersagt . Was in Stuttgart wirklich passiert ist ... URL USER USER USER",de
15763,Demotermine125028861070442021-03-02 22:56:14,7044,2021-03-02 22:54:36,"Hannover Autokorso Start Schützenplatz Einfahrt Gilde Es reicht schließt euch an , wir müssen noch viel mehr werden 🚗 🚙 🚐 🚗 🚙 🚐 USER 06032021 Bilder und Videos hochladen USER - Termine in Textform USER Fahren oder Mitfahren USER - Übernachten ? USER USER - USER - USER",de
15066,Demotermine125028861079882021-03-23 06:09:10,7988,2021-03-22 21:36:42,🇳 🇪 🇺 🇿 🇺 🇬 🇦 🇳 🇬 Reichenbach / Lautertal Marktplatz USER 23032021 🇳 🇪 🇺 🇿 🇺 🇬 🇦 🇳 🇬 Raus auf die Straße USER,de
8568,Demotermine1250288610170492021-09-03 16:09:27,17049,2021-09-03 16:10:10,Bielefeld 03.09.21 Schilderdemo-Hier sprechen die Schilder — MatthiasBL URL 3:30 Raus auf die Straßen USER,de
1640,Demotermine1250288610318032021-12-14 22:20:19,31803,2021-12-14 22:20:16,Wir sind viele und werden immer mehr ! - Rückblick auf die Demo in Freiburg am 11.12.21 — Frei Sein Freiburg URL 13:08 Raus auf die Straßen USER 👉 Übersicht / Overview 👈,de
18610,Demotermine1250288610226922021-10-22 03:41:44,22692,2021-10-22 03:41:55,"Damit erübrigt sich die Frage , wer die Reichsbürger sind 😂 Ihr wollt die Wahrheit 👇 🏻 👇 🏻 URL Chat USER USER",de
14719,Demotermine125028861083752021-03-29 21:01:19,8375,2021-03-29 19:06:09,📆 Kundgebung Nr. 104 👉 🏻 mehr Infos dazu # Termin # QuerDenken ! Lorch Oriaplatz ( Schulplatz Ortsmitte ) USER 31032021 Raus auf die Straße USER,de
763,Demotermine1250288610192942021-09-25 14:14:35,19294,2021-09-25 14:15:00,"Baerbock : "" Enteignung steht klar im Grundgesetz ! "" ✌ ️& ❤ ️ USER ( Quelle : URL ) -- Ja Young Global Leader Baerbock ist natürlich für Enteignung und dann sicher gemäß "" keiner wird es was besitzen ... "" mit Ausnahme der Superreichen wie Schwab & Co natürlich ! USER Raus auf die Straßen USER",de
12386,Demotermine1250288610113762021-06-07 11:05:17,11376,2021-06-07 11:05:17,DW 50 | » Das Material wird knapp - Aufschwung abgesagt « | Hermann Ploppa liest seinen Text — Demokratischer Widerstand URL 13:28 Raus auf die Straße USER,de
21,Demotermine1250288610249102021-11-03 14:16:05,24910,2021-11-03 14:14:49,"💪 💪 💪 💪 💪 💪 💪 💪 💪 💪 💪 💪 💪 Donnerstag , 4.11 11.30 Rathausplatz Erlangen Ab 11.00 Aufbau ( Helfer willkommen ) , ab 12.30 Umzug Offenes Mikro Letztes Mal waren nur 2 Leute dabei - ist es nicht beschämend , dass alle in Angst Leben und sich nicht trauen wenigstens als Zuschauer eine Demo zu besuchen ? 😢 😳 🧐 🙈 # BY # Do0411 # Erlangen Raus auf die Straßen USER 👉 Übersicht / Overview 👈",de
12069,Demotermine1250288610117752021-06-20 10:50:10,11775,2021-06-20 10:50:09,"UlliOma & Friends , Himme Oarsch und Zwirn ! ! ! 19.6.21 Harras München — UlliOma URL 2:30:49 Raus auf die Straße USER",de
7724,Demotermine1250288610183482021-09-18 13:05:48,18348,2021-09-18 13:05:44,"🇭 🇷 Zagreb 18.09.2021 um 15 : 04 Uhr Direkt von einem unserer Aktivisten , der vor Ort dabei ist . USER Raus auf die Straßen USER",de
9326,Demotermine1250288610159322021-08-29 10:47:46,15932,2021-08-29 10:47:48,"🇩 🇪 Demo-Berlin : Die Polizei versucht jetzt , den Weg zu versperren , doch noch kann die Menge sie gut umlaufen . # b2908 Raus auf die Straßen USER",de
9899,Demotermine1250288610148152021-08-25 07:36:15,14815,2021-08-25 07:33:38,🇱 🇦 🇸 🇸 🇹 🇰 🇪 🇮 🇳 🇪 🇳 🇨 - 🇵 🇴 🇱 🇮 🇹 🇮 🇰 🇪 🇷 🇺 🇳 🇧 🇪 🇬 🇱 🇪 🇮 🇹 🇪 🇹 ! ! ️!!️!!️!!️!!️!!️!!️!!️!!️!!️!!️!!️!!️!!️ Raus auf die Straßen USER,de
19816,Demotermine125028861044652020-12-11 03:11:33,4465,2020-12-11 03:07:04,Der Schweigemarsch Hamburg - Eberswalde - Berlin - Cottbus - Zeitz - Gera - Moers - Mönchengladbach - Köln - Frankfurt - Stuttgart - Nürnberg - Weiden - Regensburg - Weilheim - Wien - Linz Der-Schweigemarsch.de USER 19122020 - 20122020 Bilder und Videos hochladen USER - Termine in Textform USER Fahren oder Mitfahren USER - Übernachten ? USER USER - USER - USER,de
10948,Demotermine1250288610133072021-08-01 01:00:55,13307,2021-08-01 01:00:33,"31.07.2021 , Staatsantifa ( Profa ) in Berlin wurde erfolgreich von FREIEN LINKEN vertrieben . 😎 ✊ Hintergrund : URL USER USER Vgl . USER Raus auf die Straße USER",de
667,Demotermine1250288610159702021-08-29 11:09:52,15970,2021-08-29 11:10:45,"+ + + In ganz Berlin demonstrieren die Menschen gegen Masken , Todesimpfung und Corona-Terror . + + + # b2908 Raus auf die Straßen USER",de
11651,Demotermine1250288610122812021-07-09 15:07:07,12281,2021-07-09 15:05:41,"Stuttgart : Zeichen setzen gegen den GEZ-Faschismus , Freiheit für die Gefangenen der Zwangsmedien ! Raus auf die Straße USER",de
1793,Demotermine1250288610316092021-12-13 12:40:22,31609,2021-12-13 12:39:34,AbendSpaziergänge 🌃 Kassel 🌟 Jeden MONTAG SPAZIERGÄNGE um 18.00 Uhr in Kassel 🌟 Sei dabei mit einer KERZE ✨ Treffpunkt : Friedenskirche # HE # Mo1312 # Mo2012 # Mo2712 # Kassel # montags Raus auf die Straßen USER 👉 Übersicht / Overview 👈,de
17249,Demotermine1250288610250722021-11-04 13:48:57,25072,2021-11-04 13:48:28,❗ ️ ❗ ️ ❗ ️DER STARTPLATZ HAT SICH GEÄNDERT ❗ ️ ❗ ️ ❗ ️ # SN # Sa0611 # Leipzig Raus auf die Straßen USER 👉 Übersicht / Overview 👈,de
16876,Demotermine1250288610255872021-11-07 07:11:32,25587,2021-11-07 07:10:39,"🟥 Über die Dummheit Text von Dietrich Bonhoeffer Deutscher Theologe geboren am 4. Februar 1906 in Breslau von den Nazis ermordet am 9. April 1945 im KZ Flossenbürg Quelle : Dietrich Bonhoeffer . Widerstand und Ergebung . Briefe und Aufzeichnungen aus der Haft , hrsg. von E. Bethge . TB Siebenstern . Gütersloh 1985. S. 14 f. 🟥 Gelesen von Beate Bahner URL Raus auf die Straßen USER",de
2814,Demotermine1250288610300902021-12-04 17:55:24,30090,2021-12-04 17:55:17,🇦 🇹 Wien Innenstadt 04.12.2021 um 18 : 48 Uhr Der Umzug geht weiter durch die Innenstadt ! # rausausderblase Redaktionsteam via USER Raus auf die Straßen USER 👉 Übersicht / Overview 👈,de
10364,Demotermine1250288610141052021-08-11 06:28:46,14105,2021-08-11 06:24:28,"BILD Banner komplett in Gelb ! Wir haben es jetzt als 15 sec . Video erstellt . Teilt es in euren WhatsApp Status , Telegram , Soziale Medien . Es muss jeden erreichen . ✅ Hammer , was die BILD jetzt raushaut ! ✅ Ich glaube , der kritische Punkt ist erreicht ! Bildquelle : Bild.de ✅ Informationen aus MV Banner als Einzelbilder URL Raus auf die Straße USER",de
6038,Demotermine1250288610208462021-10-09 10:24:40,20846,2021-10-09 10:25:12,Dresden Demo 09.10.21 Studenten stehen auf . ( Staufi ) — Weichreite TV URL 3:45 Raus auf die Straßen USER 👉 Übersicht / Overview 👈,de
15099,Demotermine125028861079542021-03-22 11:43:23,7954,2021-03-22 10:05:06,Lübeck Autokorso Treffpunkt Hansahalle / Stadionparkplatz USER USER 27032021 Raus auf die Straße USER,de
1512,Demotermine1250288610318442021-12-15 08:59:54,31844,2021-12-15 08:59:28,"⚠ ️ RECHTSTAAT IN G-FAHR ! Freitag , 17. Dezember 2021 , 17.30 Uhr DEMO am STEPHANPLATZ Karlsruhe ( hinter Postgalerie ) 🎤 OFFENES MIKROFON ⛱ LOKALE REDNER 🆓 FREIE MEINUNG 🟠 GRUNDRECHTE Webseite 🟢 GRUNDRECHTE Telegram 🔵 MEDIATHEKE Demokratie # BW # Fr1712 # Karlsruhe Raus auf die Straßen USER 👉 Übersicht / Overview 👈",de
3079,Demotermine1250288610290592021-11-30 14:53:23,29059,2021-11-30 14:52:59,"Angemeldet ✅ Bitte Teilen ✅ die Große Kinder Stehen Auf Demo in München ! 09.01.2022 - München Am Wittelsbacherplatz , München Beginn : 14:00 Uhr bis 16:30 Uhr Wir laden Deutschland ein ! Kommt alle nach München ! Infokanal : URL Kanal - Kinder Stehen Auf - Offiziell URL Chat 💭 URL URL # BY # So0901 # München Raus auf die Straßen USER 👉 Übersicht / Overview 👈",de
12616,Demotermine1250288610111162021-05-27 12:50:48,11116,2021-05-27 11:55:17,"Der erste rollende Familienumzug startet am 12.06.21 um 15:00 Uhr in Echterdingen . Gemeinsam mit unseren Kindern für die Freiheit unserer Kinder . Es reicht einfach ! Egal ob zu Fuß , auf Inlinern , Rollern , Skateboards , Fahrrädern lasst uns gemeinsam Spaß haben und etwas verändern . URL USER 12062021 Raus auf die Straße USER",de
10827,Demotermine1250288610134692021-08-01 14:36:49,13469,2021-08-01 14:36:48,Es ist so unglaublich ..... Drei Züge sind nun zusammen gekommen .... Die Spaltung durch die Bürger in Uniform ist für den A .... 😝 Raus auf die Straße USER,de
8487,Demotermine1250288610171792021-09-05 18:09:27,17179,2021-09-05 18:10:07,War der Schweinegrippen-Journalismus der Vorspann für 2020 ? — Weiterdenken-Marburg WDMR URL 4:35 Raus auf die Straßen USER,de
2894,Demotermine1250288610299672021-12-04 13:45:42,29967,2021-12-04 13:45:39,"🇦 🇹 Österreich - Zusendung von Aktivisten 04.12.2021 um 14 : 35 Uhr Danke an die Polizei , danke an alle Teilnehmer , danke das es so friedlich ist . Wenn Du Bilder oder Videos hast , von Deiner ❌ Streik Aktion ❌ dann teile sie mit uns in der Gruppe 👉 🏻 USER # rausausderblase Redaktionsteam via USER Raus auf die Straßen USER 👉 Übersicht / Overview 👈",de
17838,Demotermine1250288610239282021-10-29 13:01:43,23928,2021-10-29 12:45:18,"Milja und Schäfa — TimeForTruth TV URL 1:38 Milja & Schäfa Sonntagstraße 1 , 10245 Berlin 030 52662094 URL Raus auf die Straßen USER 👉 Übersicht / Overview 👈",de
4865,Demotermine1250288610274102021-11-20 15:39:38,27410,2021-11-20 15:39:35,"Gesamter Aufzug Stuttgart , 20.11.2021 Ein Beitrag von USER Raus auf die Straßen USER 👉 Übersicht / Overview 👈",de
5457,Demotermine1250288610217252021-10-16 10:09:52,21725,2021-10-16 10:10:25,LIVE STREAM 16.10.2021 unterwegs in der Heimat mit der Drohne — SchwarzRotGold TV URL 13:07 Raus auf die Straßen USER 👉 Übersicht / Overview 👈,de
6612,Demotermine1250288610200622021-10-02 07:41:22,20062,2021-10-02 07:39:31,"Restaurant Spisegg St. Gallerstrasse 128 , 9030 Abtwil SG , Schweiz URL Raus auf die Straßen USER 👉 Übersicht / Overview 👈",de
23483,Demotermine125028861016202020-06-22 14:21:33,1620,2020-06-22 14:19:19,Tübingen USER ◇ Demotermine ○ WiderstandAktiv ● Infokanal USER - Bilder und Videos hochladen USER - Diskussion USER Fahren oder Mitfahren USER,de
2800,Demotermine1250288610300982021-12-04 20:40:09,30098,2021-12-04 20:40:06,Komplettaufnahme des Umzugs am 1.12.2021 von München.steht.auf.de . Danke an Uli Oma für den Umzug . — MediaInformationCenter URL 6:29 Raus auf die Straßen USER 👉 Übersicht / Overview 👈,de
6849,Demotermine1250288610197202021-09-28 15:35:59,19720,2021-09-28 15:36:20,Ein altes Video zeigt den Multimilliardär bei einem öffentlichen Auftritt in einem psychischen Ausnahmezustand . Wirr wippt er hin und her - ein Verhalten das man von verschiedenen psychischen Defekten kennt . URL ➡ ️ Immer informiert bleiben ? Abonnieren Sie USER Raus auf die Straßen USER 👉 Übersicht / Overview 👈,de
11399,Demotermine1250288610125972021-07-19 11:04:30,12597,2021-07-19 11:04:30,"BERLIN , 01. August 2020 : "" Damals dachten wir , wir beenden etwas "" "" Dabei haben wir etwas BEGONNEN ! "" TUBE : 🎬 URL 🎬 # BerlinBerlinWirFahrenNachBerlin # be0108 # wirinberlin # undwobistdu # WirSehenUnsAlleInBerlin USER Raus auf die Straße USER",de
23670,Demotermine1250288610199522021-09-30 12:58:18,19952,2021-09-30 12:58:26,"Nach dem gewaltigen Einschlag der Aktion AllesDichtmachen und DankeAllesDichtmachen folgt nun die Aktion ALLESAUFDENTISCH . In diesem Format sprechen sich Natur- , Geisteswissenschaftler und Künstler für eine Aufarbeitung der in unverhältnismäßigen Coronapolitik aus . URL Webseiten : URL YouTube-Kanal : URL Raus auf die Straßen USER 👉 Übersicht / Overview 👈",de
19591,Demotermine125028861047052020-12-25 08:48:22,4705,2020-12-25 08:44:09,"Der Start ins Neue Jahr wird laut Merkt euch den 1.1.2021 Großraum Stuttgart . Wir vom Demotermine-Team wünschen euch ebenfalls Frohe Festtage , die wir Aufgeklärten auch als solche erleben können . USER - Hier werdet ihr informiert ! - WEITERSAGEN Für eure Liebsten , die noch ohne Telegram leben müssen : Google : Demotermine",de
19233,Demotermine125028861052192021-01-16 09:35:36,5219,2021-01-16 09:35:17,16.01.2021 Unsere erste Veranstaltung in Ingolstadt - wir freuen uns auf euch ! 💞 👫 👭 👫 👭 👫 👭 👫 💓 USER 16012021 Bilder und Videos hochladen USER - Termine in Textform USER Fahren oder Mitfahren USER - Übernachten ? USER USER - USER - USER,de
22904,Demotermine125028861041602020-11-25 10:06:44,4160,2020-11-25 10:00:23,Die Aktionen am heutigen Mittwoch Terminkalender URL Berlin URL Pforzheim URL Ravensburg URL Strausberg URL Stuttgart URL Mit der Suche lässt sich in diesem Kanal fast jede Demo ganz einfach finden Vorschausuche : 26112020 Event mitteilen USER Bilder und Videos hochladen USER - Termine in Textform USER Fahren oder Mitfahren USER - Übernachten ? USER USER - USER - USER,de
251,Demotermine125028861079122021-03-20 15:54:49,7912,2021-03-20 15:50:40,🇩 🇪 🇲 🇴 🇻 🇪 🇷 🇵 🇫 🇱 🇪 🇬 🇺 🇳 🇬 Standort Kassel Virus-Krankenwagen mit allen Annehmlichkeiten des Demobedarfs - Getränkemobil & Demoartikel Standort URL Bei Ortswechsel Kontakt USER Raus auf die Straße USER,de
7917,Demotermine1250288610180562021-09-15 23:06:42,18056,2021-09-15 23:05:51,Sa. 25.09.21 | 14 Uhr |Reventlouwiese Kiel |Demonstration ohne Maskenpflicht . Location : URL USER 25092021 Raus auf die Straßen USER,de
8758,Demotermine1250288610167732021-09-01 14:34:53,16773,2021-09-01 14:35:24,Die dunklen Ursprünge des Kommunismus – Episode 1 : Krieg gegen den menschlichen Geist — Epoch Times Nachrichten URL 10:43 Raus auf die Straßen USER,de
10685,Demotermine1250288610136992021-08-03 22:47:07,13699,2021-08-03 22:24:50,"Zur Impfung und der nie dagewesenen Massen-Propaganda Eine unsichtbare Pandemie gepaart mit massivem Fake-Test- und Impfdruck , gefälschten Zahlen , politisch kreierten Inzidenzien , kann nichts Seriöses bewirken . Mehr Bratwurst ? Raus auf die Straße USER",de
10558,Demotermine1250288610133732021-08-01 10:28:10,13373,2021-08-01 10:22:17,"Berlin , 1.8.2021 Mittag An die Constellis-Söldner der Wortmarke Polizei : Jetzt ist es Zeit , dass ihr vom Remonstrationsrecht Gebrauch macht und bei euch zuhause nach dem Virus sucht ! Der Steuerzahler hat die Kohle , eure Namen sind bekannt . Wir werden jeden Gewaltverbrecher von euch für die Nürnberger Prozesse 2.0 vormerken ! URL URL Raus auf die Straße USER",de
1157,Demotermine1250288610323892021-12-18 20:51:06,32389,2021-12-18 20:51:03,Stillstand in Reutlingen 18122021 URL ⬆ ️ ⬆ ️ ⬆ ️ 🔼 🔼 🔼 ⬆ ️ ⬆ ️ ⬆ ️ 👉 Stuttgart Widerstand Grundrechte Freiheit Grundgesetz Demos 👈 Raus auf die Straßen USER 👉 Übersicht / Overview 👈,de
22297,Demotermine125028861011402020-05-27 17:05:34,1140,2020-05-27 17:04:57,Bitte kommt am Donnerstag um 18h wieder zahlreich zum Poinger Marktplatz ! Wir benötigen DRINGEND mehr Demonstranten als letzte Woche ! ! ! Danke ! ! ! USER USER - Bilder und Videos hochladen USER - Diskussion USER Fahren oder Mitfahren USER,de
9966,Demotermine1250288610147352021-08-23 15:45:45,14735,2021-08-23 15:45:44,Auch Bad Kissingen begrüßt die beste Gesundheitsministerin aller Zeiten und jubelt ihm zu ! VERSTEHEN ! 🧠 & HANDELN ! 🤝 TEIL UNSERE BEITRÄGE ! FOLG UNSEREM KANAL URL Raus auf die Straßen USER,de
8067,Demotermine1250288610178272021-09-14 07:49:02,17827,2021-09-13 21:08:32,"FREIHEIT MARSCH ! # DÜSSELDORF Landeshauptstadt # NRW # KeinImpfzwang # KinderSchutz Durch die Innenstadt , zu den MEDIENHÄUSERN 🏢 📷 🏢 18.09.2021 14 Uhr | Landtag Platz des Landtags 1 | 40221 Düsseldorf Wenn die Polizei nach einem Veranstaltungsleiter fragt : Es gibt keinen ! So ist auch niemand haftbar . Ihr wolltet nur spazieren 😉 ‌‌ USER 18092021 , 25092021 Raus auf die Straßen USER",de
5087,Demotermine1250288610223352021-10-20 00:50:29,22335,2021-10-20 00:50:18,🇫 🇷 Sticker Attacke Die Eingangstür des Büros der Abgeordneten Isabelle Florennes wurde reichlich geschmückt ! ! 😅 Sie wird eine Klage einreichen . USER Raus auf die Straßen USER 👉 Übersicht / Overview 👈,de
10934,Demotermine1250288610133242021-08-01 03:05:47,13324,2021-08-01 03:04:09,""" Gen-Spritze , niemals ! "" – Trotz Polizei-Verbot : Querdenken demonstriert in Berlin Zur Demomucke URL Raus auf die Straße USER",de
17696,Demotermine1250288610134072021-08-01 12:28:40,13407,2021-08-01 12:28:40,"Auch in die Hardenbergstrasse , ab Ernst-Reuter-Platz -KEINE - Polizei . Autos und Demonstranten nebeneinander- unfassbar ! # b0108 URL — KenFM.de ( USER Aug 1 , 2021 USER Raus auf die Straße USER",de
5581,Demotermine12502886104785,4785,2020-12-29 17:13:43,Waiblingen schafft als erste Stadt den GG Artikel 8 ab Bitte abonniere meinen Telegram Kanal USER Danke an Rainer Steer für den Zusammenschnitts meines Videomaterials URL,de
9476,Demotermine1250288610154962021-08-28 15:58:30,15496,2021-08-28 15:59:14,"17:53 Polizei eingekesselt am Potsdamer Platz ... Für mehr Infos folgen auf ... USER Wenn du meine Arbeit unterstützen möchtest , schau dich doch mal um bei URL Raus auf die Straßen USER",de
17682,Demotermine1250288610242442021-10-30 23:20:14,24244,2021-10-30 23:20:41,Geschichte wiederholt sich URL Immer Neues USER USER für Checker Raus auf die Straßen USER 👉 Übersicht / Overview 👈,de
7589,Demotermine1250288610186172021-09-27 15:52:17,18617,2021-09-19 23:45:03,Achtung ! Geänderter Treffpunkt ! Folgt uns auf Telegram ⬇ ️ ⬇ ️ ⬇ ️ USER Erfurt USER 20092021 # TH # Mo2709 # Mo0410 # Mo1110 # Mo1810 # Mo2510 Raus auf die Straßen USER,de
9464,Demotermine1250288610155102021-08-28 16:09:00,15510,2021-08-28 16:09:02,"Berlin , 28.08.2021 Potsdamer Platz - Polizei marschiert nach Durchsage auf USER Raus auf die Straßen USER",de
2359,Demotermine1250288610308362021-12-08 11:38:49,30836,2021-12-08 11:38:46,"Also wenn man die Situation jetzt immer noch nicht mit früher vergleichen darf , weiß ich auch nicht mehr weiter 🤔 Vor allem frag ich mich , wann es bei solchen Tätern mal klick macht 🤔 🤦 ‍ ♂ ️ URL Gerne folgen auf ... USER Mahafaly / Cancars Klenzestraße 1 , 17424 Heringsdorf URL Die umfassendsten Infos USER Werde USER jetzt !",de
21302,Demotermine125028861025862020-08-29 11:17:50,2586,2020-08-29 11:17:50,Berliner Polizei löst Demo gegen Corona-Maßnahmen auf URL Bilder und Videos hochladen USER - Termine in Textform 👉 USER mitteilen Fahren oder Mitfahren USER - Übernachten ? USER USER,de
7132,Demotermine1250288610192782021-09-25 12:59:53,19278,2021-09-25 13:00:15,"Live : "" Wahlkampagne "" auf der Elbe 25.09.2021 Dresden — QUERDENKEN 351 - Dresden URL 19:40 Raus auf die Straßen USER",de
16287,Demotermine1250288610267352021-11-15 03:40:39,26735,2021-11-15 03:05:54,"Henderson , Nevada on Saturday , November 20th at 12 p.m . # nevada # nv # healthfreedom # USA # Sat2011 # Henderson Raus auf die Straßen USER 👉 Übersicht / Overview 👈",de
11497,Demotermine1250288610124752021-07-15 20:05:28,12475,2021-07-15 20:05:28,RE-UPLOAD : Montagsdemo Dresden 13.07.2021 — QUERDENKEN 351 - Dresden URL 2:08:32 Raus auf die Straße USER,de
6295,Demotermine1250288610205012021-10-06 00:14:23,20501,2021-10-06 00:15:21,👉 Link zur Gruppe Ich bremse fürs Klima 👉 Paolo Simone Chat-Kanal 👉 Paolo Simone Chat-Gruppe 👉 Endlichfrei Kanal- Power mit Kommerzrechtwissen Für Gratis-Schulungsportal hier anfordern . endlichfrei.problemUSER Raus auf die Straßen USER 👉 Übersicht / Overview 👈,de
896,Demotermine12502886108042020-05-03 01:06:46,804,2020-05-03 01:06:46,"FREIE REDE GIBT ES NOCH ! Unzensiert und in eigener Verantwortung Das offene Mikrofon der Hamburger Mahnwache . Wieder am Montag 4. Mai 2020 18.30 Uhr am Jungfernstieg , Flaggenplatz . URL USER - Bilder und Videos hochladen USER - Diskussion USER",de
12326,Demotermine1250288610114612021-06-09 02:49:33,11461,2021-06-09 02:48:53,Aachen # Aachen1206 # NRWstehtZUSAMMEN # GEMEINSAMinAACHEN USER 11062021 - 12062021 Raus auf die Straße USER,de
13843,Demotermine125028861094082021-04-24 00:49:34,9408,2021-04-24 00:48:49,"Demo / Kundgebung Ort : Bad Segeberg , Marktplatz Termin : 28.04.2021 um 17 h Thema : Die unverhältnismäßigen Anti-Corona-Maßnahmen USER 28042021 Raus auf die Straße USER",de
23499,Demotermine1250288610290622021-11-30 14:59:07,29062,2021-11-30 14:58:17,🔴 Montagsspaziergang in Magdeburg 🔴 Ein Zusammenschnitt ......... 🎥 🎥 🎥 🎥 Ca 200 Leute waren da Raus auf die Straßen USER 👉 Übersicht / Overview 👈,de
2091,Demotermine1250288610312232021-12-12 12:55:15,31223,2021-12-11 15:07:34,"Ca . 500 Menschen waren heute friedlich in Brandenburg / Havel auf der Straße . 🙏 💫 Die Polizei war entspannt , hat die Strecke gesperrt und hat den Zug begleitet . Raus auf die Straßen USER 👉 Übersicht / Overview 👈",de
17159,Demotermine1250288610251962021-11-06 04:57:36,25196,2021-11-06 04:49:55,Terminliste des Demokratischen Widerstands URL Termin mitteilen veranstaltungUSER URL Raus auf die Straßen USER 👉 Übersicht / Overview 👈,de
10976,Demotermine1250288610132872021-07-31 19:13:11,13287,2021-07-31 19:13:10,Wie war der heutige 🇩 🇪 🇲 🇴 🇹 🇦 🇬 ? Was muss morgen anders oder besser werden ? Einfach kommentieren . Danke . Raus auf die Straße USER,de
13092,Demotermine1250288610104902021-05-13 18:35:15,10490,2021-05-13 18:35:14,08.05.21 Die Suche - Ludwigshafen steht auf ! ( LU-Friesenheim ) — Querdenken 621 Mannheim URL 3:53 Raus auf die Straße USER,de
3068,Demotermine1250288610297122021-12-03 14:44:52,29712,2021-12-03 14:44:15,🔥 👺 🔥 👺 🔥 👺 🔥 DAS VOLK ZEIGT WIDERSTAND ❤ ️‍ 🔥 ❤ ️‍ 🔥 ❤ ️‍ 🔥 ❤ ️‍ 🔥 ❤ ️‍ 🔥 ❤ ️‍ 🔥 ❤ ️‍ 🔥 Kanal 👈 🏻 Chat 👈 🏻 🇦 🇹 TEILEN 🇦 🇹 # AT # So0512 # Mi0812 # Wien Raus auf die Straßen USER 👉 Übersicht / Overview 👈,de
11874,Demotermine1250288610120302021-06-30 17:28:03,12030,2021-06-30 17:27:45,Info zu Bus und S-Bahn ( Strassenbahn ) um Stutgart am 1.7.2021 Es wird gestreikt - Zahlreiche Ausfälle möglich Raus auf die Straße USER,de
18707,Demotermine1250288610225202021-10-21 01:54:25,22520,2021-10-21 01:54:02,Auch die Freiheitstrychler rufen auf zur Kundgebung in Bern ! # CH # Sa2310 # Bern Raus auf die Straßen USER 👉 Übersicht / Overview 👈,de
18342,Demotermine1250288610230672021-10-24 20:15:57,23067,2021-10-24 20:16:17,Fachmann über das heutige Stromnetz ! Gegen die Wand mit Ansage ! ➡ ️ kulturstudio.tv Raus auf die Straßen USER 👉 Übersicht / Overview 👈,de
6155,Demotermine1250288610206672021-10-07 20:34:47,20667,2021-10-07 20:34:20,"Einladung für Sonnabend , dem 9.10. nach Halle . Wir machen Doppeldemo . Die erste ist 15 Uhr auf dem Markt gegen die Corona-Diktatur . Die 2te ist mit Marsch durch die Stadt , die Wiederholungsparade der Merkeljugend "" Gegen Diktatur und Faschismus "" . Seid dabei ! # ST # Sa0910 # Halle Raus auf die Straßen USER 👉 Übersicht / Overview 👈",de
13351,Demotermine1250288610100502021-05-06 00:25:05,10050,2021-05-06 00:24:46,"Als Bürger die Deutsche Nationalhymne singen , stürmen Polizisten in den Kessel von Weimar und greifen friedliche Menschen an ! 01.05.2021 Quelle YT : Anni und Martin USER USER Raus auf die Straße USER",de
2329,Demotermine1250288610308892021-12-08 15:01:28,30889,2021-12-08 15:01:25,"Die Hausaufgaben für Kinder aus der Grundschule bei mir hier im Kreis . Suche Wörter mit T oder I. So funktioniert Indoktrination 😬 Und eines Tages kommen die Kinder geimpft nach Hause 😬 Eine der Verschwörungstheorien , die noch offen ist 😬 Für mehr Berichte folgen auf ... USER Raus auf die Straßen USER 👉 Übersicht / Overview 👈",de
16336,Demotermine1250288610266202021-11-14 07:17:48,26620,2021-11-14 07:17:45,🎵 🎵 🎵 ❤ ️ 🎵 🎵 🎵 🎵 ❤ ️ 🎵 🎵 🎵 # KeineSpaltung # WirHaltenZusammen # GemeinsamStark Aller ❤ ️liebste Grüße sendet euch eure Dolli USER Raus auf die Straßen USER 👉 Übersicht / Overview 👈,de
10133,Demotermine1250288610144892021-08-18 17:17:26,14489,2021-08-18 17:17:25,Montagsdemo am 16.08.2021 bei Sturm und Regen . Hier spricht Volker Beiser von der Bürgerbewegung . Die Bürgerbewegung Leipzig 2021 veranstaltet jede Woche in Leipzig die Montagsdemonstrationen . 19 Uhr Richard-Wagner-Platz ✖ ️ ✖ ️ ✖ ️ ✖ ️ ✖ ️ ✖ ️ ✖ ️ ✖ ️ ✖ ️ ✖ ️ ✖ ️ ✖ ️ ✖ ️ Raus auf die Straße USER,de
21825,Demotermine125028861018432020-07-03 09:23:05,1843,2020-07-03 09:21:42,Heilbronn Samstag ; 04.07.2020 16:00 bis 19:00 Uhr Kiliansplatz am Komödiantenbrunnen 74072 Heilbronn URL USER Weitere Infos URL USER - Bilder und Videos hochladen USER - Diskussion USER Fahren oder Mitfahren USER - Übernachten ? USER,de
3674,Demotermine1250288610287022021-11-28 09:09:52,28702,2021-11-28 09:09:13,"Heute , Salzburg Mozartplatz um 14 Uhr , alternativ schon um 13 Uhr . Lasst uns unsere Schwestern & Brüder aus Österreich unterstützen . 💪 # AT # So2711 # Salzburg Raus auf die Straßen USER 👉 Übersicht / Overview 👈",de
10919,Demotermine1250288610133422021-08-01 08:28:24,13342,2021-08-01 08:28:23,"Thomas Bauer Berlin , Olympiapark , 01.08.2021 Eine Eigenproduktion von USER Raus auf die Straße USER",de
10371,Demotermine1250288610141192021-08-11 16:05:42,14119,2021-08-11 16:05:42,"Hannes Henkelmann Fotograf "" # Demokratischer Widerstand "" über Anti-Lockdown-Demo 1.8.2021 in # Berlin — Osnabrücker Sommer der Aufklärung URL 10:09 Raus auf die Straße USER",de
17633,Demotermine1250288610243592021-10-31 05:51:53,24359,2021-10-31 05:52:53,"! ! ️Wenn Du heute in Harburg unterwegs bist , dann pass auf , dass Du Dich nicht infizierst . Scheint ne neue Mutante zu sein ... !!️ USER Quelle Bild : USER Raus auf die Straßen USER 👉 Übersicht / Overview 👈",de
5225,Demotermine1250288610220962021-10-18 14:05:23,22096,2021-10-18 14:05:36,Auf welchen Krieg bereitet sich Peking vor ? — Epoch Times Nachrichten URL 8:56 Raus auf die Straßen USER 👉 Übersicht / Overview 👈,de
2147,Demotermine1250288610311592021-12-10 23:47:42,31159,2021-12-10 23:43:27,Hamburg Kunsthalle / Ernst-Merck-Straße Samstag den 11.12.2021 16.00 Uhr Angemeldeter Aufzug # Hamburg # HH # Sa1112 Raus auf die Straßen USER 👉 Übersicht / Overview 👈,de
2398,Demotermine1250288610308022021-12-08 09:17:27,30802,2021-12-08 09:17:24,"💯 💯 💯 Fast 4.000 Pflegekräfte und Feuerwehrleute demonstrierten in Brüssel gegen die Impfpflicht bei Androhung einer Suspendierung , die den Personalmangel in der Branche verschärfen und mehr Personal und Ressourcen für das Krankenhaus fordern könnte . Ihr 🔻 wollt mehr 🔻 erfahren ❓ LK News 🔻 🔻 🔻 🇩 🇪 URL 🇩 🇪 LK News 🔺 🔺 🔺 Raus auf die Straßen USER 👉 Übersicht / Overview 👈",de
233,Demotermine1250288610123082021-07-11 09:36:01,12308,2021-07-11 09:35:28,❗ ️ ❗ ️ ❗ ️ Demo in Rothenburg fällt heute aus ❗ ️ ❗ ️ ❗ ️ Aufgrund einer Erkrankung des Demo Leiters fällt die Demo heute leider aus 😕 Bitte weitersagen ❗ ️ ❗ ️ ❗ ️Demo in Rothenburg fällt heute aus ❗ ️ ❗ ️ ❗ ️ USER 11072021 Raus auf die Straße USER,de
22950,Demotermine125028861063112021-02-14 07:25:25,6311,2021-02-14 07:19:59,München Autokorsos Starts : Theresienwiese Kurzübersicht URL USER Event201.info USER 14022021 - 15022021 - 16022021 Bilder und Videos hochladen USER - Termine in Textform USER Fahren oder Mitfahren USER - Übernachten ? USER USER - USER - USER,de
3043,Demotermine1250288610297482021-12-03 19:15:19,29748,2021-12-03 19:13:39,Wirtschaftskriese war gestern . Die neue Währung ist da . Hier im Depot : 1000 Scheine 600 * 20.000.000 + 400 * 50.000.000 Coronen = 32 Milliarden Coronen Die Air-Drops über Greifswald und Umgebung erfolgt in den nächsten Tagen URL Raus auf die Straßen USER 👉 Übersicht / Overview 👈,de
10003,Demotermine1250288610146612021-08-22 17:39:30,14661,2021-08-22 17:39:29,"FÜR ALLE DIE GLAUBEN DAS DIE FDP FÜR DEUTSCHLAND STEHT ❗ ️ Sie wollen genauso wie die Grünen und die SPD die "" Föderalen Staaten von Europa "" . Steht auch in ihrem Parteiprogramm der Bundestagswahl . 🦅 # TEAMHEIMAT 🇩 🇪 Quelle : URL Raus auf die Straßen USER",de
9791,Demotermine1250288610150182021-08-27 11:24:57,15018,2021-08-27 11:24:57,"URL Einfach mal übersich ergehen lassen . 27.08.2021 - 29.08.2021 Berlin , wir werden da sein ! Folgt uns auf Telegram ! URL Raus auf die Straßen USER",de
921,Demotermine1250288610226222021-10-21 22:18:20,22622,2021-10-21 22:19:35,Kann jeder verwenden ❤ ️ # freedomday # diskriminierungsfreiegesellschaft Web : URL | Telegram : USER | Peertube : URL Raus auf die Straßen USER 👉 Übersicht / Overview 👈,de
1279,Demotermine1250288610322252021-12-18 13:10:22,32225,2021-12-18 13:09:58,"Spaziergang ist so gut für die Gesundheit ! Montag , 18:30Uhr in Heidelberg ! So schön mit Frischluft , gell . Kann ich nur empfehlen ! # BW # Mo2012 # Heidelberg Raus auf die Straßen USER 👉 Übersicht / Overview 👈",de
13966,Demotermine125028861092552021-04-19 05:00:01,9255,2021-04-19 03:59:11,"! ! ️!!️Aktualisiert ! ! ️!!️ 🕊 💚 🕊 Da noch keine Vorbesprechung stattgefunden hat gehen wir von den normalem Vorgaben aus , also Maske und Abstand . Weitere Infos folgen ! 🕊 💚 🕊 Kommt zahlreich für unsere Kinder 🕊 💚 🕊 USER 24042021 Raus auf die Straße USER",de
7175,Demotermine1250288610192272021-09-24 21:49:48,19227,2021-09-24 21:50:12,"Roald Hitzer Direktkandidat über Soziale Gerechtigkeit , ALG II und Haftung von Behörden und Politik — Hürdenflug URL 18:22 Raus auf die Straßen USER",de
23324,Demotermine125028861058632021-02-03 00:48:53,5863,2021-02-03 00:48:26,"! ! ️Samstag 06.02.21 um 16:30 Uhr in Bamberg Maxplatz!!️Während ein Teil von uns nach Salzburg zur Großdemo fährt 💪 💪 💪 , machen wir für die daheim Gebliebenen die Versammlung am Maxplatz!!️ 🍀 🥰 USER USER 06022021 Bilder und Videos hochladen USER - Termine in Textform USER Fahren oder Mitfahren USER - Übernachten ? USER USER - USER - USER",de
16115,Demotermine1250288610270822021-11-18 19:20:40,27082,2021-11-18 18:45:11,"Sucharit Bhakdi kommt nach WIEN am Samstag , den 20. November — honkforhope URL 0:46 USER # AT # Sa2011 # Wien Raus auf die Straßen USER 👉 Übersicht / Overview 👈",de
4151,Demotermine1250288610109752021-05-23 12:50:45,10975,2021-05-23 12:50:44,Neuer Link zur Live-Übertragung vom Pfingstwochenende in Berlin USER USER URL Raus auf die Straße USER,de
18397,Demotermine1250288610229852021-10-24 10:08:48,22985,2021-10-24 10:09:03,"23.10.2021 München , Wittelsbacherplatz Impfaufklärer und Arzt Rolf Kron ! Raus auf die Straßen USER 👉 Übersicht / Overview 👈",de
234,Demotermine1250288610118952021-06-25 02:03:47,11895,2021-06-25 02:03:13,_ _ _ _ _ _ _ _ _ _ _ _ _ _ _ _ _ _ _ _ _ _ _ _ _ _ _ _ _ _ URL _ _ _ _ _ _ _ _ _ _ _ _ _ _ _ _ _ _ _ _ _ _ _ _ _ _ _ _ _ _ Abonniere unseren Infokanal für internationale Friedensaktionen im Sommer 2021 : Spread Love ! 😊 😊 😊 😊 💛 🧡 ❤ ️ 💗 💚 USER 26062021 Raus auf die Straße USER,de
8237,Demotermine1250288610175622021-09-09 18:36:57,17562,2021-09-09 18:37:51,Verdacht auf Störaktion : Klimaaktivisten und Polizei geraten vor IAA aneinander — RT DE URL 0:39 USER,de
19407,Demotermine125028861049932021-01-08 02:18:58,4993,2021-01-08 02:10:48,"Übersicht Freitag , 8.1.2021 Terminkalender URL Unsere Infos Arnsberg URL Darmstadt URL Hamm URL Kassel URL Lauf a. d. Pegnitz URL Roding URL Schwäbisch Gmünd URL Villingen URL Termin mitteilen USER USER",de
7660,Demotermine1250288610163872021-08-29 15:17:40,16387,2021-08-29 15:18:04,"Es wurde in der Nähe des Kollwitzplatzes noch ein Blumentopf auf Reitschuster geworfen , mit Schwung , vom Balkon . Die Polizei wollte die Anzeige erst nicht aufnehmen . Dienstnummern wurden eingeholt und es wird sich dank Zeugen jedenfalls ermitteln lassen , wer der mutmaßliche Täter war Raus auf die Straßen USER",de
11349,Demotermine1250288610126542021-07-20 10:57:48,12654,2021-07-20 10:56:39,Nürnberg Achtung Dienstag schon um 15:30 Uhr und Freitag am Hallplatz . Ich hoffe doch das Morgen jemand kommt um diese frühe Zeit ! USER 20072021 - 21072021 - 22072021 - 23072021 - 24072021 Raus auf die Straße USER,de
15481,Demotermine125028861073752021-03-09 23:02:45,7375,2021-03-09 23:00:07,Landkreis Cham Autokorsos Abfahrten Bad Kötzting Jahnplatz Cham Festplatz Roding Am Esper USER 13032021 Raus auf die Straße USER,de
8980,Demotermine1250288610164772021-08-29 16:55:06,16477,2021-08-29 16:55:29,"Die Polizei Berlin bestätigte heute Nachmittag auf Twitter , dass es sich bei den Aufzügen in Berlin um Spontanversammlungen , nämlich nicht geplante Demos handelte . Zu dieser Bewertung setzte sie sich später in Widerspruch durch Bildung von rechtswidrigen Kesseln . Kessel haben bei von Art 8 GG , Art . 26 VvB geschützten Versammlungen nichts zu suchen . USER Raus auf die Straßen USER",de
6302,Demotermine1250288610204852021-10-05 21:35:12,20485,2021-10-05 21:35:15,Verräterischer Nebensatz auf BPK Falsche Zahlen zur Impf Effektivität hatten Methode — Querdenken 775 - Wir für das Grundgesetz URL 27:33 Raus auf die Straßen USER 👉 Übersicht / Overview 👈,de
8396,Demotermine1250288610173312021-09-06 15:43:08,17331,2021-09-06 15:43:01,"Wird es den Deutschen gelingen , sich an der Seite der Franzosen und der Niederländer nachhaltig von der Corona-Nato zu befreien ? Der Weg ist klar , rational , nachvollziehbar und durchführbar – und seit 28. März 2020 bekannt ( nichtohneuns.de ) . Raus auf die Straßen USER",de
15571,Demotermine125028861072672021-03-29 11:14:49,7267,2021-03-07 21:32:42,Oranienburg Schloßplatz USER USER 08032021 - 15032021 - 22032021 - 29032021 - 05042021 Raus auf die Straße USER,de
21921,Demotermine125028861017012020-06-26 11:03:24,1701,2020-06-26 11:02:54,58511 Lüdenscheid Am Rosengarten Meditation für das Grundgesetz 27.06.2020 Samstag ab 15:30 Uhr USER USER - Bilder und Videos hochladen USER - Diskussion USER Fahren oder Mitfahren USER - Übernachten ? USER,de
15531,Demotermine125028861073142021-03-29 11:17:12,7314,2021-03-08 10:46:45,"Dessau-Roßlau Friedensglocke , Ratsgasse 1A USER 08032021 - 15032021 - 22032021 - 29032021 - 05042021 Raus auf die Straße USER",de
66,Demotermine1250288610166822021-09-01 05:19:08,16682,2021-08-31 11:54:21,Sag Nein zu Politischen Parteien ! Folgt uns auf Telegram ! USER Zur Umfrage URL Mehr USER Raus auf die Straßen USER,de
15400,Demotermine125028861074772021-03-12 04:49:07,7477,2021-03-11 16:46:06,"📆 TÄGLICHE MAHNWACHE - für die Änderung der Besuchsregeln in Kliniken 👉 🏻 mehr Infos dazu # Termin # QuerDenken ! Gerlingen Klink Schillerhöhe , Solitudestraße 20 , Bushaltestelle USER USER täglich Raus auf die Straße USER",de
19355,Demotermine125028861050652021-01-11 11:15:47,5065,2021-01-11 11:14:26,Nürnberg Hauptmarkt USER 11012021 - 18012021 - 25012021 - 13012021 - 20012021 - 27012021 Bilder und Videos hochladen USER - Termine in Textform USER Fahren oder Mitfahren USER - Übernachten ? USER USER - USER - USER,de
5746,Demotermine1250288610212312021-10-13 17:04:51,21231,2021-10-13 17:05:41,⚠ ️COVID-Herbstwelle ⚠ ️ - Ruhe vor dem Sturm nutzen ! — SchwarzRotGold TV URL 28:12 Raus auf die Straßen USER 👉 Übersicht / Overview 👈,de
14998,Demotermine125028861080682021-03-24 01:52:36,8068,2021-03-24 01:52:10,Tolle Aktion aus Sachsen Zum teilen und nachmachen geeignet . Vielen Dank an die Gewerbetreibenden 💙 🧡 💜 # stehtendlichauf 🌺 ➿ Euer Team von ➿ 🌺 🌎 elternstehenauf.de 🌺 ➿ ElternStehenAuf e. V ➿ 🌺 USER Raus auf die Straße USER,de
17017,Demotermine1250288610253702021-11-06 16:13:46,25370,2021-11-06 16:12:30,"Leipzig - laufen , damit die CoviZEI weniger Zeit hat URL Raus auf die Straßen USER 👉 Übersicht / Overview 👈",de
8591,Demotermine1250288610170132021-09-03 00:12:17,17013,2021-09-03 00:13:30,WIE SCHAUT ‘ S BEI MILLIONEN MENSCHEN ERST AUS!!️ SEHT IHR WIE MARIO DRAGHI ANGST HAT!!️ USER Raus auf die Straßen USER,de
4544,Demotermine1250288610279092021-11-23 02:59:11,27909,2021-11-23 02:59:08,THIS IS WHAT MSM WON'T SHOW YOU ! This is what Sydney looked like ! # UnitedWeStand Raus auf die Straßen USER 👉 Übersicht / Overview 👈,de
23823,Demotermine1250288610111152021-05-27 15:15:38,11115,2021-05-27 11:55:16,"Freitag , 28.5.2021 um 18 Uhr , Martin-Luther-platz 91126 Schwabach Diesmal mit der genaueren Analyse unserer Staatsstruktur und was der mRNA-Impfstoff anrichten kann . Bringt Lautstärke und eure Liebsten mit - wir freuen uns auf Euch ❤ ! ! ️ USER 28052021 Raus auf die Straße USER",de
9198,Demotermine1250288610161342021-08-29 12:33:30,16134,2021-08-29 12:34:23,"# KilezMore in # Berlin am 29.08.21 , Leipziger Platz | # dieBasis Wahlveranstaltung # BasisWählen21 ✅ Bitte abonniert auch sehr gerne meinen Kanal . David Claudio Siber 👈 👈 Raus auf die Straßen USER",de
4986,Demotermine1250288610272092021-11-20 06:36:37,27209,2021-11-20 06:36:13,"Melbourne 🇦 🇺 Anti WAX BS , Anti Everything 🔥 👊 Enough is Enough 👊 7:35 h MEZ Raus auf die Straßen USER 👉 Übersicht / Overview 👈",de
2429,Demotermine1250288610307472021-12-08 04:19:02,30747,2021-12-08 04:18:52,"Freie Impfentscheidung ! 🎈 Hannover , 04.12.2021 Ein Einblick in die Demo Organisation und Unterstützung der AfD Niedersachsen 👍 🏼 USER Raus auf die Straßen USER 👉 Übersicht / Overview 👈",de
11113,Demotermine1250288610130832021-07-28 03:36:45,13083,2021-07-28 03:35:59,A STAND AT YOUR LOCAL MP Finchley & Golders Green en MP Mike Freer 212 Ballards Lane N3 2LX Friday 30th July 10am USER Find more at USER 30072021 Raus auf die Straße USER,de
5829,Demotermine1250288610210982021-10-13 00:32:24,21098,2021-10-13 00:32:47,Telegram kann auch mal eine kurze Störung haben URL Druckt euch eure Kontakte auf Papier aus USER,de
11283,Demotermine1250288610128342021-07-22 17:50:09,12834,2021-07-22 17:50:09,"📹 WA41 - für Freunde , Verwandte , Bekannte : Deutschland in Not ! - Christoph Hörstel 2021 - 7 - 18 👉 🏻 Hier anschauen ! USER unzensiert Raus auf die Straße USER",de
6232,Demotermine1250288610205762021-10-06 05:11:06,20576,2021-10-06 05:11:55,Görlitz rockt 👏 💪 😁 Infokanal der FREIEN SACHSEN für die Landkreise Bautzen und Görlitz ! URL URL Raus auf die Straßen USER 👉 Übersicht / Overview 👈,de
20717,Demotermine125028861031112020-10-09 14:25:52,3111,2020-10-09 13:37:39,Weitere Infos zu den heutigen Freitagsdemos Berlin URL Bergisch Gladbach URL Hersbruck URL Nürnberg URL Schorndorf URL Mobivideo URL Sinsheim URL Wien URL Übersicht der heutigen Demos URL Demos mit Bild mitteilen USER Bilder und Videos hochladen USER - USER Fahren oder Mitfahren USER - Übernachten ? USER USER - USER - USER,de
9441,Demotermine1250288610157362021-08-28 21:20:58,15736,2021-08-28 21:21:21,🇩 🇪 Demo-Berlin : Mittlerweile ziehen Polizisten ohne erkennbaren Grund wieder Demonstranten heraus . # b2808 Raus auf die Straßen USER,de
13042,Demotermine1250288610106122021-05-16 07:13:08,10612,2021-05-16 07:12:06,"🎤 🎤 10 Mahnwache Mittenwald 18.05. 🍋 🍋 Hallo liebe Menschen , Einladung zur nächsten Mahnwache : Dienstag 18.05. in Mittenwald , Martina-Glagow-Park von 18:00 -19:30. Es kommt auf Jeden an ! ! Auf dem Sofa zu sitzen und Artikel / Links zu teilen wird nichts verändern . Also jeder kann und sollte sich einbringen . Schöne Grüße Michi URL URL USER 18052021 Raus auf die Straße USER",de
11805,Demotermine1250288610121192021-07-03 18:05:23,12119,2021-07-03 18:05:18,01.08.2021 in Berlin : Was hat Firat Fitpol am 01.08.2020 erlebt ? — QUERDENKEN 794 - Wir für das Grundgesetz URL 0:54 Raus auf die Straße USER,de
8061,Demotermine1250288610173172021-09-07 08:07:34,17317,2021-09-06 09:50:53,WARUM WIR AM 11.09 AUF DER STRAßE SIND!?️ WEIL ES UNS REICHT - WIR GENUG WISSEN - UND NICHT MEHR SCHWEIGEN WERDEN!!️!!️ 💥 ⚠ ️ SO EINFACH IST DAS!!️!!️ 💪 💪 Ab 13 Uhr vor dem Bundeskanzleramt ..... Wien Ursula Puffing und Katja Reithofer / DFÖ - Team via USER Davor URL USER 11092021 Raus auf die Straßen USER,de
15420,Demotermine125028861074522021-03-10 23:03:20,7452,2021-03-10 22:57:43,Björn 🍌 mit einer Botschaft an EUCH ! USER Auf nach München URL Ganzes Musikvideo URL USER 13032021 Raus auf die Straße USER,de
15193,Demotermine125028861077312021-03-18 02:26:14,7731,2021-03-18 02:21:14,"💥 Ruf der Trommeln 💥 # wirwerdenALLEdasein KASSEL , 20.03.2021 Auf nach Kassel URL USER 20032021 Raus auf die Straße USER",de
6035,Demotermine1250288610208592021-10-09 11:33:09,20859,2021-10-09 11:32:54,Am Endpunkt der Griechischen Parade Kopenhagener Straße Info URL Raus auf die Straßen USER 👉 Übersicht / Overview 👈,de
7933,Demotermine1250288610180282021-09-15 21:32:50,18028,2021-09-15 21:31:54,"Die Menschen brauchen die harte Tour bis sie entscheiden , wann sie genug davon haben URL Die umfassendsten Infos USER Werde USER jetzt ! Raus auf die Straßen USER",de
13264,Demotermine1250288610101782021-05-07 15:41:23,10178,2021-05-07 14:55:50,📆 Pfingsten in Berlin - 4 Umzüge zum Grossen Stern 👉 🏻 mehr Infos dazu # Termin # QuerDenken ! USER 22052021 Raus auf die Straße USER,de
2936,Demotermine1250288610299092021-12-04 07:45:37,29909,2021-12-04 07:44:22,Hunderte Bürger sind dem Aufruf der Freien Linken Aachen gefolgt und sind gegen die drohende Zwangsimpfung auf die Straße gegangen ! Raus auf die Straßen USER 👉 Übersicht / Overview 👈,de
17134,Demotermine1250288610252302021-11-06 11:07:02,25230,2021-11-06 11:07:45,"Helmut Schmidt sprach es damals schon offen aus . Heute vertrauen Milliarden Menschen der Impfung derjenigen , die sie reduzieren wollen ... USER USER",de
5207,Demotermine1250288610221212021-10-18 19:49:13,22121,2021-10-18 19:50:00,Staatliche Massnahmen gegen die Ausbreitung von Viren ........ 🤣 🤣 🤣 🤣 Raus auf die Straßen USER 👉 Übersicht / Overview 👈,de
2268,Demotermine1250288610307712021-12-08 04:52:07,30771,2021-12-08 04:51:22,"Demo gegen die Corona-Zwangsmaßnahmen und gegen Impfpflicht am Samstag , 11. Dezember- 15 Uhr in Stuttgart , Schillerplatz . Raus auf die Straße ! Für Freiheit und Selbstbestimmung ! # BW # Sa1112 # Stuttgart Raus auf die Straßen USER 👉 Übersicht / Overview 👈",de
6965,Demotermine1250288610195402021-09-27 11:41:12,19540,2021-09-27 11:41:29,"Australien - Die Schreckenherrschaft des Corona-Faschismus . Mehr Informationen : Kanal : URL HINTER CORONA STEHEN SATANISTEN , FREIMAURER , ROTARIER , LIONS CLUBS Raus auf die Straßen USER",de
10115,Demotermine1250288610145112021-08-19 15:50:47,14511,2021-08-19 15:50:03,🟩🟩🟩 ⬜ ️ ⬜ ️ Demo für Frieden und Freiheit Fulda 21.08.21 / 14:00 Uni-Platz Hände weg von unseren Kinder ! ! ! Kommt ! Wir lassen nicht locker ! Auf jeden kommt es an ! ! ! URL URL URL USER 21082021 Raus auf die Straße USER,de
12097,Demotermine1250288610117282021-06-18 09:15:11,11728,2021-06-18 09:15:11,Gunnar Kaiser im Gespräch bei Weiterdenken-Marburg — Weiterdenken-Marburg WDMR URL 42:49 Raus auf die Straße USER,de
23554,Demotermine12502886107512020-04-18 13:34:18,751,2020-04-18 13:34:18,Endlich wieder Montagsdemonstration in Halle am 20.04 2020 ab 18 Uhr am Riebeckplatz — Halle Leaks URL 1:33 USER USER,de
22388,Demotermine12502886108962020-05-08 22:33:07,896,2020-05-08 22:33:06,Zusammenhalten . Mitfahrgelegenheiten nutzen . URL USER - Bilder und Videos hochladen USER - Diskussion USER,de
13320,Demotermine1250288610101002021-05-06 15:00:37,10100,2021-05-06 10:01:12,🇩 🇪 💡 WERDEN SIE ZU DEN HINTERBLIEBENEN 28 MIO MENSCHEN GEHÖREN!?️ Vielen Dank für Deine Unterstützung 🧡 URL URL Liste & Diskussion USER Raus auf die Straße USER,de
10108,Demotermine1250288610145192021-08-19 16:25:23,14519,2021-08-19 16:25:22,Man muss einen Plan B haben | Markus Haintz Interview mit Trish — GD-TV URL 9:57 Raus auf die Straße USER,de
3123,Demotermine1250288610296282021-12-03 06:54:48,29628,2021-12-03 06:51:53,Es tut sich gerade sehr sehr viel 🥳 ROSENHEIM GIBT AUCH WIEDER GAS mit ihrer wöchentlichen Mahnwache um 19:15 ! Unterstützt das Pflegepersonal und die tollen Menschen auch gerne in Rosenheim ! # BY # Mi0812 # Mi1512 # Mi2212 # Mi2912 # Rosenheim Raus auf die Straßen USER 👉 Übersicht / Overview 👈,de
2349,Demotermine1250288610308642021-12-08 13:10:14,30864,2021-12-08 13:10:11,Was die Politik über den faulen Lobbyisten Klabauterbach dachte — Videocesar URL 1:49 Raus auf die Straßen USER 👉 Übersicht / Overview 👈,de
10745,Demotermine1250288610136142021-08-02 13:12:26,13614,2021-08-02 13:12:25,"Dr. Michael Brunner : "" Es handelt sich um keine Impfung , daher brauchen wir gar nicht weiter diskutieren . "" USER Raus auf die Straße USER",de
7911,Demotermine1250288610180612021-09-15 23:21:37,18061,2021-09-15 23:22:15,! ! ️Hexenverbrennung 2021!!️ 👇 Mehr Infos bekommt ihr hier 👇 Kanal : USER Chat : USER Partnerkanal : USER Raus auf die Straßen USER,de
20911,Demotermine125028861031122020-10-09 21:23:09,3112,2020-10-09 19:02:16,"FALLS JEMAND VON EUCH VON DER VERSAMMLUNG AM 10.10.2020 AUF DER THERESIENWIESE GEHÖRT HAT , MUSS ICH EUCH HIERMIT DARAUF HINWEISEN DASS DIESE ABGESAGT WURDE , DA DAS KVR NUR 1.000 TEILNEHMER GENEHMIGT HAT . NÄHERES UNTER URL Bilder und Videos hochladen USER - USER Fahren oder Mitfahren USER - Übernachten ? USER USER - USER - USER",de
2609,Demotermine1250288610304132021-12-06 20:25:35,30413,2021-12-06 20:25:32,💯 💯 💯 In ganz Deutschland gehen Menschen auf die Straße . Hier in Finsterwalde Brandenburg 🥰 Auch nächsten Montag den 13.11.2021 um 18 Uhr findet ein Spaziergang statt ! Wir sind viele 🥰 Ihr 🔻 wollt mehr 🔻 erfahren ❓ LK News 🔻 🔻 🔻 🇩 🇪 URL 🇩 🇪 LK News 🔺 🔺 🔺 Raus auf die Straßen USER 👉 Übersicht / Overview 👈,de
474,Demotermine1250288610545,545,2019-09-05 09:01:54,"Ab sofort gilt die volle Kraft und Konzentration nur noch der Demo am Sonntag , den 08.09. in Mönchengladbach . 👍 💪 🇩 🇪 WIR WERDEN EIN STARKES , LAUTES UND FRIEDLICHES ZEICHEN GEGEN DIE GEWALTSPIRALE IN UNSEREM LAND SETZEN . URL",de
13292,Demotermine1250288610101462021-05-07 02:31:20,10146,2021-05-07 02:30:20,Dresden Jeden Freitag 18 Uhr im Großen Garten USER 07052021 - 14052021 - 21052021 - 28052021 Raus auf die Straße USER,de
10726,Demotermine1250288610136502021-08-02 17:44:45,13650,2021-08-02 17:44:44,""" Sommer der Freiheit "" Berlin 01.08.2021 14:28 Uhr an der Siegessäule ( Quelle : edy.syknet ) Raus auf die Straße USER",de
9583,Demotermine1250288610153072021-08-28 13:21:21,15307,2021-08-28 13:21:52,"Berlin , 28.08.2021 Polizei setzte soeben auf der Brücke im Hansaviertel Tränengas gegen Demonstranten ein USER Raus auf die Straßen USER",de
18235,Demotermine1250288610232352021-10-25 20:59:47,23235,2021-10-25 21:00:18,Autokorso am Sonntag durch die Stuttgarter Innenstadt — Markus Huck B.P. in spe URL 3:39 Raus auf die Straßen USER 👉 Übersicht / Overview 👈,de
11879,Demotermine1250288610120262021-06-30 11:09:25,12026,2021-06-30 11:08:11,"Terminübersicht Mittwoch , 30.6.2021 Terminkalender 📆 URL Termine suchen 🔍 Einfach Stadt / Ort , Bundesland- Chatgruppe oder Datum heute 30062021 in das Suchfeld eingeben . Termin mitteilen 📧 USER Demotermine - Die große Plattform , welche die meisten 🦠 Termine kennt . Mit einzigartiger Suchfunktion 🔎 und Detailsuche 🔬 Raus auf die Straße USER",de
1017,Demotermine1250288610103542021-05-11 03:04:43,10354,2021-05-11 02:40:11,🗓 Spaziergang – Rohrbach demo-info.at/demonstrationen/spaziergang-rohrbach / # Termin USER 17052021 - 24052021 - 31052021 Raus auf die Straße USER,de
7622,Demotermine1250288610185762021-09-19 07:39:59,18576,2021-09-19 07:40:07,"Im Zweifel entscheiden Menschen sich für die Freiheit , Michael Ballweg , Murrhardt , 16.09.2021 — QUERDENKEN-7192 Murrhardt URL 16:45 Raus auf die Straßen USER",de
712,Demotermine125028861098722021-05-04 01:27:36,9872,2021-05-04 01:26:52,"🎤 🎤 Danz di frei in Mittenwald 13.05.2021 🎤 🎤 Was : Danz di frei , Gesundheit für Körper , Geist und Seele Wann : 13.05. in Mittenwald , Festplatz von 13:00 -15:30 URL URL Kommt zahlreich , wir freuen uns auf Euch . USER 13052021 Raus auf die Straße USER",de
7439,Demotermine1250288610187612021-09-21 09:29:59,18761,2021-09-21 09:26:36,🎶 🕺 🏼 🚶 🏼‍ ♀ ️ 🚚 💃 🏼 🎶 🚌 🚶 🏼‍ ♀ ️ 🚶 🏼‍ ♀ ️ 🎶 🚗 🚶 🏼‍ ♀ ️ 🚶 🏼‍ ♀ ️ 🎶 💚 Motiviere mit deinem Profilbild ! 💚 Wir sind Viele in Berlin am 25.09.2021 neuer Treffpunkt : Bahnhof Zoologischer Garten 🎶 🕺 🏼 🚶 🏼‍ ♀ ️ 🚚 💃 🏼 🎶 🚌 🚶 🏼‍ ♀ ️ 🚶 🏼‍ ♀ ️ 🎶 🚗 🚶 🏼‍ ♀ ️ 🚶 🏼‍ ♀ ️ 🎶 _ _ _ _ _ _ _ _ _ _ _ _ _ _ _ _ _ _ _ _ _ _ _ _ _ _ _ _ _ _ _ _ _ _ more info : USER USER 25092021 # BE # S259 Raus auf die Straßen USER,de
19466,Demotermine125028861049142021-01-05 09:09:35,4914,2021-01-05 09:05:51,"Übersicht Dienstag , 5.1.2020 Terminkalender URL Unsere Infos Günzburg URL Nürnberg URL Schwäbisch Gmünd URL Termin mitteilen USER USER",de
6099,Demotermine1250288610207652021-10-08 16:30:18,20765,2021-10-08 16:30:32,08.10 2021 - Live - Autokorso in Dortmund — Kevin Gabbe Live URL 4:50 Raus auf die Straßen USER 👉 Übersicht / Overview 👈,de
2563,Demotermine1250288610304722021-12-06 23:50:16,30472,2021-12-06 23:50:12,RENNSTEIGLIED AUF DEM ERFURTER STADTRING - 06.12.2021 WÄHREND DES MONTAGSSPAZIERGANG — DER THÜRINGER 2.0 URL 1:06 Raus auf die Straßen USER 👉 Übersicht / Overview 👈,de
12321,Demotermine1250288610114712021-06-09 16:44:22,11471,2021-06-09 16:25:19,📆 MIT-MACH-MAHNWACHE ¡ WIR erinnern uns an BERLIN ! 👉 🏻 mehr Infos dazu # Termin Darmstadt USER 10062021 Raus auf die Straße USER,de
7100,Demotermine1250288610193202021-09-25 15:20:13,19320,2021-09-25 15:20:15,KRiStA-Mitglied über fortdauernde Verletzung rechtsstaatlicher Normen . — Antihygienista - Offene Gesellschaft Kurpfalz URL 16:01 Raus auf die Straßen USER,de
4483,Demotermine1250288610280122021-11-23 21:46:31,28012,2021-11-23 21:46:24,THIS IS OUR LONG WALK TO FREEDOM 🗽 Tricia Lindsay 👑 Raus auf die Straßen USER 👉 Übersicht / Overview 👈,de
7523,Demotermine1250288610186962021-09-20 22:36:17,18696,2021-09-20 22:35:44,"Sag mir , wo die Toten sind ... So jetzt alle nochmal laut und zusammen 📣 📣 URL Raus auf die Straßen USER",de
3476,Demotermine1250288610290052021-11-30 05:28:55,29005,2021-11-30 05:26:17,Bruck – Gemeinsam für Frieden & Freiheit # AT # Di3011 # Bruck Raus auf die Straßen USER 👉 Übersicht / Overview 👈,de
6079,Demotermine1250288610207862021-10-09 03:42:47,20786,2021-10-09 03:43:24,💥 💥 💥 Bild entlarvt Wieler als rechtsextremen Querdenker 💥 💥 💥 Bitte abonniert und teilt Erfurt zeigt Gesicht sowie unseren YouTube-Kanal : URL Raus auf die Straßen USER 👉 Übersicht / Overview 👈,de
6981,Demotermine1250288610195182021-09-27 07:05:45,19518,2021-09-27 07:05:38,Basta Berlin gratuliert Dr. Karl Lauterbach zu diesem Erdrutschsieg . Möge er sich in seiner Arbeit bestätigt fühlen und uns noch lange als MdB erhalten bleiben . URL Raus auf die Straßen USER,de
8094,Demotermine1250288610175572021-09-09 18:26:46,17557,2021-09-09 18:27:29,📹 WA53 9 / 11 : 20 Jahre Regierungslügen – Christoph Hörstel 2021 - 9 - 9 👉 🏻 Hier anschauen ! USER unzensiert,de
3739,Demotermine1250288610286102021-11-27 20:02:51,28610,2021-11-27 20:02:48,"Demo nähe Theater Niehburg , Oberhausen heute . Etwa 70 Teilnehmer . Sehr positive , sehr schöne Resonanzen . Vielen Dank nochmal an alle Teilnehmer . URL_de Raus auf die Straßen USER 👉 Übersicht / Overview 👈",de
5983,Demotermine1250288610209082021-10-09 18:20:48,20908,2021-10-09 18:20:52,"Wer glaubt , dass die neuen Politiker-Marionetten eine Verbesserung der Situation der Lage bringen werden , schaue jetzt mal nach Österreich 😏 🥳 ⛓ 😈 💉 ☠ ️ URL ⬆ ️ ⬆ ️ ⬆ ️ 🔼 🔼 🔼 ⬆ ️ ⬆ ️ ⬆ ️ 👉 Stuttgart Widerstand Grundrechte Freiheit Grundgesetz Demos 👈 Raus auf die Straßen USER 👉 Übersicht / Overview 👈",de
11083,Demotermine1250288610131382021-07-29 13:43:00,13138,2021-07-29 13:42:32,"Freitags-Spaziergang in Donauwörth 31.07.2021 , 18.00 Uhr Am Fischerbrunnen ( Fischerplatz , bei der Raiffeisenbank ) Bitte denkt an Mund-Nasen-Bedeckung , Plakate , Lichter und gute Laune ! Telegram : USER URL USER 30072021 Raus auf die Straße USER",de
10451,Demotermine1250288610139912021-08-10 00:13:47,13991,2021-08-10 00:13:46,"Demo-Termine von URL Demo hier eintragen : URL Spendenseite : URL Telegram : URL oder USER Discord : URL Zum Redaktionsschluss um 00:16 Uhr , wurden für den heutigen Tag folgende Demotermine gemeldet : 🔴 Dienstag , 10. August 2021 Demofrei . Für den heutigen Tag , wurden bis zum Redaktionsschluss , keine Demotermine gemeldet . Raus auf die Straße USER",de
5009,Demotermine1250288610190262021-09-24 01:16:53,19026,2021-09-24 01:15:46,"Demo-Termine von URL Demo hier eintragen : URL Spendenseite : URL Telegram : URL oder USER Discord : URL Zum Redaktionsschluss um 03:14 Uhr , wurden für den heutigen Tag folgende Demotermine gemeldet : 🔴 Freitag , 24. September 2021 Wir haben jede Menge Termine für heute . Bitte nutzt die Suchfunktion oder die # Tagesübersicht ( Neu ) Raus auf die Straßen USER",de
162,Demotermine1250288610100042021-05-05 07:48:33,10004,2021-05-05 07:48:32,Wir brauchen Euch alle auf der Straße nicht im Livestream ! URL Raus auf die Straße USER,de
10076,Demotermine1250288610145532021-08-20 13:28:58,14553,2021-08-20 12:58:37,📆 Wahrheit Frieden Freiheit und Selbstbestimmung 👉 🏻 mehr Infos dazu # Termin Düsseldorf USER 21082021 Raus auf die Straßen USER,de
1012,Demotermine1250288610159442021-08-29 10:56:22,15944,2021-08-29 10:56:18,"Berlin 29.08.2021 um 12 : 55 Uhr Tiergarten ist mit vielen Polizeiwagen , alle 150 Meter versehen , grauer , transp . ZD 304 koordiniert Zug läuft stadtauswärts auf der Prenzlauer Allee . 1Tausend oder mehr Menschen . USER Raus auf die Straßen USER",de
9599,Demotermine1250288610147262021-08-23 14:18:59,14726,2021-08-23 14:17:34,"🇩 🇪 Berlin 21.08.2021 Innensenator Geisel flüchtet Der Herr der Sturmtruppen flüchtet 👉 Friedliche Aktivisten bieten Innensenator Geisel ein Gespräch an . 👉 Er flüchtet lieber , statt sich zu unterhalten . Schade Herr Geisel . Durchs Reden kommen d'Leut z'samm . Alexander Ehrlich Zur Geiselhaft URL Raus auf die Straßen USER",de
18297,Demotermine12502886105490,5490,2021-01-25 22:08:05,Schlussworte + Rodelsequenzen 2. Rodeldemo in Braunlage Hexenritt vom 23.1.21 + + + Ganzer Stream mit Livekommentaren hier : URL Die dritte Rodeldemo wird am 30.1.21 in Oberwiesenthal ( Sachsen ) stattfinden . Achtet auf die Ansagen im Telegram-Kanal URL Unterstützt durch URL URL URL,de
5030,Demotermine1250288610174782021-09-08 13:34:56,17478,2021-09-08 13:35:19,"Solo Trainingsfahrt mit einem MercedesCitaro C2 und meiner alten Dienstbekleidung ! Dabei schweifen mir immer Gedanken durch den Kopf , die ich immer wieder los werden muss ! Kanäle folgen : URL URL URL URL URL URL URL URL URL Raus auf die Straßen USER",de
17001,Demotermine1250288610253892021-11-06 16:26:04,25389,2021-11-06 16:24:27,"Leipzig heute - kein Vergleich zu ' 89 , wo sogar Honeckers Schergen sich nicht so verhalten haben wie die schändliche CoviZEI jetzt URL Raus auf die Straßen USER 👉 Übersicht / Overview 👈",de
16945,Demotermine1250288610254882021-11-06 20:26:23,25488,2021-11-06 20:27:23,🇫 🇷 🚨 FRANCE RISING UP AGAINST VACCINE PASSPORTS TODAY ⚡ 💥 Raus auf die Straßen USER 👉 Übersicht / Overview 👈,de
11394,Demotermine1250288610126022021-07-19 11:34:03,12602,2021-07-19 11:33:42,"Mit Captain Future "" Berlin impft kreativ "" – Drive-in-Impfung ohne Voranmeldung bei IKEA — RT DE URL 1:47 USER Raus auf die Straße USER",de
19350,Demotermine125028861050332021-01-09 10:15:41,5033,2021-01-09 10:15:16,"❗ ️Bitte teilen ❗ ️Kommt alle nach Halle ❗ ️ Umzug / Spaziergang gegen die „ Corona-Leine ! “ Gegen Vereinsamung ! Am Sonnabend , den 09.01.2021 , 16:00 Uhr in Halle ( Saale ) Treffpunkt Marktplatz Hausmannstürme . Auf die Freiheit ! USER USER 09012021 Bilder und Videos hochladen USER - Termine in Textform USER Fahren oder Mitfahren USER - Übernachten ? USER USER - USER - USER",de
10085,Demotermine1250288610145462021-08-20 09:05:22,14546,2021-08-20 09:05:22,Gunter Frank : Regierungskritiker dürfen selbst nicht dem Gruppenmoralismus verfallen — Offene Gesellschaft Kurpfalz URL 19:36 Raus auf die Straße USER,de
3021,Demotermine1250288610297672021-12-03 22:18:01,29767,2021-12-03 22:14:20,Sonntag 17 Uhr in Höchstadt /Aisch # BY # So0512 # Höchstadt Raus auf die Straßen USER 👉 Übersicht / Overview 👈,de
23231,Demotermine125028861059782021-02-11 13:43:30,5978,2021-02-05 10:31:38,"Mannheim , Spaziergang für Grundrechte & Freiheit , 13.02.21 , 15 Uhr , Treffpunkt am Mannheim Hbf auf der Seite beim Wochenmarkt Achtung : Versammlungsort geändert URL USER 13022021 Bilder und Videos hochladen USER - Termine in Textform USER Fahren oder Mitfahren USER - Übernachten ? USER USER - USER - USER",de
21328,Demotermine125028861025462020-08-26 07:53:52,2546,2020-08-26 07:46:50,Besuchen wir das Spahnferkel für einen warmen Empfang mit Trommeln ! Hövelhof Bürger- und Schützenhaus Steinheim Annenhofklinik Emmerich am Rhein St.-Willibrord-Spital USER USER Bilder und Videos hochladen USER - Termine in Textform 👉 USER mitteilen Fahren oder Mitfahren USER - Übernachten ? USER USER,de
7186,Demotermine1250288610191972021-09-24 16:53:04,19197,2021-09-24 16:53:22,Huge turnout in Melbourne despite “ police ” attempts to intimidate protesters . ✊ ❤ ️ 🇦 🇺 Updates : URL Open1 Chat : URL Website : Open1.uk Raus auf die Straßen USER,de
2109,Demotermine1250288610311992021-12-11 12:49:58,31199,2021-12-11 12:49:35,Stuttgart-Marstall-Ecke-Königstrasse Ab 14.00 Uhr Heute11.12.2021 URL # BW # 1112 # Stuttgart Raus auf die Straßen USER 👉 Übersicht / Overview 👈,de
4317,Demotermine1250288610155602021-08-28 16:44:06,15560,2021-08-28 16:44:58,🧸 🍬 Berlin 28.08.2021 um 18 : 42 Uhr Falls euch jemand was von Steinwürfen erzählen will ... Hier die Wurfgeschosse der Friedensbewegung 2021 : Bonbons ! ! ❤ ️ 🕊 🍭 USER Raus auf die Straßen USER,de
8071,Demotermine1250288610178182021-09-13 19:03:18,17818,2021-09-13 18:58:50,"Hamburg Platz der Deutschen Einheit vor der Elphi Samstag den 18.9.2021 16:00 bis 18:00 Uhr ElternStehenAuf e.V. Podiumsdiskussion mit Ärzten , Pädagogen und Eltern USER 18092021 Raus auf die Straßen USER",de
3967,Demotermine1250288610282932021-11-26 08:57:23,28293,2021-11-26 08:55:33,"🇭 🇪 🇺 🇹 🇪 🇳 🇪 🇺 Frisch für euch aufbereitet URL ( Drauftippen - "" Nachricht anzeigen "" und runterscrollen ) Raus auf die Straßen USER 👉 Übersicht / Overview 👈",de
13125,Demotermine1250288610104332021-05-12 22:39:32,10433,2021-05-12 22:39:32,Maßnahmen-Druck auf Kinder Intelligente Mutter spricht aus wie es hunderttausenden Eltern ergeht 🍀 ✍ 🏻 🎈 🧒 🏻 💫 🙏 🏻 Mahnwache Minden USER URL Raus auf die Straße USER,de
6866,Demotermine1250288610196912021-09-30 12:42:49,19691,2021-09-28 11:54:02,"Demo & Aufzug - Heilbronn Sonntag , 03.10.2021 Beginn 15:00 Uhr Theresienwiese URL Mehr URL # Heilbronn # So0310 # BW Raus auf die Straßen USER 👉 Übersicht / Overview 👈",de
11158,Demotermine1250288610130212021-07-26 14:18:15,13021,2021-07-26 14:11:29,"Heute findet in Annaberg wieder die Montagsdemo statt . Gerade angesichts der neuerlichen Überlegungen , wie unsere Rechte weiter eingeschränkt werden sollen , ist Protest wichtig ! FREIE SACHSEN im Erzgebirgskreis : USER USER 26072021 Raus auf die Straße USER",de
8774,Demotermine1250288610167532021-09-01 08:49:42,16753,2021-09-01 08:47:50,"Andreas Popp ist sich sicher : „ Wir können einer guten Zukunft entgegen sehen ! Wir müssen nur durchhalten und uns nicht eindampfen lassen ... Die bis zum Schluss durchgehalten haben , das werden die Gewinner in diesem Spiel sein ! “ Das ganze Interview sehen Sie hier : URL USER USER Raus auf die Straßen USER",de
4154,Demotermine125028861094622021-04-25 04:59:52,9462,2021-04-25 04:57:57,"Montag 26.4. um 18:30 gilt es : ❌ NEIN zum IfSG , ❌ NEIN zu politisch motivierten , unverhältnismäßigen Grundrechtsbeschneidungen . ✅ JA zum friedlichen und gewaltfreien Protest für unsere Grundrechte und ✅ JA zum selbstbestimmten Leben in Freiheit ❤ ️liche Einladung zum Bürgerdialog in 74336 Brackenheim an alle friedvollen Demokratinnen und Demokraten USER 26042021 Raus auf die Straße USER",de
21729,Demotermine125028861020002020-07-14 23:12:06,2000,2020-07-14 18:56:54,"Liebe Leute , schön dass wir in den letzten Wochen so viele neue Teilnehmer hatten . Morgen fahren wir wieder mit der großen Anlage quer durch Stuttgart . Das Wetter scheint auch gegen Abend wieder schön zu werden . Bitte teilt auch die Facebookveranstaltung ! ! URL USER - Bilder und Videos hochladen USER - Diskussion USER Fahren oder Mitfahren USER - Übernachten ? USER",de
7637,Demotermine1250288610185512021-09-18 23:38:31,18551,2021-09-18 23:38:32,Eine Pädophile romantische Liebe vor dem Wasserwerfer . Eine Wunderschöne Scene der Antifa 🤮 😂 Raus auf die Straßen USER,de
231,Demotermine1250288610125802021-07-19 01:25:51,12580,2021-07-19 01:25:19,Achtung Ortswechsel ! Die nächste Biberacher Demo findet im Wielandpark statt . Wegen des Schützenbiergartens auf dem Gigelberg mussten wir dieses Mal ausweichen . Parkplätze gibt es vor dem Landratsamt . Datum : 25.07.2021 | Beginn : 14:30 Die letzte Kundgebung vor der Sommerpause ! USER 25072021 Raus auf die Straße USER,de
17383,Demotermine1250288610247562021-11-03 04:41:44,24756,2021-11-03 04:41:43,Immer diese gewalttätigen Schweizer ! Der Dialekt hat sich auch nicht geändert ... USER Quelle : TrueLive USER,de
4031,Demotermine1250288610281872021-11-25 18:15:24,28187,2021-11-25 18:15:21,20.11.21 : Rede Marion am Welt Kindertag in Wolfratshausen — Freiheitsversammlung Muenchen URL 17:56 Raus auf die Straßen USER 👉 Übersicht / Overview 👈,de
4074,Demotermine1250288610287602021-11-28 22:30:58,28760,2021-11-28 16:40:14,Trailer - Freiberg 29.11.021 — Herr aber URL 2:43 # SN # Mo2911 # Freiberg Raus auf die Straßen USER 👉 Übersicht / Overview 👈,de
18266,Demotermine1250288610231942021-10-25 08:14:12,23194,2021-10-25 07:48:31,25.10.2021 Barricate al porto di Genova contro l'obbligo del passaporto sanitario per lavorare . Diversi varchi bloccati . Barrikaden im Hafen von Genua gegen das Erfordernis eines Gesundheitspasses zum Arbeiten . Mehrere Tore sind blockiert . Raus auf die Straßen USER 👉 Übersicht / Overview 👈,de
13066,Demotermine1250288610105802021-05-15 05:15:17,10580,2021-05-15 05:14:45,🟩🟩🟩 ⬜ ️ ⬜ ️ Demo für Frieden und Freiheit Fulda 15.05.21 / 14:00 Highlights : -Gastredner : Ihr kennt Ihn alle ! Ein Held des Widerstandes ! -Top Live-Musik mit nationalen Spezialgast -Presseschau -Spielspaß für kleine und große Kinder Uni-Platz Fulda URL URL URL USER 15052021 Raus auf die Straße USER,de
3076,Demotermine1250288610297032021-12-03 14:03:59,29703,2021-12-03 14:03:16,05.12.21 gare du nord Brüssel # BEL # So0512 # Brüssel Raus auf die Straßen USER 👉 Übersicht / Overview 👈,de
5023,Demotermine1250288610171732021-09-05 14:45:53,17173,2021-09-05 14:44:18,🇭 🇪 🇺 🇹 🇪 🇦 🇲 🇸 🇹 🇦 🇷 🇹 URL Heute 33 Termin-Einträge mit der Datumssuche mit zugehörigen Flyern und Videos Mehr Termine ? USER und USER Raus auf die Straßen USER,de
17700,Demotermine1250288610242022021-10-30 16:58:32,24202,2021-10-30 16:58:19,"Prof. Stefan Homburg schlägt Interview-Wunsch aus 😳 💃 Hannover für freie Impfentscheidung , 30.10.21 USER Raus auf die Straßen USER 👉 Übersicht / Overview 👈",de
15434,Demotermine125028861073922021-03-10 01:58:15,7392,2021-03-10 01:58:15,Bald ist Berlin hoffentlich wieder voller Bauern ! Wir werden Euch wieder verpflegen und werden an Eurer Seite stehen . Euer Anliegen ist unser aller Anliegen . Wir freuen uns auf Euch ! 👩 🏼‍ 🌾 💚 👨 🏻‍ 🌾 USER Raus auf die Straße USER,de
18067,Demotermine1250288610235402021-10-27 07:05:21,23540,2021-10-27 07:05:19,Rechtsanwalt Ralf über Unterdrückung politischer Gegner und fehlende Grundlage für Maßnahmen — Antihygienista - Offene Gesellschaft Kurpfalz URL 25:45 Raus auf die Straßen USER 👉 Übersicht / Overview 👈,de
11797,Demotermine125028861012126,12126,2021-07-04 11:30:14,"Mahnwache zu Assanges Geburtstag : "" Anklage der USA fällt wie ein Kartenhaus zusammen "" — RT DE URL 1:31 USER USER",de
3276,Demotermine1250288610293032021-12-01 22:40:14,29303,2021-12-01 22:40:11,Demo Spaziergang Würzburg - 1.12.2021 — ESA WUE URL 4:58 Raus auf die Straßen USER 👉 Übersicht / Overview 👈,de
14635,Demotermine125028861084852021-03-31 06:21:13,8485,2021-03-31 06:18:30,Meißen Elbwiesen zwischen Eisenbahnbrücke und neuer Brücke USER 04042021 Raus auf die Straße USER,de
13153,Demotermine1250288610103872021-05-11 06:40:54,10387,2021-05-11 06:39:25,"+ + + Autocorso Wittenberg + + + 🚗 Samstag , den 15.05.2021 🚗 16:30 Uhr Hauptbahnhof Ost Parkplatz 🚗 Start um 17:30 Uhr 🚗 120min 🚗 Flyer folgt 🚗 USER ☂ ️USER USER 15052021 Raus auf die Straße USER",de
18316,Demotermine1250288610230962021-10-25 01:54:57,23096,2021-10-25 01:54:36,"🇦 🇹 Wohin am 26.10.2021 ? Monika Donner hat einen klaren Wunsch Lassen wir uns nicht von Hetzern spalten . Stehen wir zusammen . Am 26.10.2021 auf der Kaiserwiese , danach 10 Kilometer zu Fuß durch Wien . Gemeinsam . 👁 In besserer Videoqualität : URL USER # AT # Di2610 # Wien Raus auf die Straßen USER 👉 Übersicht / Overview 👈",de
22535,Demotermine1250288610699,699,2020-01-29 21:39:46,! ! ️Aufruf für den 30.01.20 in Erfurt!!️ Bitte teilt das Video auf Euren Profilen und in allen Gruppen!!️ Schluss mit Rot-Rot-Grün!!️,de
16826,Demotermine1250288610257172021-11-08 09:14:34,25717,2021-11-08 09:15:20,"Kriminalpolizei berichtet über Demogeschehen in Leipzig , 6.November 2021 — Sonne lacht - Blende acht ! URL 2:33 Raus auf die Straßen USER 👉 Übersicht / Overview 👈",de
18874,Demotermine12502886105660,5660,2021-01-29 19:26:43,"Alle Demos in Wien untersagt ? 30.01. und 31.01. ? Das ist eine Falschmeldung . Wie immer , dieselbe Taktik wie vor jeder Großkundgebung . Es gibt mehrere nicht untersagte Demos , nach wie vor . Glaubt nur offiziellen Quellen . In diesem Fall den Kanälen USER und USER Danke ! Alexander Ehrlich Busverband # honkforhope _ _ _ _ _",de
20558,Demotermine125028861030582020-10-06 07:20:22,3058,2020-10-06 07:20:22,"Demo-Termine von URL Zum Redaktionsschluss um 00:00 Uhr , wurden für den heutigen Tag folgende Demotermine gemeldet : 🔴 Dienstag , 06. Oktober 2020 Demo-Pause . Für den heutigen Tag wurden keine Demo-Termine gemeldet ! Bilder und Videos hochladen USER - USER Fahren oder Mitfahren USER - Übernachten ? USER USER - USER - USER",de
13694,Demotermine125028861095802021-04-27 07:35:13,9580,2021-04-27 06:16:02,📆 MIT-MACH-MAHNWACHE : ¡ Für unsere 53 Schauspieler ! 👉 🏻 mehr Infos dazu # Termin # QuerDenken ! Darmstadt USER 29042021 Raus auf die Straße USER,de
16511,Demotermine1250288610263072021-11-12 16:46:55,26307,2021-11-12 16:46:32,Klar sind wir am Sonntag wieder da - alle gemeinsam ! Stärken wir weiter unser Hertznetzwerk mit allen Menschen weltweit ! # NW # So1411 # Köln Raus auf die Straßen USER 👉 Übersicht / Overview 👈,de
13686,Demotermine125028861095912021-04-27 10:21:49,9591,2021-04-27 10:21:23,+ + + Diesen Samstag in Rothenburg + + + Am 1. Mai 2020 haben wir in Rothenburg mit den Demos begonnen . Ein Jahr später ... Diesmal mit : 🎤 mehreren Rednern 🎸 Live Musik 🎼 Wir sehen uns auf der Straße USER 01052021 Raus auf die Straße USER,de
41,Demotermine1250288610281472021-11-24 18:31:34,28147,2021-11-24 18:30:46,+ + + Diesen Sonntag in Rothenburg + + + ❗ ️ ❗ ️ ❗ ️ Beginn 15 Uhr ❗ ️ ❗ ️ ❗ ️ 🎤 Es wird eine Rede geben und musikalische Untermalung 🎼 🥁 🪘 🎷 Bringt Sachen mit um Lärm machen zu können 🥁 🪘 🎷 🪧Und auch aussagekräftige Plakate Die Marktplatz Besucher wollen schließlich auch auf die Demo aufmerksam gemacht werden . # BY # So2811 # Rothenburg Raus auf die Straßen USER 👉 Übersicht / Overview 👈,de
5915,Demotermine1250288610209982021-10-11 15:52:49,20998,2021-10-11 12:47:44,📆 HALLO AUFWACHEN ! - Schilderaktion in Ludwigsburg ! 👉 🏻 mehr Infos dazu # Termin # BW # Do1410 # Ludwigsburg Raus auf die Straßen USER 👉 Übersicht / Overview 👈,de
3302,Demotermine1250288610292722021-12-01 18:51:45,29272,2021-12-01 18:51:42,Heute in Jena. 💪 🏻 Schätzungsweise 250 - 300 Menschen auf dem Holzmarkt . Viele Pflegekräfte ... Freie Jugend : Folgt uns auf Telegram ! URL Raus auf die Straßen USER 👉 Übersicht / Overview 👈,de
2757,Demotermine1250288610302242021-12-05 06:06:32,30224,2021-12-05 06:06:29,MARKmobil Aktuell - Planspiele der Globalisten ( US-General MICHAEL FLYNN in einem neuen Interview über die perversen Virenspiele der Globalistenmafia ) USER USER,de
12167,Demotermine1250288610116412021-06-15 14:56:34,11641,2021-06-15 11:46:21,"📆 MIT-MACH-MAHNWACHE für die LIEBE - egal ob getestet , geimpft , genesen oder ! einfach nur G-E-S-U-N-D ! 👉 🏻 mehr Infos dazu # Termin Darmstadt USER 17062021 Raus auf die Straße USER",de
8740,Demotermine1250288610167922021-09-01 21:48:53,16792,2021-09-01 20:30:19,"📆 Augenzeugenberichte von # b0108 , # b2808 und # b2908 👉 🏻 mehr Infos dazu # Termin Darmstadt USER 02092021 Raus auf die Straßen USER",de
20110,Demotermine125028861041172020-11-24 11:26:52,4117,2020-11-24 11:25:13,Düsseldorf USER USER - Diskussion & Austausch USER - Bilder und Videos von Demos aus 711 / STUTTGART hochladen USER USER 06122020 Bilder und Videos hochladen USER - Termine in Textform USER Fahren oder Mitfahren USER - Übernachten ? USER USER - USER - USER,de
687,Demotermine1250288610211172021-10-13 02:32:09,21117,2021-10-13 02:31:31,"🇭 🇦 🇲 🇧 🇺 🇷 🇬 # HH # GER # BRD In folgenden Städten wird protestiert / There are protests in the following cities Städte , Gemeinden , Regionen / Cities , municipalities , regions Hansestadt Hamburg USER 👉 # Hamburg - Stadtteile Raus auf die Straßen USER 👉 Übersicht / Overview 👈",de
5569,Demotermine1250288610215732021-10-15 08:59:35,21573,2021-10-15 08:59:23,🔥 Räumung des Köpi : Die Polizei hat sich jetzt den Weg frei gekämpft und befindet sich auf dem Gelände . # b1510 Raus auf die Straßen USER 👉 Übersicht / Overview 👈,de
21213,Demotermine125028861027262020-09-07 14:11:08,2726,2020-09-07 14:00:07,Weitere Infos zu den heutigen Demos am Montag Freiberg URL Halle an der Saale URL Neustadt URL Rostock URL Stralsund URL Waiblingen URL Bilder und Videos hochladen USER - USER Fahren oder Mitfahren USER - Übernachten ? USER USER,de
16116,Demotermine1250288610270762021-11-18 18:26:32,27076,2021-11-18 18:26:29,! ! ️Neueste Gerüchteküche aus Wien besagt nichts Gutes ! Folgt uns auf Telegram : URL Raus auf die Straßen USER 👉 Übersicht / Overview 👈,de
12410,Demotermine1250288610113492021-06-06 07:33:11,11349,2021-06-06 07:28:42,"Gemeinsam sind wir stark ! Offenes Mikrofon Bad Rappenau Kirchplatz ( Rathaus ) Dienstag , 8. Juni 2021 18 Uhr USER 08062021 Raus auf die Straße USER",de
1649,Demotermine1250288610317942021-12-14 17:10:14,31794,2021-12-14 17:10:11,Blumen und Kerzen als Protest gegen 2G++ Regel — Weiterdenken-Marburg WDMR URL 1:15 Raus auf die Straßen USER 👉 Übersicht / Overview 👈,de
5327,Demotermine1250288610219542021-10-17 22:57:56,21954,2021-10-17 22:56:25,Corona-Kontrollen in der Gastronomie : Polizei überprüft Restaurants und Cafés via Homepage - Zeitungsverlag Waiblingen URL USER Nächster Spaziergang gegen den Wahnsinn URL Raus auf die Straßen USER 👉 Übersicht / Overview 👈,de
6438,Demotermine1250288610202962021-10-03 23:08:49,20296,2021-10-03 23:08:15,". 👆 Montag , 04.10. , 17 Uhr : Darmstadt , Mathildenplatz 👆 . # HE # Mo0410 Raus auf die Straßen USER 👉 Übersicht / Overview 👈",de
14707,Demotermine125028861083902021-03-30 02:18:18,8390,2021-03-30 01:57:06,Stuttgart Ecke Dobelstraße / Hohenheimer Straße Übersicht URL USER 31032021 Raus auf die Straße USER,de
9890,Demotermine1250288610148272021-08-25 08:57:25,14827,2021-08-25 08:56:51,"Am kommenden Wochenende wird massiv nach Berlin mobilisiert . Während weltweit die Menschen auf die Straßen gehen , sind am 28. / 29. August die Augen auf Berlin gerichtet . Video von Kai Stuht 28. und 29. August 2021 ➡ ️ USER USER 28082021 - 29082021 Raus auf die Straßen USER",de
11237,Demotermine1250288610129122021-07-24 13:03:18,12912,2021-07-24 13:03:17,Und wieder RTL ... Hetze und Lügen über helfende Hände im Katastrophengebiet . ✌ ️& ❤ ️ USER Raus auf die Straße USER,de
569,Demotermine1250288610193772021-09-26 13:13:46,19377,2021-09-26 13:13:37,Stuttgart am Schlossplatz 25.9.2021 Im Gespräch via MSR Aufklärung URL URL Raus auf die Straßen USER,de
4565,Demotermine1250288610278752021-11-22 23:59:35,27875,2021-11-22 23:59:05,"Während die Oberbürgermeisterin sich vom 1.Obergeschoss des Rathauses ihr Ständchen anhörte , kesselten eifrige Kretschmerjünger eben diese Bürger 40 Minuten im Rathaus ein . Es ging weder raus , noch rein . Was für Helden , die NUR ihre Pflicht zum Wohle des Volkes tun ........ URL Raus auf die Straßen USER 👉 Übersicht / Overview 👈",de
15020,Demotermine125028861080422021-03-23 23:01:47,8042,2021-03-23 22:56:42,Stuttgart 03.04.2021 - Grundrechte sind nicht verhandelbar Aufzug : ab 12 Uhr in Stuttgart Abschlusskundgebung : 16 Uhr Cannstatter Wasen # wirwerdenALLEALLEdasein USER Details URL USER 03042021 Raus auf die Straße USER,de
2759,Demotermine1250288610302222021-12-05 06:02:21,30222,2021-12-05 06:02:18,7 Naked Emperors . We will never forget . We will never forgive . Raus auf die Straßen USER 👉 Übersicht / Overview 👈,de
6212,Demotermine1250288610206022021-10-06 13:58:18,20602,2021-10-06 13:59:03,"Ljublana - Slowenier verlieren die Geduld mit der NWO Errichtung , NWO zeigt als Reaktion seine faschistische Fratze . Mehr Informationen : Kanal : URL HINTER CORONA STEHEN SATANISTEN , FREIMAURER , ROTARIER , LIONS CLUBS Raus auf die Straßen USER 👉 Übersicht / Overview 👈",de
7630,Demotermine1250288610185622021-09-19 01:24:20,18562,2021-09-19 01:25:08,Roald Hitzer Direktkandidat zur Bundestagswahl auf Parteienjagd — Hürdenflug URL 1:51 Raus auf die Straßen USER,de
21801,Demotermine125028861018942020-07-06 23:10:24,1894,2020-07-06 23:10:23,Sinsheim Freitag 10.7.2020 17.00 - 18.30 Uhr Burgplatz Sinsheim URL Weitere Infos : URL USER Weitere Termine : Freitags 17.7.20 & 24.7.20 immer von 17.00 - 18.30 Uhr USER - Bilder und Videos hochladen USER - Diskussion USER Fahren oder Mitfahren USER - Übernachten ? USER,de
7171,Demotermine1250288610192332021-09-25 07:05:21,19233,2021-09-25 07:05:28,"Dokument : Das Wuhan-Viruslabor plante 2018 , Viren in Fledermaushöhlen freizusetzen — Epoch Times Nachrichten URL 2:45 Raus auf die Straßen USER",de
1063,Demotermine1250288610321222021-12-17 17:40:55,32122,2021-12-17 17:40:52,"Staatsrechtler kritisieren die Regeln für Demos in Sachsen und Thüringen , wo aktuell Proteste nur ortsfest und mit maximaler Teilnehmerzahl von zehn beziehungsweise 35 Personen zulässig sind . 👉 🏻 Neuer Beitrag Raus auf die Straßen USER 👉 Übersicht / Overview 👈",de
9935,Demotermine1250288610147732021-08-24 21:37:47,14773,2021-08-24 21:37:46,"Franken begrüßt Spahn in Bad Kissingen , 22.8.2021 , "" Hände weg von unseren Kindern "" Raus auf die Straßen USER",de
16066,Demotermine1250288610271502021-11-19 19:46:01,27150,2021-11-19 19:45:58,Sierra Leone gegen Abschiebung -- 1.22 min.-- München - Marienplatz Fr. 19.11.2021 - Raus auf die Straßen USER 👉 Übersicht / Overview 👈,de
22088,Demotermine125028861014822020-06-14 10:26:24,1482,2020-06-14 10:26:02,"München Sonntag , 14.06.2020 , 14.00 Uhr Autokorso Anmeldung unter URL USER - Bilder und Videos hochladen USER - Diskussion USER Fahren oder Mitfahren USER",de
7309,Demotermine1250288610190082021-09-23 23:20:50,19008,2021-09-23 23:20:49,"Bern - 23.09.21. Der Corona - Faschismus zeigt , dass es auch in Europa einer friedlichen Lösung nicht einwilligen wird . Es wird mit Waffen auf freie Menschen gezielt . Mehr Informationen : Kanal : URL HINTER CORONA STEHEN SATANISTEN , FREIMAURER , ROTARIER , LIONS CLUBS Raus auf die Straßen USER",de
16372,Demotermine1250288610265302021-11-13 18:12:52,26530,2021-11-13 18:12:49,La magia di # Padova # zainz # noisiamozainz # zainzintour Raus auf die Straßen USER 👉 Übersicht / Overview 👈,de
7909,Demotermine1250288610180632021-09-15 23:32:36,18063,2021-09-15 23:32:02,❗ ️ Achtung ❗ ️ Montag 20.09.2021 18.00 Uhr Wurstmarktplatz Alles nach Bad Dürkheim was laufen oder rollen kann . Ein Aktions - Bündnis für Toleranz hat zur GEGENDEMO aufgerufen . Lasst uns alle die Dürkheimer ❤ ️ die nun seit fast nem halben Jahr unermüdlich jeden Montag für unsere Grundrechte und unsere Freiheit einstehen friedlich unterstützen . 💪 💪 💪 USER 20092021 Raus auf die Straßen USER,de
15764,Demotermine125028861070532021-03-05 05:53:19,7053,2021-03-03 06:46:00,Stuttgart Landtag Konrad-Adenauer-Straße Mitteilung der Polizei URL Videos URL URL USER USER USER USER USER 05032021 Bilder und Videos hochladen USER - Termine in Textform USER Fahren oder Mitfahren USER - Übernachten ? USER USER - USER - USER,de
13008,Demotermine1250288610106412021-05-16 22:06:42,10641,2021-05-16 22:06:42,"Zufallsfund gestern auf A5 und A3 "" Wer hat Oma am Brückentag alles umgebracht ? "" # kenfm # 2020news # reitschuster # brueckentag # querdenken615 # wolfgangwodarg # coronaausschuss # werhatomaumgebracht # demokratischerwiderstand 🎬 URL 🎬 Raus auf die Straße USER",de
14042,Demotermine125028861091622021-04-15 12:13:14,9162,2021-04-15 12:05:39,Die Versammlung wurde vom Ordnungsamt Verboten . Diesem Verbot kommen wir nach und überlegen uns wie wir in Zukunft damit umgehen . Euer Team von USER USER 15042021 Raus auf die Straße USER,de
16085,Demotermine1250288610271312021-11-19 12:40:11,27131,2021-11-19 12:40:08,Dr. iur . Valentin Landmann Rechtsanwalt und Kantonsrat — Guido Böni URL 4:22 Raus auf die Straßen USER 👉 Übersicht / Overview 👈,de
16957,Demotermine1250288610254752021-11-06 19:53:26,25475,2021-11-06 19:53:04,Festgehaltene feiern weiter im Kessel ! FREIE SACHSEN : Folgt uns bei Telegram ! USER Raus auf die Straßen USER 👉 Übersicht / Overview 👈,de
6545,Demotermine1250288610201392021-10-02 14:35:18,20139,2021-10-02 14:35:30,Thilo Sarrazin : “ Wir schaffen das – wirklich ? ” | Schwarmintelligenz im Livestream — Epoch Times Nachrichten URL 1:02:20 Raus auf die Straßen USER 👉 Übersicht / Overview 👈,de
9977,Demotermine1250288610147162021-08-23 13:30:25,14716,2021-08-23 13:28:53,"München Wie jeden Mittwoch gehen wir auf die Straße ! Unser Protest richtet sich gegen den Impfzwang und wir treten für eine Kinderfreundliche Gesellschaft ein ! Die Demonstration ist angemeldet , Details folgen . Gerne teilen . 😉 USER USER 25082021 Raus auf die Straßen USER",de
17147,Demotermine1250288610252162021-11-06 09:07:53,25216,2021-11-06 09:08:37,"06.11.2021 Zwei Gedanken zur aktuellen Lage , zur Eigeninitiative und zum Vertrauen auf Gott USER Raus auf die Straßen USER 👉 Übersicht / Overview 👈",de
6203,Demotermine1250288610206102021-10-06 15:50:17,20610,2021-10-06 15:50:17,Dr. Gerhard Papke : “ Das gepflegte Zerrbild des modernen Ungarn ” | Schwarmintelligenz im Livestream — Epoch Times Nachrichten URL 19:56 Raus auf die Straßen USER 👉 Übersicht / Overview 👈,de
10941,Demotermine1250288610133152021-08-01 05:16:24,13315,2021-08-01 01:46:28,Freiheit lässt sich nicht verbieten . Update von Michael Ballweg & Ralf Ludwig zum Urteil des OVG Pressemittteilung : URL Mehr zu Querdenken-711 STUTTGART - Peertube : URL | Web : URL | Twitter : URL | Telegram : USER Absperrungen URL Equipment URL Andere bzw. keine Regeln beim CSD URL Raus auf die Straße USER,de
17548,Demotermine1250288610244952021-11-01 05:16:34,24495,2021-11-01 05:16:03,"Es ist allerhöchste Zeit , die fremd- und selbstgefährlichen Corona-Wahnsinnigen aufzuhalten bevor sie schliesslich alles und alle zerstört haben werden . Kommt am 12. November bitte alle nach Bern ! # CovidGesetzNein # CH # Fr1211 # Bern Raus auf die Straßen USER 👉 Übersicht / Overview 👈",de
18972,Demotermine12502886104262,4262,2020-12-01 01:39:53,"Demo-Termine von URL Fallt nicht auf whattheyhide herein ( Antifa ): URL Hier könnt ihr uns Spenden : URL Zum Redaktionsschluss um 00:01 Uhr , wurden für den heutigen Tag folgende Demotermine gemeldet : 🔴 Dienstag , 01. Dezember 2020 ▶ ️ DE , Berlin , Rotes Rathaus ( Kundgebung ) 🕑 10:00 ▶ ️ DE , Nürnberg , Fürther Str. 77 ( Mahnwache ) 🕑 18:00 ▶ ️ DE , Wangen , Marktplatz ( Spaziergang ) 🕑 19:00",de
12147,Demotermine1250288610116612021-06-16 21:33:08,11661,2021-06-16 21:32:20,🟢Wir starten etwas Neues ! 🤩 🟢Dieses Mal treffen wir uns am Sonntag am Platz vor dem Forum in Günzburg ! 🟢Davor oder danach könnt ihr z.B. Günzburgs Gastronomie unterstützen . 🟢Kommt zahlreich ! -Wir gegen den Great Reset!- USER 20062021 Raus auf die Straße USER,de
5724,Demotermine1250288610212652021-10-13 20:49:42,21265,2021-10-13 20:50:33,"➡ ️Kein Verrat , weder an Kind & Frau # Ehebund # AlainBerset . ➡ ️Kein Verrat an der eidg . Bundesverfassung # Verfassungsbund . 🇨 🇭 Hymne Wir Helvetiatrychler bedanken uns herzlichst bei der lokalen Polizei für ihren Einsatz & Franz für die Fribourgerfahne . 🔔 🇨 🇭 🔔 13.10.21 Kathedrahle St. Nikolaus , Fribourg . URL Raus auf die Straßen USER 👉 Übersicht / Overview 👈",de
17582,Demotermine1250288610244352021-10-31 15:39:47,24435,2021-10-31 15:40:17,Genug ist Genug Aufzug 30.10.21- keine Evi Dance — MenschzuMensch Aktionen URL 1:08 Raus auf die Straßen USER 👉 Übersicht / Overview 👈,de
13273,Demotermine1250288610101692021-05-21 13:24:08,10169,2021-05-07 11:31:38,Köln USER 09052021 - 16052021 - 23052021 - 30052021 23.5. fällt aus / abgesagt URL Raus auf die Straße USER,de
6093,Demotermine1250288610207702021-10-08 20:42:20,20770,2021-10-08 20:25:54,Stuttgart marschiert unter blau-weißer Flagge ( auch die Farben von Telegram ) Wir brennen für die Freiheit . Seid dabei ! Das Mega-Event wird live im griechischen Fernsehen übertragen . Zeigt euch dort . URL # BW # Sa0910 # Stuttgart Raus auf die Straßen USER 👉 Übersicht / Overview 👈,de
21932,Demotermine125028861016822020-06-25 22:35:23,1682,2020-06-25 20:13:31,"In der Großgastronomie mit Biergarten konnte das Maskentragen bei Gästen und Personal nicht mehr durchgesetzt werden , sobald die Geschäftsleitung oder der Wirt vom Freiheitsvirus infiziert ist . Gastronomen können USER anfragen , wie es geht . USER - Bilder und Videos hochladen USER - Diskussion USER Fahren oder Mitfahren USER - Übernachten ? USER",de
7896,Demotermine1250288610180922021-09-20 23:53:56,18092,2021-09-16 10:51:56,"Stuttgart ✨ ' Mit Fleiß , mit Mut und festem Willen lässt jeder Wunsch sich endlich stillen ' - Novalis ✨ Details URL USER 22092021 Raus auf die Straßen USER",de
12718,Demotermine1250288610109962021-05-24 08:51:57,10996,2021-05-24 08:33:04,"Hamburg Autokorso - Horn Horner Landstraße Mittwoch 26.05.2021 Autokorso Abfahrt : 18.30 Uhr Aufstellung der Fahrzeuge ab 17.45 Uhr - Richtung Billstedt , auch für Fahrräder und Publikum an der Strecke . Motto : Grundrechte sind keine Privilegien ! USER 26052021 Raus auf die Straße USER",de
22816,Demotermine125028861034322020-10-28 03:46:32,3432,2020-10-28 02:37:29,Weitere Infos zu den heutigen Mittwochsdemos Freilassing URL Köln URL Lübeck URL Pforzheim URL Mit der Suche lässt sich in diesem Kanal fast jede Demo ganz einfach finden Demo mitteilen USER Weitere Veranstaltungen Dresden Vortrag abgesagt URL Stuttgart Wahlkampf URL,de
22670,Demotermine12502886106134,6134,2021-02-09 22:45:28,📹 BK25 Lockdown bis zum Untergang ? ! ? Dr. Barbara Kahler 2021 - 2 - 9 👉 🏻 Hier anschauen ! USER unzensiert,de
14528,Demotermine125028861086112021-04-03 04:38:29,8611,2021-04-03 04:38:28,"! ! ️ 🗽 🔥 KEINE MASKENPFLICHT IN STUTTGART ! 🔥 🗽 ! ! ️ • Ausdrucken , • Mitnehmen , • Polizei unter die Lügen-Nase halten 🤥 🤥 🤥 • An ALLE Verteilen ! ! 🔥 ! ! ️ 🔥 OSTERSAMSTAG 03.04.2021 - ALLE NACH STUTTGART 🔥 !!️ 🔥 URL_Corona_Party_Stuttgart URL ⬆ ️ ⬆ ️ ⬆ ️ 🔼 🔼 🔼 ⬆ ️ ⬆ ️ ⬆ ️ ! ! ️TEILEN TEILEN TEILEN!!️ Raus auf die Straße USER",de
16453,Demotermine1250288610264072021-11-13 08:53:57,26407,2021-11-13 08:53:30,"Ihr Lieben ! Montag treffen wir uns wieder in Frankenthal . Hier haben wir einen neuen Ort . Dieser ist in der Nähe des Speyerer Tors . In Google Maps findet ihr aber gleich , wo der neue Platz ist . Wir freuen uns auf Euch ! # RP # Mo1511 # Frankenthal Raus auf die Straßen USER 👉 Übersicht / Overview 👈",de
4634,Demotermine1250288610277932021-11-21 20:56:04,27793,2021-11-21 20:55:52,"Bitte verbreitet diese Video-Reportage von der Demo in Wien weiter , damit möglichst viele Menschen sehen , was gestern wirklich los war ! 💪 🏻 ➡ ️ URL URL Raus auf die Straßen USER 👉 Übersicht / Overview 👈",de
6480,Demotermine1250288610202442021-10-03 15:09:12,20244,2021-10-03 15:05:48,Neuötting USER # BY # Do0710 # Do1410 # Do2110 # Do2810 # Neuötting Raus auf die Straßen USER 👉 Übersicht / Overview 👈,de
16143,Demotermine1250288610270302021-11-18 13:15:12,27030,2021-11-18 13:15:09,LIVE : Deutscher Bundestag berät über Infektionsschutzgesetz und Migrantenkrise an polnischer Grenze — demonstration_live URL 4:45:29 Raus auf die Straßen USER 👉 Übersicht / Overview 👈,de
12724,Demotermine1250288610109882021-05-24 05:51:52,10988,2021-05-24 05:50:58,"📣 🕊 Montagsdemo Rostock 🕊 📣 "" Der stete Tropfen höhlt jeden Stein "" 24.05.2021 , Neuer Markt , 18:00 Uhr Sammeln von Freunden , Kräften und Ideen . Großes Treffen der Demofamilie in Rostock . Bringt jede / r einen offenen Menschen mit und alles wird in kurzer Zeit gut ! 😘 👈 Liebe in Aktion , Euer Demo-Team in Rostock 🕊 🙋 ‍ ♂ ️ USER 24052021 Raus auf die Straße USER",de
16955,Demotermine1250288610254772021-11-06 19:55:05,25477,2021-11-06 19:55:23,Live aus Leipzig Regiegeführter Stream in Kooperation mit Klardenken TV — FPS Freie Presse Sauerland URL 6:01:12 Raus auf die Straßen USER 👉 Übersicht / Overview 👈,de
13237,Demotermine1250288610102262021-05-08 08:58:33,10226,2021-05-08 08:58:03,"Samstag , 08.05.21 um 15 Uhr in Dillingen / Donau , 15 Uhr im Taxispark Treffen der Bürgerinitiative für Frieden , Freiheit , Selbsbestimmung URL USER 08052021 Raus auf die Straße USER",de
7301,Demotermine1250288610190202021-09-24 00:09:40,19020,2021-09-24 00:10:07,"Anstich Wies ́n 2021 , auch ohne Münchens OB Reiter und trotzdem ein riesen Fest der Gemütlichkeit ! — MediaInformationCenter URL 5:04 Raus auf die Straßen USER",de
4616,Demotermine1250288610278122021-11-22 11:35:37,27812,2021-11-22 11:32:05,"Bilder zur Protestaktion Krankenhaus # Lich Asklepios Klinik Lich GmbH Goethestraße 4 , 35423 Lich 06404 810 URL Raus auf die Straßen USER 👉 Übersicht / Overview 👈",de
225,Demotermine1250288610134892021-08-01 15:21:10,13489,2021-08-01 15:21:10,Ein zug läuft über den Check point Charlie auf der Friedrichstraße aktuell höhe Kochstraße . In Richtung Osten Kommt alle dahin . Masse muss beweglich bleiben . Lauft ...... Alexanderplatz is FREI . SPERRE IS AUFGEHOBEN KOMMT ZUM ALEX . ALLE . . USER Raus auf die Straße USER,de
12315,Demotermine125028861011478,11478,2021-06-09 20:04:51,"Putin : In der EU schießt man Protestlern Augen aus , aber wehe , in Minsk wird jemand verhaftet — RT DE URL 4:56 USER",de
7030,Demotermine1250288610194042021-09-26 22:08:38,19404,2021-09-26 22:09:47,"Wahl-Chaos in Berlin : Fehlende Wahlzettel und lange Schlangen vor den Wahlkabinen führten an einigen Orten dazu , dass zahlreiche Menschen immer noch anstehen müssen , um ihre Stimme abgeben zu können . Raus auf die Straßen USER",de
15731,Demotermine125028861070922021-03-04 11:33:55,7092,2021-03-04 11:31:57,"ACHTUNG ! ! Ab jetzt "" Unterm Heilig Kreuz "" Stadtpfarrkirche in Fulda Demo für Frieden und Freiheit Fulda 06.03.21 / 14:00 Kommt ! Auf jeden kommt es an . URL URL URL USER 06032021 Raus auf die Straße USER",de
6775,Demotermine1250288610198512021-09-29 10:44:19,19851,2021-09-29 10:45:11,Jamaika oder Neuanfang : Wie lange kann sich Laschet halten – Söder doch noch Kanzler ? — Epoch Times Nachrichten URL 7:59 Raus auf die Straßen USER 👉 Übersicht / Overview 👈,de
13919,Demotermine12502886109322,9322,2021-04-21 04:38:01,"Unerhört ! Bürger wollen gegen Maßnahmen der Regierung protestieren ! Gegner der Regierung planten zu morgen vier Demonstrationen gegen die Abschaffung des Föderalismus . Polizeipräsidentin und Innensenator von Berlin verbieten diese Demonstrationen . Wir danken unserer Polizei , die unsere Regierung vor dem Volk schützt ! USER USER URL",de
7219,Demotermine1250288610191542021-09-24 11:49:48,19154,2021-09-24 11:47:26,"🔔 🇨 🇭 🔔 25.9.21 13.00 Besammlung Püntwiese Uster . Unteranderem zusammen mit URL , URL , URL , URL , URL_offiziell , URL & URL Livestreamlink folgt ... # CHE # S259 Raus auf die Straßen USER",de
136,Demotermine1250288610296642021-12-03 09:34:15,29664,2021-12-03 09:32:46,"Die neue Impfkultur ... URL Semperoper Dresden Theaterplatz 2 , 01067 Dresden 0351 4911705 URL Raus auf die Straßen USER 👉 Übersicht / Overview 👈",de
5452,Demotermine1250288610217302021-10-16 11:44:09,21730,2021-10-16 11:41:03,"Place Kleber # Straßburg , 16.10.2021 , 13:30 Uhr Ein Film von USER Ich bedanke ♥ ️ mich bei Jedem , der mich unterstützt und somit diese Arbeit ermöglicht URL Raus auf die Straßen USER 👉 Übersicht / Overview 👈",de
19370,Demotermine125028861050442021-01-10 00:20:27,5044,2021-01-10 00:19:51,"Die nächste genehmigte Demo findet am 16.01.21 , zwischen 13 - 15Uhr , auf der Markt in Brühl statt ( auf Höhe der Kreissparkasse ) . Ein zahlreiches Teilen und Erscheinen ist freundlichst erwünscht ! USER 16012021 Bilder und Videos hochladen USER - Termine in Textform USER Fahren oder Mitfahren USER - Übernachten ? USER USER - USER - USER",de
5000,Demotermine1250288610160242021-08-29 11:41:26,16024,2021-08-29 11:42:40,"+ + + JETZT Demozug Storkower Strasse wird an Landsberger aufgehalten , Zug weicht über Burger King aus hinein ins Blumenviertel Richtung Chrysantemenweg . + + + # b2908 Raus auf die Straßen USER",de
19774,Demotermine125028861045092020-12-13 11:29:51,4509,2020-12-13 10:56:40,Die heutigen Aktionen am Sonntag Terminkalender URL Unsere Infos Darmstadt URL Eutin URL Illertissen URL Köln URL Lindau URL Münster URL Öhringen URL Rauenberg URL Roding URL Weinheim URL Wittlich URL Würzburg URL URL Frauen-Bustour Heidelberg - Karlsruhe URL Weihnachtsversammlung ( ausgebucht ) Alfdorf URL SinnPicknick Rendsburg URL Termin mitteilen USER USER,de
10612,Demotermine1250288610137992021-08-05 20:15:28,13799,2021-08-05 20:15:27,"# be1821 Bismarckstraße , 14.30Uhr : "" Wir sind doch so viele , ich glaub , dann bringt das auch was ! "" — Osnabrücker Sommer der Aufklärung URL 1:09 Raus auf die Straße USER",de
7375,Demotermine1250288610189222021-09-22 17:34:53,18922,2021-09-22 17:35:29,Impfbus an der Schule - ein Bericht von Elke beim offenen Mikro 20.9. Brackenheim — Team Freiheit Brackenheim URL 1:53 Raus auf die Straßen USER,de
12091,Demotermine1250288610117452021-06-18 17:43:47,11745,2021-06-18 17:43:46,« Statt das Alte zu bekämpfen ... » Interessantes Statement von Ken Jebsen über eigenständiges Denken und wie Veränderung tatsächlich beginnt . Revolution vs. Evulotion Komplettes Interview anschauen : URL ❤ ️ 🇨 🇭 USER 🌐 gemeinsam-schweiz.ch - suisse-unie.ch 🌐 Raus auf die Straße USER,de
6616,Demotermine1250288610200552021-10-02 07:12:15,20055,2021-10-02 07:11:05,FACKELMARSCH STUTTGART STANDORTÄNDERUNG . GETROFFEN WIRD AN DER HALTESTELLE SCHWABSTRASSE ROTEBÜHL AUẞERHALB VOM CITYRING UND FRIEDLICH FÜR DIE FREIHEIT MARSCHIERT . BITTE TEILEN . # BW # STGT # Sa0210 Raus auf die Straßen USER 👉 Übersicht / Overview 👈,de
2465,Demotermine1250288610306672021-12-08 02:08:06,30667,2021-12-08 02:08:03,IRELAND : « We are not gonna take it ! » = = = = = = = = = = = = = = = = = = = = = 🍿 Channel USER 📅 Chat : USER Our Community Website SIGN UP NOW : LIVANDU.COM Raus auf die Straßen USER 👉 Übersicht / Overview 👈,de
14646,Demotermine125028861084652021-03-31 05:28:28,8465,2021-03-31 05:24:54,"Düsseldorf Autokorso , 11.04.2021 Start Messe Parkplatz P1 , Feld 5 Nord USER 11042021 Raus auf die Straße USER",de
11201,Demotermine1250288610129672021-07-25 17:03:55,12967,2021-07-25 17:03:54,! ? ️ TEILEN ! TEILEN ! TEILEN ! ? ️ HIER SIND KEINE WEITEREN WORTE BENÖTIGT ! URL Raus auf die Straße USER,de
1041,Demotermine1250288610265342021-11-13 18:33:02,26534,2021-11-13 18:32:37,"Auf Wiedersehen in # Straßburg Strasbourg , 13.11.2021 URL Raus auf die Straßen USER 👉 Übersicht / Overview 👈",de
23237,Demotermine125028861059712021-02-05 00:15:56,5971,2021-02-05 00:15:55,📆 Das ist unsere Chance : in Freude wachsen und gemeinsam eine neue Welt erschaffen ! 👉 🏻 mehr Infos dazu # Termin # QuerDenken ! Bilder und Videos hochladen USER - Termine in Textform USER Fahren oder Mitfahren USER - Übernachten ? USER USER - USER - USER,de
17414,Demotermine1250288610247082021-11-02 17:26:01,24708,2021-11-02 17:25:18,Trailer : Demo Leipzig 06.11.2021 — QUERDENKEN 351 - Dresden URL 2:24 # SN # Sa0611 # Leipzig Raus auf die Straßen USER 👉 Übersicht / Overview 👈,de
15346,Demotermine125028861075382021-03-13 18:09:51,7538,2021-03-13 18:09:50,""" Corona-Wahnsinn stoppen "" : Demonstration gegen den Lockdown in Stuttgart — RT DE URL 1:13 USER Raus auf die Straße USER",de
4885,Demotermine1250288610273812021-11-20 14:15:33,27381,2021-11-20 14:15:18,📢 + + + Live - Feed + + + 📢 Die Spitze der Demo zieht gerade am Schwedenplatz vorbei . Die Länge des Zuges ist gigantisch ! Raus auf die Straßen USER 👉 Übersicht / Overview 👈,de
16147,Demotermine1250288610270262021-11-18 10:59:08,27026,2021-11-18 10:58:31,🥁 AUTOKORSO Berlin Freie Geister 4Gs 💡 🎉 Freitag 19. November 2021 ----------------------- 📢 Infokanal : URL 📠 Chat-Kanal : URL 🖥 Facebook : URL # BLN # Fr1911 # Berlin Raus auf die Straßen USER 👉 Übersicht / Overview 👈,de
11568,Demotermine1250288610123872021-07-13 10:30:15,12387,2021-07-13 10:30:14,01.08.2021 - Demo Berlin - Trailer # 02 - Zwischenbilanz ( 4 K - Version ) — Querdenken 441 - Oldenburg URL 3:42 Raus auf die Straße USER,de
8100,Demotermine1250288610177812021-09-12 15:03:39,17781,2021-09-12 15:03:16,Demonstration wurde angemeldet ! Mehr Informationen erfolgt rechtzeitig ! 10.10.2021 - München - Standort folgt ! Redebeiträge : Anmeldung ab sofort ! ! Eure Kinder stehen auf ! URL USER 10102021 Raus auf die Straßen USER,de
5843,Demotermine1250288610210882021-10-12 18:35:10,21088,2021-10-12 18:35:14,""" Studenten stehen auf "" Dresden Demo & private After Party , 09. Okt. 21 — Freedom Parade mit Captain Future URL 19:55 Raus auf die Straßen USER 👉 Übersicht / Overview 👈",de
11674,Demotermine1250288610122602021-07-08 10:45:12,12260,2021-07-08 10:45:12,# Osnabrück Montagsdemo 5.7.2021 # Demoumzug — Osnabrücker Sommer der Aufklärung URL 6:44 Raus auf die Straße USER,de
18875,Demotermine125028861055272021-01-27 11:26:06,5527,2021-01-26 21:21:18,Stuttgart Autokorso Parkplatz wurde auf den Großparkplatz P10 des Cannstatter Wasens am riesigen Corona-Testzentrum verlegt Mobivideo Michael Ballweg und Wolfgang Greulich URL Details URL USER 27012021 Bilder und Videos hochladen USER - Termine in Textform USER Fahren oder Mitfahren USER - Übernachten ? USER USER - USER - USER,de
16543,Demotermine1250288610262412021-11-12 07:48:30,26241,2021-11-12 07:48:27,Die Gehirnamputierungsstelle des Bundes äußert sich ... URL Die umfassendsten Infos USER Werde USER jetzt !,de
5750,Demotermine1250288610212252021-10-13 15:05:35,21225,2021-10-13 15:05:48,"Meeresspiegel würde auch beim Erreichen von 1,5-Grad-Ziel weiter ansteigen — Epoch Times Nachrichten URL 3:46 Raus auf die Straßen USER 👉 Übersicht / Overview 👈",de
8161,Demotermine1250288610177012021-09-11 11:59:24,17701,2021-09-11 12:00:35,"Demo in Straßburg . Beginn der Kundgebung Place Klebèr Straßburg , 11.09.2021 Ein Film USER Raus auf die Straßen USER",de
1815,Demotermine1250288610315802021-12-13 10:58:07,31580,2021-12-13 10:57:12,# Pforzheim # BW # Mo1312 # Mo2012 # Mo2712 # montags Raus auf die Straßen USER 👉 Übersicht / Overview 👈,de
17031,Demotermine1250288610251722021-11-05 19:46:37,25172,2021-11-05 19:47:09,Wir sind in 👉 Leipzig und werden am Samstag hier einen Liveticker mit Kurzvideos und Kurzinfos haben . Zudem teilen wir Standorte unserer Versorgungseinheiten mit . Aufgrund der massiven USER sollte jeder Telegram haben . Daher : Kanal vorsorglich abonnieren . USER - Holt eure Kontakte JETZT zu Telegram - Schluss mit dem Gejammer USER,de
5337,Demotermine1250288610219362021-10-17 16:08:40,21936,2021-10-17 16:09:07,"Jürgen spricht zur Antifa Schwäbisch-Gmünd , 17.10.2021 Ein Film von USER Raus auf die Straßen USER 👉 Übersicht / Overview 👈",de
4679,Demotermine1250288610277292021-11-21 11:08:57,27729,2021-11-21 11:08:54,Stimmen Sie ab : Sollte eine Corona-Impfpflicht für alle kommen ? URL Macht Screenshots Die umfassendsten Infos USER Werde USER jetzt !,de
11060,Demotermine1250288610131682021-07-30 12:19:47,13168,2021-07-30 07:21:00,Monheim am Rhein 40789 30.07.2021 18 bis 20 Uhr wir treffen uns ab 17:15 auch Gäste können ans Micro USER USER 30072021 Raus auf die Straße USER,de
9715,Demotermine1250288610151182021-08-28 09:55:56,15118,2021-08-28 09:56:26,"⚠ ️ WICHTIG FÜR ALLE DEMOKRATEN ⚠ ️ Wir haben gehört , dass der Aufzug auf der Greifswalder Straße links auf die Danziger Straße einbiegt!!️ # WirWerdenALLEdaSein # b2808 Raus auf die Straßen USER",de
788,Demotermine1250288610159042021-08-29 10:22:02,15904,2021-08-29 10:22:25,🇩 🇪 Demo-Berlin : Währenddessen laufen immer noch hunderte Corona-Skeptiker über die Fürstenberger Straße . # b2908 Raus auf die Straßen USER,de
12967,Demotermine1250288610106832021-05-17 15:40:09,10683,2021-05-17 15:40:09,01.05.21 Bad Dürkheim : Frühstück im Park - Danser Encore Flashmob — Querdenken 621 Mannheim qd621ma URL 10:19 Raus auf die Straße USER,de
2976,Demotermine1250288610298542021-12-04 04:35:58,29854,2021-12-04 04:35:17,alle Österreicher bitte URL verbreiten . damit kann man massenweise einsprüche im parlament abgeben ! ! Raus auf die Straßen USER 👉 Übersicht / Overview 👈,de
13097,Demotermine1250288610104852021-05-13 13:26:19,10485,2021-05-13 13:26:10,Die Liste wird immer länger Schule ohne • Maske • Test • Impfung Eine Schande und grausames Verbrechen an unsere Kinder 😢 Raus auf die Straße USER,de
4727,Demotermine1250288610276292021-11-21 03:12:54,27629,2021-11-21 03:12:51,WORLD WIDE RALLY FOR FREEDOM 5.0 - MELBOURNE DRONE OVERVIEW VICTORIA BY DRONE USER Raus auf die Straßen USER 👉 Übersicht / Overview 👈,de
10520,Demotermine1250288610139222021-08-07 22:04:16,13922,2021-08-07 22:04:15,"Berlin , 07.08.2021 : Staatsantifa klatscht , gröhlt und stört während des Trauermarsches für den am 01. August 2021 verstorbenen Sascha "" El Chancho "" . USER USER Raus auf die Straße USER",de
17234,Demotermine1250288610250902021-11-04 15:36:20,25090,2021-11-04 15:36:35,"# 2TagebisLeipzig 15 Uhr Augustusplatz 19 Uhr Richard-Wagner Platz Frieden , Freiheit , Selbstbestimmung und Souveränität ! 🕊 # Widerstand Abonniert uns gerne auf Telegram 👇 URL Raus auf die Straßen USER 👉 Übersicht / Overview 👈",de
20007,Demotermine125028861042372020-11-30 07:42:15,4237,2020-11-30 07:40:08,"MAHNWACHE Beginn : 16:30 Uhr Ende : 17:30 Uhr Versammlungsort : Marktplatz , 21335 Lüneburg Mail : infoUSER Telegram : URL Website : URL USER 30112020 Bilder und Videos hochladen USER - Termine in Textform USER Fahren oder Mitfahren USER - Übernachten ? USER USER - USER - USER",de
1343,Demotermine1250288610321472021-12-17 22:35:23,32147,2021-12-17 22:35:20,"Bielefeld , 18.12.21 ; Widerstand quer durch die Stadt -Eindrücke — MatthiasBL URL 36:07 Raus auf die Straßen USER 👉 Übersicht / Overview 👈",de
5584,Demotermine1250288610215482021-10-15 04:26:57,21548,2021-10-15 04:27:17,"Nein , es gab keinen Wahlbetrug . 😂 Wird die Bundestagswahl eigentlich auch neu angesetzt ? Betrug ist doch Betrug ! ! ️ Raus auf die Straßen USER 👉 Übersicht / Overview 👈",de
23304,Demotermine12502886105882,5882,2021-02-03 18:16:24,"Gestern in Aurillac , eine Stadt in Frankreich : Wütende Landwirte mauerten die Eingänge zur Präfektur der Gemeinde in Aurillac mit Backsteinen zu , bevor sie die Kuhscheisse auskippten . Sie prangern die Untätigkeit und das schlechte Management der Regierung in landwirtschaftlichen Fragen an .",de
9505,Demotermine1250288610154442021-08-28 15:14:55,15444,2021-08-28 15:15:19,Berlin3 Zug wird größer ! — We The People - Wir sind der Souverän URL 2:19:33 Raus auf die Straßen USER,de
4530,Demotermine1250288610279472021-11-23 03:52:11,27947,2021-11-23 03:52:04,"🦜 ❤ ️ 👆 🏻 👏 🏻 Melbourne protest , you have parrots protesting ! URL Raus auf die Straßen USER 👉 Übersicht / Overview 👈",de
33,Demotermine125028861062692021-02-13 08:59:15,6269,2021-02-13 08:55:37,Laax Flims Autokorso Start Ballinwiese Flims Für diä wo Ziit u Lust hend .. isch bewilligt .. lg USER 13022021 Bilder und Videos hochladen USER - Termine in Textform USER Fahren oder Mitfahren USER - Übernachten ? USER USER - USER - USER,de
5950,Demotermine1250288610209562021-10-10 12:39:35,20956,2021-10-10 12:40:14,Kritik am öffentlich rechtlichen rundfunk auf der Demo am 8.10.21 Karlsruhe Stephansplatz Start17:30 — Info URL 2:14 Raus auf die Straßen USER 👉 Übersicht / Overview 👈,de
6007,Demotermine1250288610208882021-10-09 13:55:19,20888,2021-10-09 13:55:18,"Nürnberg , 09.10.2021 – Tausende Menschen bei der Demonstration * Nürnberger Kodex : Die Menschenwürde bleibt unantastbar * "" Frieden , Freiheit , keine Diktatur ! "" USER Raus auf die Straßen USER 👉 Übersicht / Overview 👈",de
4066,Demotermine1250288610287682021-11-28 18:02:01,28768,2021-11-28 18:01:58,"QS24-Award 2021 : Verleihung für Mut , Weisheit und Leidenschaft | QS24 Gesundheitsfernsehen URL USER",de
16819,Demotermine1250288610257222021-11-08 11:42:41,25722,2021-11-08 11:39:32,📆 Jubiläumsmahnwache am Martinstag ( 50. Demo in Murrhardt seit 16.05.2020 ) 👉 🏻 mehr Infos dazu # Termin # BW # Do1111 # Murrhardt Raus auf die Straßen USER 👉 Übersicht / Overview 👈,de
8519,Demotermine1250288610171222021-09-05 03:25:42,17122,2021-09-05 03:23:38,WIR SCHREIBEN GESCHICHTE ! Diese Woche . Der WALK AM RHEIN dauert noch bis Sonntag um 23:59 Alle Informationen findet ihr auf : URL Bleibe auf dem Laufenden und folge William Toel : ⬇ ️ ⬇ ️ ⬇ ️ ⬇ ️ ⬇ ️ URL Beiträge teilen USER Raus auf die Straßen USER,de
6388,Demotermine1250288610203762021-10-04 03:10:05,20376,2021-10-04 03:05:12,URL Demotermine für Meck-Pomm vom 04.10 - 07.10.21 Der Erstkanal wurde wegen des letzten Aufrufvideos wieder einmal unbegründet gesperrt und das letzte Video gelöscht . Daher die Veröffentlichung auf dem Zweitkanal . URL Rostock - Greifswald - Güstrow - Wolgast - Teterow - Wismar - Neubrandenburg # MV # Mo0410 # Di0510 # Mi0610 # Do0710 USER Raus auf die Straßen USER 👉 Übersicht / Overview 👈,de
17537,Demotermine1250288610245042021-11-01 06:29:39,24504,2021-11-01 06:30:17,Gruß vom Autokorso in Dessau vom 30.10.21 gegen den Corona-Faschismus — Sven Liebich URL 0:35 Raus auf die Straßen USER 👉 Übersicht / Overview 👈,de
10468,Demotermine1250288610140082021-08-10 05:56:17,14008,2021-08-10 02:02:41,"Volksbegehren "" Landtag Abberufen “ Söder Muss Weg Tragt euch von 14.10.21 - 27.10.2021 bei eurer Gemeinde in die Liste ein ! ! ! ! USER Aufkleber URL Raus auf die Straße USER",de
14652,Demotermine125028861084602021-03-31 05:12:33,8460,2021-03-31 05:10:28,Gelsenkirchen Autokorso Start Parkplatz Gesamtschule Adenauerallee USER USER 31032021 Raus auf die Straße USER,de
1341,Demotermine1250288610321582021-12-18 05:43:37,32158,2021-12-18 05:32:44,Ebersbach an der Fils am Montag 18 Uhr am Rathaus # BW # Mo2012 # Mo2712 # Ebersbach # montags Raus auf die Straßen USER 👉 Übersicht / Overview 👈,de
15353,Demotermine125028861075302021-03-13 10:32:02,7530,2021-03-13 10:29:46,Hamburg Autokorso Treffpunkt Sylvesterallee über Schnackenburgallee USER USER 17032021 Raus auf die Straße USER,de
11748,Demotermine1250288610121682021-07-05 18:20:14,12168,2021-07-05 18:20:14,DW-Sommerinterviews 2021 | Gunnar Kaiser | Statement zur Akademiegründung — Demokratischer Widerstand URL 4:23 Raus auf die Straße USER,de
9385,Demotermine1250288610158392021-08-29 09:12:00,15839,2021-08-29 09:12:11,"🇩 🇪 Demo-Berlin : Obwohl noch keine Versammlung begonnen hat , ist das Polizeiaufgebot am Humboldthain enorm . # b2908 Raus auf die Straßen USER",de
7151,Demotermine1250288610190632021-09-24 03:14:31,19063,2021-09-24 03:15:10,Heute in Krumbach vor dem Schulamt ! Vielen Dank an alle die gekommen sind ! Raus auf die Straßen USER,de
7751,Demotermine1250288610183072021-09-18 12:22:42,18307,2021-09-18 12:23:14,Wie man mit unterdrückter Nummer beim EA Leipzig anruft # le1809 # 31#03412119313 _ _ _ _ _ _ Infos Raus auf die Straßen USER,de
19608,Demotermine12502886104722,4722,2020-12-26 04:11:02,Weihnachtsansprache von Steinmeier : Pandemie offenbart das Vertrauen der Deutschen in die Demokratie — RT DE URL 1:01 USER,de
20550,Demotermine125028861035552020-11-04 19:48:20,3555,2020-11-04 19:46:55,"AACHENER FÜR EINE MENSCHLICHE ZUKUNFT Beginn : 15:00 Uhr Ende : 16:30 Uhr Versammlungsort : Martktplatz Aachen Redner / Musik u. A. Erfahrungsberichte Covid-19 Musik Carlos Cachafeiro und weitere .... Mail : infoUSER Telegram : URL Website : URL Samstag , 07 November , 15:00 - 16:30 USER 07112020",de
23318,Demotermine125028861058752021-02-03 15:08:46,5875,2021-02-03 15:08:46,"Berlin - In ihrem gestrigen ARD-Interview drohte Angela Merkel Menschen , die sich nicht impfen lassen wollten , mit Konsequenzen . 👉 🏻 Neuer Beitrag Bilder und Videos hochladen USER - Termine in Textform USER Fahren oder Mitfahren USER - Übernachten ? USER USER - USER - USER",de
11010,Demotermine1250288610132322021-07-30 22:30:46,13232,2021-07-30 22:30:26,Das Berliner Verwaltungsgericht hat einen Eilantrag der Anti-Corona-Maßnahmen-Demonstranten gegen das Verbot der Demo am Sonntag zurückgewiesen . Mein Vertrauen in den Rechtsstaat hierzulande war einmal unerschütterlich . Jahrelang habe ich ihn in Russland gepriesen . Leider wankt dieses Vertrauen . USER Raus auf die Straße USER,de
15444,Demotermine125028861074242021-03-10 13:08:19,7424,2021-03-10 12:45:29,"Wir werden etwas Zeit benötigen , um unsere Server wieder online zu bringen . Es gibt in jedem Fall Backups . So schaut derzeit die Lage am Datacenter aus ! USER terminkalender.top Wir USER sind für euch weiter da und informieren euch , sobald der Terminkalender wieder erreichbar ist . Termine sicher übermitteln URL",de
3589,Demotermine1250288610288212021-11-29 06:35:24,28821,2021-11-29 06:35:21,Meisterliches Impfen statt blauem NADEL-STICH durch Fachfremde — SchwarzRotGold TV URL 13:48 Raus auf die Straßen USER 👉 Übersicht / Overview 👈,de
7479,Demotermine1250288610187822021-09-21 11:45:41,18782,2021-09-21 11:46:04,Gestern Nachmittag in Hörsching gelandet eine Antanov voll mit covid 19 schnelltest aus China Raus auf die Straßen USER,de
21138,Demotermine125028861028162020-09-14 15:13:52,2816,2020-09-14 15:09:02,"Für heute , 14.09.2020 in APOLDA : 🚨 🚨 🚨 KURZFRISTIG ABGESAGT 🚨 🚨 🚨 Bilder und Videos hochladen USER - USER Fahren oder Mitfahren USER - Übernachten ? USER USER - USER - USER",de
17463,Demotermine1250288610246412021-11-02 08:11:26,24641,2021-11-02 08:11:29,Belgium protesting vaccine mandates in style on Sunday . 💥 Join and Share 👉 👉 USER Raus auf die Straßen USER 👉 Übersicht / Overview 👈,de
23278,Demotermine125028861059272021-02-04 01:49:04,5927,2021-02-04 01:47:32,! ! ️!!️3. Spaziergang in Monheim!!️!!️ 👉 🏻 👉 🏻 👉 🏻 👉 🏻Treffpunkt 👈 🏻 👈 🏻 👈 🏻 👈 🏻 👉 🏻 👉 🏻 👉 🏻 👉 🏻 👉 🏻Infos 👈 🏻 👈 🏻 👈 🏻 👈 🏻 👈 🏻 USER USER 05022021 Bilder und Videos hochladen USER - Termine in Textform USER Fahren oder Mitfahren USER - Übernachten ? USER USER - USER - USER,de
16527,Demotermine1250288610262822021-11-12 11:02:28,26282,2021-11-12 11:00:55,"⚠ ️ ❗ ️13 NOVEMBRE 2021 , ORE 16:00 ❗ ️AVANTI TUTTA FINCHÉ LA DITTATURA NON SARÀ DISTRUTTA ! # IT # Sa1311 # Italia # nationwide Raus auf die Straßen USER 👉 Übersicht / Overview 👈",de
17011,Demotermine1250288610253752021-11-06 16:15:39,25375,2021-11-06 16:15:23,Highlight 1:14:01 – 1:19:01 von Leipzig Demo 06.11.21 — Weichreite TV URL 5:00 Raus auf die Straßen USER 👉 Übersicht / Overview 👈,de
17510,Demotermine1250288610245462021-11-01 08:04:52,24546,2021-11-01 08:05:31,"Wir sind Menschen , die sich lieben - Perin Dinekli — Netzwerk Demokratie URL 3:57 Raus auf die Straßen USER 👉 Übersicht / Overview 👈",de
1901,Demotermine1250288610314572021-12-12 20:10:32,31457,2021-12-12 20:10:29,"! ! ️Sangerhausen , 10.12.21!!️ — Erfurt zeigt Gesicht URL 0:56 Raus auf die Straßen USER 👉 Übersicht / Overview 👈",de
10967,Demotermine1250288610132912021-07-31 22:46:27,13291,2021-07-31 20:27:15,Der 1.8.2021 wird ein historischer Tag . Wir vom Team werden euch auf dem Laufenden halten und fahren dazu Sonderschichten . URL ! ! ️ WEITERSAGEN ! ! ️ Raus auf die Straße USER,de
6195,Demotermine1250288610206252021-10-07 07:00:03,20625,2021-10-07 06:59:37,"FAMILY PICNIC WARNAMBOOL CIVIC GREEN SUNDAY 10TH OCTOBER , 11AM Subscribe : URL # AUS # Sun1010 Raus auf die Straßen USER 👉 Übersicht / Overview 👈",de
16602,Demotermine1250288610261492021-11-11 13:19:59,26149,2021-11-11 13:15:59,Mitmachen ! Weitersagen 💙 🙏 # SN # Mo1511 # Freiberg Raus auf die Straßen USER 👉 Übersicht / Overview 👈,de
16748,Demotermine1250288610258142021-11-09 14:48:47,25814,2021-11-09 14:48:44,"Bautzen läuft 💪 Während Kretschmers Behörden in vielen Orten versuchen die Montagsspaziergänge zu verhindern , hat sich das Landratsamt in Bautzen dem Druck der Straße gebeugt . Und Bautzen spaziert mit über 500 Bürgern ! FREIE SACHSEN : Folgt uns bei Telegram ! USER Raus auf die Straßen USER 👉 Übersicht / Overview 👈",de
264,Demotermine1250288610160622021-08-29 12:04:02,16062,2021-08-29 12:04:09,🔥 POLIZEIGEWALT 🔥 EINSTEINUFER BERLIN # b2908 Danke für die Unterstützung meiner Arbeit ❤ PayPal : URL Telegram-Kanal ❤ ️ URL oder in der App Telegram USER KOMMT IN UNSER EIGENES UND 100 % UNABHÄNGIGES KOSTENFREIES NETZWERK AUF : URL Raus auf die Straßen USER,de
14450,Demotermine125028861086902021-04-06 01:30:50,8690,2021-04-06 01:26:47,"Solingen , 10.04.2021 Start Parkplatz Weyersberg , Kotter Straße USER 10042021 Raus auf die Straße USER",de
5458,Demotermine1250288610217232021-10-16 08:55:13,21723,2021-10-16 08:55:12,Live Stream 15.10.2021 Proteste in Berlin gegen Räumung des Wohnwagencamps Berichterstattung ( ge ... — SchwarzRotGold TV URL 49:43 Raus auf die Straßen USER 👉 Übersicht / Overview 👈,de
4015,Demotermine1250288610282142021-11-26 01:06:50,28214,2021-11-26 01:06:05,". Samstag , 27.11.21 , 19 Uhr , Bismarckplatz , an der Bismarckbüste Rede und Demonstrationszug an den Institutionen vorbei Abschlussrede wieder an der Bismarckbüste Web : URL Infokanal : URL Chat : URL # BW # Sa2711 # Heidelberg Raus auf die Straßen USER 👉 Übersicht / Overview 👈",de
9360,Demotermine1250288610158832021-08-29 10:04:16,15883,2021-08-29 10:04:44,🇩 🇪 Demo-Berlin : Das Regierungsviertel gleicht einem Hochsicherheitstrakt . # b2908 Raus auf die Straßen USER,de
23176,Demotermine125028861060462021-02-07 18:18:34,6046,2021-02-07 18:17:46,"Snowbord am Abschleppseil - Der Flachlandspaß im Winter , wenn schon mal Schnee liegt + + + Morgen , am 8.2. ist in Halle wieder Montagsdemo , ab 19 Uhr Markt . Aktuelle Infos immer auf Telegram : URL USER 08022021 Bilder und Videos hochladen USER - Termine in Textform USER Fahren oder Mitfahren USER - Übernachten ? USER USER - USER - USER",de
19519,Demotermine125028861048462021-01-01 07:07:34,4846,2021-01-01 06:46:46,"Übersicht Neujahr , 01.01.2021 Terminkalender URL Unsere Infos Hamm URL Innsbruck URL Kernen bei Stuttgart - Kundgebung URL - Aufzug URL Linz URL Schwäbisch Gmünd URL Corona-Reset Virus-Krankenwagen Kernen Termin mitteilen USER Lasst euch nicht unterkriegen ! WILLKOMMEN IM NEUEN JAHR USER",de
9690,Demotermine1250288610139282021-08-08 03:28:14,13928,2021-08-08 00:34:52,Das neue « Hambi » heißt Garzweiler : Der Tagebau im Rheinischen Revier ist Brennpunkt der Proteste gegen die Kohleverstromung geworden . 👉 🏻 Neuer Beitrag Raus auf die Straße USER,de
11893,Demotermine1250288610120032021-06-30 00:49:33,12003,2021-06-30 00:49:33,""" VERHAFTET BILL GATES ! "" Es versammelten sich eine Menge Menschen vor dem Bill&Melinda Gates Foundation Haupt-Gebäude in London ! Quelle : Google Maps DENKT DRAN - DENKT SELBST 👉 🏼USER Raus auf die Straße USER",de
4796,Demotermine1250288610275282021-11-20 19:16:55,27528,2021-11-20 19:16:44,"Friedliche und gut besuchte Demo heute in Frankfurt in Solidarität für unsere Freunde in Österreich 🇦 🇹 Danke an alle , die dabei waren . Nächste Woche geht es weiter ! Raus auf die Straßen USER 👉 Übersicht / Overview 👈",de
19894,Demotermine12502886104368,4368,2020-12-05 15:04:55,Der Corona-Reset Virus-Krankenwagen steht auf der Demo in Pforzheim URL Hier gibt es neben heißen Getränken auch die Fanartikel USER,de
3291,Demotermine1250288610292852021-12-01 19:27:23,29285,2021-12-01 19:27:20,"☺ ️Verschwörungstheoretiker würden sagen das wäre ein Generalstreik Hast du schon was von Diskriminierungsfreie Welt gehört , wenn nein , dann bitte hier entlang URL Raus auf die Straßen USER 👉 Übersicht / Overview 👈",de
2187,Demotermine1250288610311132021-12-10 16:10:23,31113,2021-12-10 16:10:20,"Geimpft oder Nicht - für den Zusammenhalt ein Licht ! ( Korbach , 05.12.2021 ) — Weiterdenken-Marburg WDMR URL 0:23 Raus auf die Straßen USER 👉 Übersicht / Overview 👈",de
5292,Demotermine1250288610220052021-10-18 02:19:59,22005,2021-10-18 02:19:59,"Viele US-Piloten gehen in den Streik . Dieses Video hat bereits 2,2 Millionen Aufrufe auf Twitter : URL Raus auf die Straßen USER 👉 Übersicht / Overview 👈",de
8855,Demotermine1250288610166482021-08-31 03:08:51,16648,2021-08-31 02:50:27,"Berlin Nettelbeckplatz , 28 08 2021 Doris erinnert sich an ein totalitäres System ... USER Captain Future URL USER USER Raus auf die Straßen USER",de
13414,Demotermine125028861099702021-05-05 05:19:07,9970,2021-05-05 05:18:20,"Ansbach ☝ ️ ☝ ️ ☝ ️ ☝ ️ ☝ ️ ☝ ️ ☝ ️ ☝ ️ ☝ ️ ☝ ️ ☝ ️ ☝ ️ Bitte denkt daran , zahlreich zu erscheinen ! 🙏 🙏 🙏 Wir wollen für unsere Kinder ein Zeichen setzen und die 100 er Marke ( teilnehmende Autos ) knacken ! 💪 💪 💪 🚗 🚕 🚗 🚕 🚗 🚕 🚗 🚕 🚗 🚕 🚗 🚕 🚗 🚕 🚗 🚕 🚗 🚕 🚗 🚕 🚗 🚕 🚗 🚕 🚗 🚕 🚗 🚕 🚗 🚕 🚗 🚕 🚗 🚕 🚗 🚕 🚗 🚕 🚗 🚕 🚗 🚕 🚗 🚕 🚗 🚕 🚗 😊 😊 😊 USER 08052021 Raus auf die Straße USER",de
15840,Demotermine125028861069512021-03-01 01:55:14,6951,2021-03-01 01:51:09,"Das RKI und seine Menschenversuche im 3. Reich Marcos Rede , 28.02. , Ottersweier . USER USER USER Darum USER",de
17759,Demotermine1250288610240862021-10-30 13:00:45,24086,2021-10-30 13:00:23,"Auch Erfurt geht wieder Spazieren ! 01.11.2021 19Uhr Rathaus / Fischmarkt ! Frieden , Freiheit , Souveränität ! 🕊 Thüringen , TRAU DICH ! Folgt uns auf Telegram 👇 URL # TH # Mo0111 # Erfurt Raus auf die Straßen USER 👉 Übersicht / Overview 👈",de
21202,Demotermine125028861023722020-08-11 10:27:59,2372,2020-08-11 10:25:32,"Heute Dienstag , 11. August 2020 91301 Forchheim 18:00 Uhr Paradeplatz Kundgebung Mit der Suche lässt sich in diesem Kanal jede Demo ganz einfach finden URL Demo eintragen URL Für diesen Kanal USER Bilder und Videos hochladen USER - USER Fahren oder Mitfahren USER - Übernachten ? USER USER",de
15154,Demotermine125028861078422021-03-19 11:01:29,7842,2021-03-19 11:00:16,Zwickau Platz der Völkerfreundschaft Der Sonnabend kommt und damit wieder Zeit für eine Aktion 👍 USER 20032021 Raus auf die Straße USER,de
18750,Demotermine1250288610224252021-10-20 05:18:31,22425,2021-10-20 05:18:59,Spaß muss sein . Das Leben ist zur Zeit schwierig genug . Raus auf die Straßen USER 👉 Übersicht / Overview 👈,de
11632,Demotermine1250288610123162021-07-11 12:32:11,12316,2021-07-11 12:32:05,Corona-Demo Berlin I So war es wirklich # b0108 - 01.08.2020 👉 🏻 Neuer Beitrag Raus auf die Straße USER,de
5051,Demotermine1250288610224002021-10-20 04:13:59,22400,2021-10-20 04:14:00,"Dr. Mona Aranea Am 16.10.2021 in DÜSSELDORF CORNELIUSPLATZ FRIEDEN , FREIHEIT , SELBSTBESTIMMUNG Raus auf die Straßen USER 👉 Übersicht / Overview 👈",de
5430,Demotermine1250288610216182021-10-15 10:46:09,21618,2021-10-15 10:46:03,Manifestazione No Green Pass a Cagliari - 15 Ottobre 2021 ore 12:30 Raus auf die Straßen USER 👉 Übersicht / Overview 👈,de
4623,Demotermine1250288610278062021-11-22 10:05:22,27806,2021-11-22 10:05:19,""" Zürich 20.11.2021 - Résumé ohne Tee "" — Sabine Seibold URL 1:16:59 Raus auf die Straßen USER 👉 Übersicht / Overview 👈",de
22871,Demotermine125028861064082021-02-16 13:27:24,6408,2021-02-16 13:24:51,Virus Fastnacht - Corona Fasching - Mutanten Karneval Raus auf die Straße und nachsehen . Kreativität USER,de
17797,Demotermine1250288610139422021-08-08 07:01:07,13942,2021-08-08 07:01:07,Darf großflächig geteilt werden 🤔 Friedensbrüder USER USER USER USER USER USER USER Instagram : eva_rosen_freiheit Über eine Schenkung für meine Arbeit würde ich mich sehr freuen . 🕊 🕊 🕊 🕊 🕊 🕊 🕊 🕊 URL ( Falls der Link nicht funktioniert bitte bei Paypal eingeben evaUSER Raus auf die Straße USER,de
21851,Demotermine125028861018122020-07-01 00:44:58,1812,2020-07-01 00:31:04,Heilbronn Mittwoch 01.07.2020 17:00 bis 19:00 Uhr Stadtpark 74172 Neckarsulm URL Weitere Infos : URL USER ◇ Demotermine ○ WiderstandAktiv ● Infokanal USER - Bilder und Videos hochladen USER - Diskussion USER Fahren oder Mitfahren USER - Übernachten ? USER,de
15142,Demotermine125028861078642021-03-20 00:34:19,7864,2021-03-20 00:34:18,"🚨 Switzerland 🚨 We would like to inform you that both events will take place in Switzerland . Bern and Liestal are planning a protest . You can find more information at URL And : URL 🚨 Schweiz 🚨 Wir möchten euch darüber informieren , dass beide Veranstaltungen in der Schweiz stattfinden werden . Sowohl in Bern als auch in Liestal . Weitere Infos unter : URL Und : URL Raus auf die Straße USER",de
5618,Demotermine1250288610214562021-10-14 23:44:19,21456,2021-10-14 23:45:13,Das Leben im Kurzzug ! — Papst Alwin / alwinproduction URL 0:22 Raus auf die Straßen USER 👉 Übersicht / Overview 👈,de
13645,Demotermine125028861096552021-04-29 08:29:43,9655,2021-04-29 06:25:55,📆 HANNOVER - VON MENSCHEN FÜR MENSCHEN 👉 🏻 mehr Infos dazu # Termin # QuerDenken ! Hannover USER 01052021 Raus auf die Straße USER,de
5265,Demotermine1250288610220502021-10-18 03:54:56,22050,2021-10-18 03:55:11,"Eine solche Kirche hat jegliche Daseinsberechtigung verloren . Wer diesen „ Verein “ noch Steuern zahlt ist selber schuld . In den dreißiger Jahren hat man Juden ausgegrenzt , heute Ungeimpfte . Das kann man nicht vergleichen ? Doch , kann man , man kann es nicht nur , man muss es sogar vergleichen . Raus auf die Straßen USER 👉 Übersicht / Overview 👈",de
4497,Demotermine1250288610280022021-11-23 18:45:37,28002,2021-11-23 18:42:52,In Gedenken an Karl Hilz 🙏 ( Polizeihauptkommissar im Ruhestand ) Wir danken dir für deinen Einsatz für unser aller Grundrechte 🙏 Wir werden dich niemals vergessen ❤ ️ Ruhe in Frieden 🕯 Originaler Kanal von Karl Hilz hier : USER Zum Abschied URL Raus auf die Straßen USER 👉 Übersicht / Overview 👈,de
18271,Demotermine1250288610231842021-10-25 06:37:42,23184,2021-10-25 06:37:10,"Nachdem erfolgreichen Spaziergang in der letzten Woche , geht # Dülmen auch heute am 25.Oktober wieder auf die Straße 💪 🏻 ✅ Setzen wir er erneut ein starkes Zeichen und machen deutlich klar : WIR SIND DAS VOLK 🇩 🇪 Wir sehen uns alle um 19 Uhr am Löwendenkmal ( Marktstraße ) in # Dülmen 📢 USER # NW # Mo2510 Raus auf die Straßen USER 👉 Übersicht / Overview 👈",de
5624,Demotermine1250288610214442021-10-14 22:56:59,21444,2021-10-14 22:56:51,"Australien ! ! Fussballspiel gesehen , und 10 Monate ins Gefaengnis ! Warum Leute verhaftet werden . URL Raus auf die Straßen USER 👉 Übersicht / Overview 👈",de
20237,Demotermine12502886103930,3930,2020-11-18 10:18:13,"ERSTE FESTNAHMEN ( Etwa 9:30 Uhr zwischen Brandenburger Tor und Siegessäule ) USER USER hat meistens Strafanzeigen , Bußgelder , Verletzungen und Vermögensschäden zur Folge . Bild- und Videobeweise daher sofort einsenden USER",de
11810,Demotermine1250288610121002021-07-02 23:01:46,12100,2021-07-02 23:00:27,Wertingen Die Meldung kommt spät . aber nun kommt sie ! Kommt alle! ❤ ️ USER 03072021 Raus auf die Straße USER,de
3116,Demotermine1250288610296432021-12-03 08:33:10,29643,2021-12-03 08:32:36,"i DIE FREIEN MECKLENBURGER HIGH NOON IN SCHWERIN ! ! ! FREITAG 3.12. , 12.00 UHR LANDTAGS-SONDERSITZUNG IN SCHWERIN ! ! ! ALLES WAS NOCH BEINE HAT AUF NACH SCHWERIN ! ! ! ES GEHT UM UNSERE FREIHEIT UNSER LEBEN UND DAS UNSERER KINDER ! ! ! WIR FREIEN MECKLENBURGER WEHREN UNS GEGEN IMPF-ZWANG UND TYRANNEI ! ! ! # MV # Fr0312 # Schwerin Raus auf die Straßen USER 👉 Übersicht / Overview 👈",de
4140,Demotermine1250288610144122021-08-17 21:10:06,14412,2021-08-17 21:10:05,"16 08 2021 ( München ) Dr. Langhans "" Welches Menschenbild stellen wir dem Global-Terrorismus gegenüber ? "" - Wie kann man prägnant ein realitätsgetreues Menschenbild auf den Punkt bringen ? - Worin unterscheiden sich ( rechte wie linke ) Demokraten von den Genozidisten ? - Macht es Sinn , eine übernatürliche Instanz für wahr zu halten ? URL Raus auf die Straße USER",de
4134,Demotermine1250288610159282021-08-29 10:42:01,15928,2021-08-29 10:42:53,"+ + + Junge Berliner Demokratin rief soeben : "" Kinderschändermasken ab oder von der Rübe kloppen ! "" + + + # b2908 Raus auf die Straßen USER",de
13852,Demotermine125028861094032021-04-23 12:25:01,9403,2021-04-23 12:24:52,"Terminübersicht Freitag , 23.4.2021 Terminkalender 📆 URL Termine suchen 🔍 Einfach Stadt , Bundesland- Chatgruppe oder Datum heute 23042021 in das Suchfeld eingeben . Termin kommentieren 🖋 Bei Text muss das Wort "" Demo "" enthalten sein Termin mitteilen 📧 USER Raus auf die Straße USER",de
7486,Demotermine1250288610187622021-09-21 09:30:00,18762,2021-09-21 09:30:13,Montagskundgebung 20 09 2021 mit Video — Lebensfreunde Kaufbeuren URL 6:55 Raus auf die Straßen USER,de
14958,Demotermine125028861081132021-03-24 22:21:46,8113,2021-03-24 22:19:06,ES REICHT ---A U T O K O R S O--- 28.03.2021 SACHSEN Details URL Raus auf die Straße USER,de
8300,Demotermine1250288610174832021-09-08 16:44:43,17483,2021-09-08 16:45:09,12 junge Sieger beim NTD-Wettbewerb für klassischen chinesischen Tanz — Epoch Times Nachrichten URL 3:30 Raus auf die Straßen USER,de
1215,Demotermine1250288610323112021-12-18 17:22:54,32311,2021-12-18 17:22:51,18.12.2021 Frankfurt Live aus dem Kessel 😅 URL Für mehr Berichte folgen auf ... USER Raus auf die Straßen USER 👉 Übersicht / Overview 👈,de
2024,Demotermine1250288610313192021-12-12 03:20:11,31319,2021-12-12 03:20:08,Demo Frankfurt 11 12 21 — Marius Dörfler URL 39:45 Raus auf die Straßen USER 👉 Übersicht / Overview 👈,de
4001,Demotermine1250288610282332021-11-26 01:51:16,28233,2021-11-26 01:51:13,Nicht nur Wir Für Euch sondern viele andere sind auch für Euch ! 🚔 🤝 🌍 ❤ ️ 🇨 🇭 USER 🌐 gemeinsam-schweiz.ch Raus auf die Straßen USER 👉 Übersicht / Overview 👈,de
9186,Demotermine1250288610161502021-08-29 12:43:07,16150,2021-08-29 12:42:04,Evolution des dt . Protests gegen die Corona-Drangsalierungen der Bundesregierung u.der Länderregierungen Bild : BERLIN / 01.08.2021 👉 🏼 Aufzug wartet auf Startgenehmigung durch die Berliner Polizeibehörde BERLIN / 29.08.2021 👉 🏼 Aufzug nach Kasseler Art USER Raus auf die Straßen USER,de
1095,Demotermine1250288610324822021-12-19 07:09:06,32482,2021-12-19 07:09:03,Diesen Aufkleber sieht man jetzt immer öfter ! Auch in Ihrer Nachbarschaft ? Hier bestellen . Raus auf die Straßen USER 👉 Übersicht / Overview 👈,de
10703,Demotermine1250288610136772021-08-03 12:40:20,13677,2021-08-03 12:40:19,"# be182021 Partystop "" Olympiastadion-Trek "" am U-Bahnhof Gleisdreick ( Berlin Schöneberg 17.00Uhr ) — Osnabrücker Sommer der Aufklärung URL 6:35 Raus auf die Straße USER",de
23725,Demotermine125028861013436,13436,2021-08-01 13:17:44,⚠ ️ ⚠ ️ FÜR ALLE DEMOKRATEN ⚠ ️ ⚠ ️ Die Menschen laufen von der Kleiststraße nach links auf die Potsdamer Str. und dann weiter die Leipziger Str. 👍 💪 Die Menschen wollen anscheinend Richtung Alexanderplatz laufen ! ! ️ 💛 💛 💛 💛 💛 💛 💛 💛 💛 💛 💛,de
9382,Demotermine1250288610158422021-08-29 09:18:14,15842,2021-08-29 09:18:26,"Tagesschau vom 28.8.2021 verschweigt Corona-Proteste in Berlin . Dafür aber angeblich "" Demonstrationen in mehreren deutschen Städten für Luftbrücke nach Afghanistan "" wichtig . URL , URL Bild-Quelle Berlin-Demos : Telegram "" M F "" Raus auf die Straßen USER",de
9491,Demotermine1250288610154672021-08-28 15:42:21,15467,2021-08-28 15:39:33,+ + + Achtung POTSDAMER PLATZ : Nach dem kurzen Auftritt des RBB-Propagandisten Olaf Sundermayer schicken Geisel und Slowik nun weitere primitive Typen mit Polizeiaufdruck auf den Potsdamer Platz . Möglicherweise will das Terrorregime bald räumen . + + + Raus auf die Straßen USER,de
5372,Demotermine1250288610218882021-10-17 07:13:09,21888,2021-10-17 07:12:47,Bis Sonntag zum gemeinsam miteinander und ganz und gar selbstständigen Selberdenken ! # NW # So1710 # Köln Raus auf die Straßen USER 👉 Übersicht / Overview 👈,de
5577,Demotermine1250288610215322021-10-15 03:19:52,21532,2021-10-15 03:19:02,Termine für das 🎙 Offene Mikrofon 🎙 im Raum Augsburg in dieser Woche : 👉 Samstag 16.10. 13:00 - 15:00 Augsburg Königsplatz 👉 Sonntag 17.10 16:00 - 18:30 Augsburg Wittelsbacher Park ( Wiese in der Nähe vom Parkplatz Erhard Wunderlich Sporthalle ) # BY # Sa1610 # So1710 # Augsburg Raus auf die Straßen USER 👉 Übersicht / Overview 👈,de
1055,Demotermine1250288610287562021-11-28 15:52:15,28756,2021-11-28 15:52:12,"München , 28.11.2021 zu Ehren Karl Hilz Ohne FFP2 Maske hätte der Trauerzug nicht starten dürfen Etwas mussten "" sie "" sich ja einfallen lassen ! Raus auf die Straßen USER 👉 Übersicht / Overview 👈",de
14461,Demotermine125028861084282021-03-31 01:59:13,8428,2021-03-31 01:57:29,Einladung zur 40. Kundgebung am Ostersamstag 2021 in Bayreuth Flugblatt URL USER 03042021 Raus auf die Straße USER,de
8844,Demotermine1250288610166622021-08-31 10:50:39,16662,2021-08-31 10:51:17,Das 🇩 🇪 Volk begrüsst Merkel in Stralsund ! 👌 🏻 🤣 🤣 🤣 Kostenlos abonnieren ! 🇨 🇭 USER Raus auf die Straßen USER,de
5434,Demotermine1250288610217502021-10-16 14:14:43,21750,2021-10-16 14:11:14,"Gegen Zwangsprostitution und Menschenhandel Für die Nazi-Presse : Jeder , der gegen Zwang auf die Straße geht , ist ein Querdenker ! Raus auf die Straßen USER 👉 Übersicht / Overview 👈",de
15822,Demotermine125028861069722021-03-01 12:36:01,6972,2021-03-01 12:34:22,36. Kundgebung in Bayreuth am 6. März 2021 auf dem Parkplatz beim Volksfestplatz auf Höhe der SB-Tankstelle ( Friedrich-Ebert-Straße 84 ) um 14 Uhr URL USER 06032021 Bilder und Videos hochladen USER - Termine in Textform USER Fahren oder Mitfahren USER - Übernachten ? USER USER - USER - USER,de
16206,Demotermine125028861055172021-01-28 17:13:32,5517,2021-01-26 20:49:43,"! ! Großkundgebung 31.01.2021 Pfarrkirchen Stadtplatz ! ! Kommt zahlreich , bringt Töpfe , Pfannen , Trommeln und Kochlöffel mit um den Protest lautstark auf die Straße zu bringen . ! ! WEITERLEITEN ! ! Achtung : Versammlungsplatz geändert URL USER 31012021 Bilder und Videos hochladen USER - Termine in Textform USER Fahren oder Mitfahren USER - Übernachten ? USER USER - USER - USER",de
21916,Demotermine125028861017062020-06-26 11:40:19,1706,2020-06-26 11:40:05,"Freiburg "" Die Masken sind gefallen "" Samstag 27.06.2020 17 Uhr Platz der alten Synagoge USER URL USER - Bilder und Videos hochladen USER - Diskussion USER Fahren oder Mitfahren USER - Übernachten ? USER",de
15844,Demotermine125028861069392021-02-28 23:58:37,6939,2021-02-28 23:56:49,Luzern Solidarität mit Dr. Heisler Schwanenplatz-Seebrücke Bahnhofstraße Regierungsgebäude USER 01032021 Bilder und Videos hochladen USER - Termine in Textform USER Fahren oder Mitfahren USER - Übernachten ? USER USER - USER - USER,de
13081,Demotermine1250288610105222021-05-14 12:06:44,10522,2021-05-14 11:56:06,"Montag , 17.05. von 18 - 20 Uhr in Kirchzarten ! Offenes Mikro , Infos , Musik ! USER 17052021 Raus auf die Straße USER",de
23565,Demotermine1250288610164022021-08-29 15:28:04,16402,2021-08-29 15:28:43,"Bitte passt beim Alex besonders gut auf , solltet ihr dort hingehen , da hier häufig eingekesselt wird und die Polizei guten Zugang und Absperrmöglichkeiten hat . Raus auf die Straßen USER",de
6760,Demotermine1250288610198782021-09-30 01:46:10,19878,2021-09-30 01:44:53,Pontypridd # GB # Sun0310 # Sun1010 # Sun1010 # Sun2410 # Sun3110 Raus auf die Straßen USER 👉 Übersicht / Overview 👈,de
159,Demotermine1250288610282172021-11-26 01:11:19,28217,2021-11-26 01:10:56,"Holt euch den Demokratie-Booster in Form von Redebeiträgen von Experten , in der Gemeinschaft der außerparlamentarischen Opposition und in Form eines Buttons auf der nächsten Demo der OGK am Samstag , den 27.11.2021 um 14:00 Uhr auf dem Kronenplatz in Karlsruhe . # BW # Sa2711 # Karlsruhe Raus auf die Straßen USER 👉 Übersicht / Overview 👈",de
2575,Demotermine1250288610304592021-12-06 22:15:47,30459,2021-12-06 22:15:22,💚 Montagsspaziergang in Bad Lobenstein In Bad Lobenstein waren es ca. 180 Menschen die spazieren gingen . Sie bekamen polizeilichen Geleitschutz und da fühlten sie sich gleich rund um sicher und gut betreut . Folgt uns : URL Raus auf die Straßen USER 👉 Übersicht / Overview 👈,de
2481,Demotermine1250288610306212021-12-07 22:10:09,30621,2021-12-07 22:10:06,Belgium : Health workers march against COVID vaccine mandate - 07.12.2021 — demonstration_live URL 1:01 Raus auf die Straßen USER 👉 Übersicht / Overview 👈,de
385,Demotermine1250288610160102021-08-29 11:35:50,16010,2021-08-29 11:35:54,+ + + JETZT Größter Demozug Landsberger Allee Ecke Storkower Straße . Pankow schließt sich an ! + + + # b2908 Raus auf die Straßen USER,de
13577,Demotermine125028861096222021-04-28 07:12:28,9622,2021-04-28 05:01:32,🗓 : Lichterprotest – Klagenfurt URL # Termin USER 03052021 - 10052021 - 17052021 - 24052021 - 31052021 Raus auf die Straße USER,de
7778,Demotermine1250288610182782021-09-18 11:26:10,18278,2021-09-18 11:26:52,"Niederlande : Bei der Pressekonferenz des Ministerpräsidenten Mark Rutte und Corona-Ministers Hugo de Jonge regte sich massiver Widerstand aus der Bevölkerung . Die Bürger lassen es sich nicht mehr gefallen , wegen eines Grippevirus mit 99,99 % iger Überlebenschance ihre Rechte aberkannt zu bekommen . Kostenlos abonnieren : URL Raus auf die Straßen USER",de
16579,Demotermine1250288610261732021-11-11 20:20:31,26173,2021-11-11 20:20:28,ERFURTER SCHILDERPROTEST am 11.11.2021 vor dem Rathaus und der Staatskanzlei — DER THÜRINGER 2.0 URL 6:11 Raus auf die Straßen USER 👉 Übersicht / Overview 👈,de
14424,Demotermine125028861087122021-04-06 20:54:54,8712,2021-04-06 20:51:14,Bad Friedrichshall am Rathaus USER 07042021 - 08042021 - 09042021 🇳 🇪 🇺 🇩 🇦 🇧 🇪 🇮 Raus auf die Straße USER,de
13381,Demotermine1250288610100052021-05-05 07:55:53,10005,2021-05-05 07:54:47,"⬆ ️ Interview bei Radio Weser TV Holger , der die Gruppe Freiheitsboten VER / ROW gegründet hat und mein Mann Marcus hatten heute die Chance eines "" Interviews "" bei Radio Weser TV . Lasst uns versuchen , dieses Interview möglichst weit zu verbreiten , auch außerhalb der telegram-Gruppen . USER Raus auf die Straße USER",de
16670,Demotermine1250288610259352021-11-10 10:39:30,25935,2021-11-10 10:30:02,Stuttgarter Demo # Pinnwand Schilder-Aktion URL Schilderlauf URL Genug ist genug URL Mahnwache URL Schilderaktion - Hallo aufwachen URL Schilderaktion - Aufzug mit Töpfeschlagen URL Für unsere italienischen Freunde URL Raus auf die Straßen USER 👉 Übersicht / Overview 👈,de
6801,Demotermine1250288610198002021-09-29 03:38:34,19800,2021-09-29 03:39:16,Corona-Protest : „ Querdenker“-Partei Die Basis erhält nun Staatsgelder URL Raus auf die Straßen USER 👉 Übersicht / Overview 👈,de
13015,Demotermine125028861097752021-05-01 00:34:56,9775,2021-05-01 00:34:51,"Die Gewerkschaft der Polizei ( GdP ) blickt mit Sorge auf die Großeinsätze bei den Demonstrationen zum "" Tag der Arbeit "" am 1. 👉 🏻 Neuer Beitrag Raus auf die Straße USER",de
9771,Demotermine1250288610150422021-08-27 16:06:51,15042,2021-08-27 16:01:42,Autokorso Berlin Startaufstellung Standort URL USER Bannerbestellung USER Raus auf die Straßen USER,de
4818,Demotermine1250288610274982021-11-20 18:13:08,27498,2021-11-20 18:13:05,🇦 🇹 Demo Wien : Die Hofburg ist Sitz des Bundespräsidenten . Raus auf die Straßen USER 👉 Übersicht / Overview 👈,de
16358,Demotermine1250288610265622021-11-14 00:23:47,26562,2021-11-14 00:23:43,"BUCHS SG : Die seltenen Momente , wo man auf die Schweizer noch stolz sein kann . 💚 💚 💚 USER Raus auf die Straßen USER 👉 Übersicht / Overview 👈",de
5131,Demotermine1250288610222572021-10-19 13:05:23,22257,2021-10-19 13:05:44,"Richterbund : Immer mehr Gesetzte , aber keine wirksame Durchsetzung des Rechts — Epoch Times Nachrichten URL 2:52 Raus auf die Straßen USER 👉 Übersicht / Overview 👈",de
16840,Demotermine1250288610256872021-11-07 13:46:38,25687,2021-11-07 13:45:09,Friede Freiheit Demokratie Wegen Abschaffung unserer Grundrechte Jeden Donnerstag ab 18.30 Uhr Bockenheimer Landstraße Eingang Richtung Zeppelinallee # HE # Do1111 # Do1811 # Do2511 # Frankfurt Raus auf die Straßen USER 👉 Übersicht / Overview 👈,de
5126,Demotermine1250288610222662021-10-19 17:13:57,22266,2021-10-19 17:11:57,"In einem Bekennertext wurde explizit Bezug auf ein Urteile des Landgerichts Stuttgart gegen zwei Linke genommen . [ ZVW Plus ] Media Farb-Attacke auf Amtsgericht # Waiblingen : Antifa wollte "" Wut ausdrücken "" - Waiblingen - Zeitungsverlag Waiblingen ( Feed generated with FetchRSS ) via Zeitungsverlag Waiblingen on Facebook URL USER Bilder URL USER Raus auf die Straßen USER 👉 Übersicht / Overview 👈",de
22656,Demotermine1250288610228912021-10-24 04:23:09,22891,2021-10-24 04:24:18,"Ich glaube , dass wir jetzt eine Chance bekommen haben und weiß nicht ob wir jemals wieder eine bekommen werden . 👉 Paolo Simone Chat-Kanal 👉 Paolo Simone Chat-Gruppe 👉 Endlichfrei Kanal- Power mit Kommerzrechtwissen 👉 Link zur Gruppe Ich bremse fürs Klima Für Gratis-Schulungsportal hier anfordern . endlichfrei.problemUSER Raus auf die Straßen USER 👉 Übersicht / Overview 👈",de
13935,Demotermine125028861092412021-04-19 03:50:39,9241,2021-04-19 03:49:39,"+ + + Landkreis Wittenberg + + + vor dem Rathaus Gräfenhainichen 👬 Kinder- und Elternprotest am Samstag , den 17. April 2021 # Maskenwahn # Testzwang # Schulausschluss USER Raus auf die Straße USER",de
10835,Demotermine1250288610134512021-08-01 13:52:10,13451,2021-08-01 13:51:30,"URL Polizei sperrt momentan alle Übergänge über den Landwehrkanal , offenbar um zu verhindern , dass Menschen von Süden nach Norden über diesen kommen können . USER Raus auf die Straße USER",de
11473,Demotermine1250288610125152021-07-17 11:56:58,12515,2021-07-17 11:56:16,"Und auch heute , Samstag , 17.7. , meditieren wir wieder für Frieden , Freiheit , Selbstbestimmung und Wahrheit in der Fußgängerzone am Obstmarkt in Kaufbeuren . Beginn ist wie immer um 15.30 Uhr . Wir freuen uns auf Euch ! ❤ ️ USER 17072021 Raus auf die Straße USER",de
1479,Demotermine1250288610319952021-12-16 21:36:35,31995,2021-12-16 21:36:32,"💯 💯 💯 Wer ist das der da spricht ? Interessiert euch das ? Nein wir sehen uns auf der Straße 🥰 ❓ ❓ ❓ 12,2 Millionen SPD Wähler und mindestens 15 Millionen Ungeimpfte 😂 Ihr 🔻 wollt mehr 🔻 erfahren ❓ LK News 🔻 🔻 🔻 🇩 🇪 URL 🇩 🇪 LK News 🔺 🔺 🔺 Raus auf die Straßen USER 👉 Übersicht / Overview 👈",de
15136,Demotermine125028861079022021-03-20 03:58:05,7902,2021-03-20 03:57:56,"❗ ️ ❗ ️ZUR KOMMENTARFUNKTION ❗ ️ ❗ ️ Keywords , die in den Kommentaren enthalten sein müssen : USER / demotermine / demotermin / termin / termine / demos oder einfach nur "" demo "" Termin finden URL Termin mitteilen USER Link für Menschen ohne Telegram , für Facebook , Twitter , XING , LinkedIn , WhatsApp , Viber , Signal , SMS , Email , etc. zum Posten und Kommentieren URL Raus auf die Straße USER",de
17241,Demotermine1250288610220042021-10-18 02:19:03,22004,2021-10-18 02:19:29,""" ES WIRD ZEIT ... - FREIHEITSKUNDGEBUNG in Salzburg am 16. Oktober 2021 - Impressionen "" URL Raus auf die Straßen USER 👉 Übersicht / Overview 👈",de
16265,Demotermine1250288610268062021-11-15 11:42:15,26806,2021-11-15 11:42:12,Heute LIVE bei DLIVE.TV / Boschimo Bernie aus Australien Alles Down - Under oder Upside Down Im Dialog : Bernie und Bodo Irgendwann zwischen 12 und 14:00 Uhr Stay Tuned Raus auf die Straßen USER 👉 Übersicht / Overview 👈,de
7327,Demotermine1250288610189852021-09-23 20:20:08,18985,2021-09-23 20:20:12,"Gewerkschaft : Polizei in Frankreich unter Druck gesetzt , sich impfen zu lassen — Epoch Times Nachrichten URL 2:41 Raus auf die Straßen USER",de
4784,Demotermine1250288610275472021-11-20 19:58:24,27547,2021-11-20 19:57:40,20.11.2021 Wien - Schweige Minute für Karl Hilz Nachruf URL Raus auf die Straßen USER 👉 Übersicht / Overview 👈,de
17884,Demotermine1250288610238492021-10-29 05:21:57,23849,2021-10-29 05:21:29,Aufklärungsarbeit in Tegel . Wer ist dabei ? # BLN # Sa3010 # Tegel Raus auf die Straßen USER 👉 Übersicht / Overview 👈,de
11124,Demotermine1250288610130622021-07-28 02:21:03,13062,2021-07-28 02:21:03,"CORONAINFO TOUR 2.0 🚌 DIENSTAG , 27.07.2021 SCHWÄBISCH GMÜND Rede 1 von 4 : DR . BODO SCHIFFMANN 🔬 ( 16'06 "" ) Alle Redebeiträge der BUS-InfoTour 2.0 und noch mehr zum Thema aus nationalen und internationalen Quellen : URL_X 🎞 Raus auf die Straße USER",de
20694,Demotermine125028861033402020-10-23 00:56:17,3340,2020-10-22 23:35:28,"24.10.2020 📢 📢 📢 Warschau , Polen # InternationalMarchForFredom 🇵 🇱 🌍 🇵 🇱 🌎 🇵 🇱 🌏 🇵 🇱 24102020 Bilder und Videos hochladen USER - USER Fahren oder Mitfahren USER - Übernachten ? USER USER - USER - USER",de
4646,Demotermine1250288610277582021-11-21 15:40:14,27758,2021-11-21 15:40:11,Interview mit Jessy Howe & Valentina Velkova -I AM LOVE -Sofortiger Stopp der Corona Massnahmen-Bern — Wissensgeist - Nicole Hammer URL 11:50 Raus auf die Straßen USER 👉 Übersicht / Overview 👈,de
14686,Demotermine125028861084202021-03-30 23:53:40,8420,2021-03-30 23:52:54,"Natürlich auch wieder in Kiel ! 🥳 🥳 🥳 Diesmal bei hoffentlich besserem Wetter , dann werden wir mindestens doppelt so viele . 🍀 ☀ ️ ❤ ️ 🕊 💪 ❗ ️Also haltet euch den 17. April frei , denn : Es reicht ❗ ️ 🔽 🔽 🔽 🔽 🔽 🔽 🔽 🔽 🔽 Abonniert unseren Kanal URL_freiheit_demokratie_kiel 🔼 🔼 🔼 🔼 🔼 🔼 🔼 🔼 🔼 USER 17042021 Raus auf die Straße USER",de
16212,Demotermine1250288610268882021-11-15 23:30:12,26888,2021-11-15 23:30:08,HERMSDORFER MONTAGSSPAZIERGANG - 15.11.2021 mit über 100 friedlichen Menschen — DER THÜRINGER 2.0 URL 4:28 Raus auf die Straßen USER 👉 Übersicht / Overview 👈,de
14383,Demotermine125028861087572021-04-10 07:48:27,8757,2021-04-07 13:05:59,📆 Kundgebung Heilbronn 👉 🏻 mehr Infos dazu # Termin # QuerDenken ! Mehr URL verboten URL Demo findet statt URL Raus auf die Straße USER,de
22158,Demotermine125028861013752020-06-09 16:46:27,1375,2020-06-09 16:45:30,"Corona Demo auf dem Marktplatz in Rothenburg ob der Tauber . Samstag 13. Juni 2020 um 15.30 Uhr Es wird eine Rede , gemeinsames Singen und Live Musik geben . Offiziell angemeldete Demo USER USER - Bilder und Videos hochladen USER - Diskussion USER Fahren oder Mitfahren USER",de
18076,Demotermine1250288610235322021-10-27 05:20:30,23532,2021-10-27 05:19:32,"SAFE - THE - DATES : - # mahnwache , Darmstadt-Luisenplatz , Donnerstag , 28.10.2021 , 15.30 bis 18.30 Uhr - # freedomday , Frankfurt-Günthersburgpark , Samstag , 30.10.2021 , 14.30 bis 19.30 Uhr 🎈 ❤ ️ 🎈 Wir freuen uns auf euch 🎈 ❤ ️ 🎈 # HE # Do2810 # Darmstadt # Sa3010 # Frankfurt Raus auf die Straßen USER 👉 Übersicht / Overview 👈",de
6575,Demotermine1250288610201102021-10-02 12:50:30,20110,2021-10-02 12:49:43,"Die Stuttgarter CoviZEI hat es nun eilig , das schwäbische "" Virusle "" zu suchen Raus auf die Straßen USER 👉 Übersicht / Overview 👈",de
1747,Demotermine1250288610316642021-12-14 12:58:35,31664,2021-12-13 20:24:15,"Heute unser Spaziergang in Reichertshofen ❣ Jeden Montag um 18.00 Uhr am Rathaus Du siehst , Du bist nicht allein . Wir freuen uns auf euch nächsten Montag 😃 85084 # BY # Mo2012 # Reichertshofen Raus auf die Straßen USER 👉 Übersicht / Overview 👈",de
4888,Demotermine1250288610273772021-11-20 14:11:19,27377,2021-11-20 14:11:13,Drum & Pipes for Freedom sorgen für gute Stimmung 🥁 🎶 🥁 ❤ ️ 🎶 🥁 Kanal abonnieren : URL Raus auf die Straßen USER 👉 Übersicht / Overview 👈,de
12154,Demotermine1250288610116512021-06-16 12:04:58,11651,2021-06-16 12:04:28,"Am Sonntag , den 20.06.21 in 74722 Buchen auf dem Musterplatz ab 15 Uhr Wir freuen uns auf Euch ❤ ️ USER 20062021 Raus auf die Straße USER",de
14697,Demotermine1250288610247532021-11-03 04:38:29,24753,2021-11-03 04:38:42,"Schau dir "" Auf der Görlitzer Montagsdemo am 1. 11. 2021 fasste sich Theo ( 12 ) ein Herz und ergriff das Wort . "" auf YouTube an URL Raus auf die Straßen USER 👉 Übersicht / Overview 👈",de
18807,Demotermine125028861057742021-03-08 12:54:57,5774,2021-02-01 08:16:40,"Montags , 19.30 Uhr , 88339 Bad Waldsee , Auf der Hochstatt Veranstalter : Orgateam Bürgerdialog 88339 Bad Waldsee USER USER 01022021 - 08022021 - 15022021 - 22022021 - 08032021 - 15032021 - 22032021 - 29032021 Bilder und Videos hochladen USER - Termine in Textform USER Fahren oder Mitfahren USER - Übernachten ? USER USER - USER - USER",de
17227,Demotermine1250288610250972021-11-04 16:01:45,25097,2021-11-04 16:01:09,"❓ MANIFESTATION 📍 Zürich , Leutschenpark 🗓 Samedi 13.11.2021 ⌚ ️ 14:00 - 18:00 👉 🏼 Itinéraire 👈 🏼 Organisation : Bildung für alle Un partage vaut plus que mille mots , aidez-nous à atteindre 10'000 membres sur ce canal ! Partagez ! ! 🤍 ✊ 🏼 URL # CH # Sa1311 # Zürich Raus auf die Straßen USER 👉 Übersicht / Overview 👈",de
18755,Demotermine1250288610224482021-10-20 12:24:19,22448,2021-10-20 12:25:21,Seehofer zur Migrationslage : „ Eine Schließung der Grenze ist von niemandem beabsichtigt “ — Epoch Times Nachrichten URL 2:34 Raus auf die Straßen USER 👉 Übersicht / Overview 👈,de
3373,Demotermine1250288610291872021-12-01 07:56:45,29187,2021-12-01 07:56:12,Geänderter Treffpunkt 01.12.21 Wolgast # MV # Mi0112 # Wolgast Raus auf die Straßen USER 👉 Übersicht / Overview 👈,de
2981,Demotermine1250288610298492021-12-04 04:15:48,29849,2021-12-04 04:15:42,Schweigemarsch in Gunzenhausen yes danke an alle beteiligten 👍 für das das sich 30 angemeldet hatten und es dann 450 geworden sind ein voller Erfolg yes 💪 Raus auf die Straßen USER 👉 Übersicht / Overview 👈,de
4395,Demotermine1250288610281462021-11-24 18:32:54,28146,2021-11-24 18:27:20,📆 Für unseren italienischen Freunde 👉 🏻 mehr Infos dazu # Termin # BW # Do2511 # Stuttgart Raus auf die Straßen USER 👉 Übersicht / Overview 👈,de
13424,Demotermine125028861099542021-05-05 04:06:25,9954,2021-05-05 04:06:08,"Für alle die bald behaupten werden , dass die # Bundesnotbremse uns alle gerettet hat : Bilder vom # 1Mai in Berlin . Eine angemeldete Demonstration . Vor Ort : 5 Polizisten die genau ein mal in 8 Stunden die Masken kontrolliert haben . # Bundesnotlüge # DankeVolkerBruch # allesdichtmachen USER Raus auf die Straße USER",de
7966,Demotermine1250288610179842021-09-15 18:12:37,17984,2021-09-15 18:12:51,"Gesunde Menschen , gegen ihren Willen einsperren und dann noch die Lohnfortzahlung beenden . Wir müssen uns dagegen wehren ! URL Raus auf die Straßen USER",de
252,Demotermine1250288610259932021-11-10 22:30:42,25993,2021-11-10 22:30:39,Karma 🤔 Aber natürlich wünschen wir der Präsidentin von Berlins Schlägertruppen gute Besserung . 🤪 Raus auf die Straßen USER 👉 Übersicht / Overview 👈,de
5323,Demotermine1250288610219572021-10-17 23:14:06,21957,2021-10-17 23:15:15,"Der Landrat , Oberbürgermeister und Bürgermeister aus Schwäbisch Hall bekommen ihr Fett weg . — RS InfoNews URL 7:50 Raus auf die Straßen USER 👉 Übersicht / Overview 👈",de
13555,Demotermine125028861097682021-04-30 15:37:44,9768,2021-04-30 15:35:52,📆 PREMIERE - 1. Autokorso in Lörrach 👉 🏻 mehr Infos dazu # Termin # QuerDenken ! Mehr URL Raus auf die Straße USER,de
483,Demotermine125028861026922020-09-03 22:13:35,2692,2020-09-03 22:13:35,"Moin Liebe Assange Unterstützer in Hamburg und Umgebung ! Wie schon früher angedeutet und besprochen werden wir am : Samstag 5. September 14:30 am Gänsemarkt Eine Kundgebung und Demonstration für Julian Assange und seine Freiheit veranstalten . Hier das Event . Bitte teilen , teilen , teilen ! 😃 USER Bilder und Videos hochladen USER - USER Fahren oder Mitfahren USER - Übernachten ? USER USER",de
10993,Demotermine1250288610132582021-07-31 10:21:47,13258,2021-07-31 10:21:46,Heute ! 31.07. Ab in die Autos und schließt Euch den Autokorsos an ! 🚙 🚗 🚙 🚗 Raus auf die Straße USER,de
10680,Demotermine1250288610137072021-08-04 00:19:19,13707,2021-08-04 00:19:18,Ein Bild sagt mehr als tausend Worte ❤ ️ Mehr zu Querdenken-711 STUTTGART - Peertube : URL | Web : URL | Twitter : URL | Telegram : USER Raus auf die Straße USER,de
13465,Demotermine125028861098702021-05-04 01:21:42,9870,2021-05-04 01:19:55,🌷 Alles neu macht der Mai ! 🌷 Ab dem kommenden Donnerstag ( 6.5. ) startet unsere LAUTE 🎺 🥁 📣 Demo um 19 Uhr auf dem Gosch-Parkplatz an der Kiellinie . Die Straße heißt Bernhard-Harms-Weg . URL 🔽 🔽 🔽 🔽 🔽 🔽 🔽 🔽 🔽 🔽 Abonniert unseren Kanal URL_freiheit_demokratie_kiel 🔼 🔼 🔼 🔼 🔼 🔼 🔼 🔼 🔼 🔼 USER 06052021 Raus auf die Straße USER,de
17621,Demotermine1250288610243752021-10-31 09:39:09,24375,2021-10-31 09:40:16,7-Tage-Inzidenz Bund . & MÜ und weitere 2021 - 10 - 31 Ankündigung — 4466hp URL 1:57 Raus auf die Straßen USER 👉 Übersicht / Overview 👈,de
18725,Demotermine1250288610224872021-10-20 22:56:19,22487,2021-10-20 22:48:04,2020 und 21 aka Andreas Hofer - Die Welt steht in Flammen Raus auf die Straßen USER 👉 Übersicht / Overview 👈,de
23847,Demotermine1250288610319842021-12-16 16:28:38,31984,2021-12-16 16:25:08,"2 Millionen Zugriffe auf Twitter in einer Woche ( Teil 2 : Irmgard , die Hauptdarstellerin ) — Markus Huck B.P. in spe URL 11:28 Göppingen Zum Video URL Raus auf die Straßen USER 👉 Übersicht / Overview 👈",de
10216,Demotermine1250288610143662021-08-17 10:59:01,14366,2021-08-17 09:22:38,"Polizei sieht "" Wald "" vor lauter nicht vorhandener Bäume nicht . Drachenberg in Berlin , 15.8.2021 URL URL Raus auf die Straße USER",de
8325,Demotermine1250288610155702021-08-28 16:55:11,15570,2021-08-28 16:55:42,🇩 🇪 Demo-Berlin Immer mehr erkennen langsam die Hetze Öffentlich-Rechtlichen und lassen es den Mainstream-Journalisten spüren . Nicht umsonst lässt sich Sundermeyer nur mit seinen Bodyguards blicken . Raus auf die Straßen USER,de
7972,Demotermine1250288610175182021-09-09 09:40:14,17518,2021-09-09 09:40:21,"Gelebte Apartheid am Arbeitsplatz in Halle . Voller Artikel : URL Universitätsklinikum Halle ( Saale ) Ernst-Grube-Straße 40 , 06120 Halle ( Saale ) 0345 5570 URL Die umfassendsten Infos USER Werde USER jetzt !",de
4786,Demotermine1250288610275372021-11-20 19:41:38,27537,2021-11-20 19:41:35,"22 Abschlussworte von Dennis zur Kundgebung am Österreichischen Honorarkonsulat und Solidaritätsspaziergang für Österreich Stuttgart , Karlsplatz , 20.11.2021 , 17.45 Uhr Ein Beitrag von USER Raus auf die Straßen USER 👉 Übersicht / Overview 👈",de
2811,Demotermine1250288610300972021-12-04 19:45:20,30097,2021-12-04 19:45:17,Deutschland : Querdenken marschiert trotz Verbot durch Berlin - 04.12.2021 — demonstration_live URL 2:11 Raus auf die Straßen USER 👉 Übersicht / Overview 👈,de
9743,Demotermine1250288610150782021-08-28 05:24:38,15078,2021-08-28 05:25:10,Danke fürs LAUT werden lieber Eric Clapton ❤ ️ 🤗 💪 🌻 🌻 🌻 🌻 🌻 🌻 🌻 🌻 🌻 🌻 🌻 🌻 URL 💚 💚 💙 💙 ❤ ️ ❤ ️ 🧡 🧡 Jetzt Unterstützen ! Petition : URL URL URL URL Raus auf die Straßen USER,de
12259,Demotermine1250288610115392021-06-11 18:22:41,11539,2021-06-11 14:11:13,💥 💥 💥 💥 💥 💥 💥 💥 💥 💥 💥 💥 💥 Sommer der Freiheit in Berlin am 01.08.2021 🥁 🎷 🎺 🚶 🚶 🚶 🚶 🚶 🚶 🚶 🚶 🚶 🚶 🚶 🚶 🚶 🚶 🚶 🚶 🚶 🚶 🎷 🎺 🥁 💥 💥 💥 💥 💥 💥 💥 Details URL USER 01082021 Raus auf die Straße USER,de
19208,Demotermine12502886105257,5257,2021-01-17 01:54:11,! ! Corona Strategie Bayern 🙈 🚨 Lest das mal .... USER ♦ ️ ♦ ️ ♦ ️ ♦ ️ ♦ ️ ♦ ️ USER USER USER ♦ ️ ♦ ️ ♦ ️ ♦ ️ ♦ ️ ♦ ️ USER Erfahrungen und Diskussion USER,de
1630,Demotermine1250288610318142021-12-15 07:32:00,31814,2021-12-14 23:11:17,"Jeden Montag 18:00 Uhr Spaziergang durch die Altstadt von Bonn . Treffpunkt am Alten Rathaus . Bringt Lichter mit , zieht auffällige Kleidung an . Bleibt friedlich , die Polizei begleitet uns , Antifa erwartet uns ! # Bonn # NW # Mo2012 # Mo2712 # montags Raus auf die Straßen USER 👉 Übersicht / Overview 👈",de
17363,Demotermine1250288610248022021-11-03 08:28:46,24802,2021-11-03 08:29:15,2.11.21 Wil SG Helvetiatrychler und Freiheitstrychler gemeinsam gegen Diskriminierung . NEIN am 28.11.21 zum C19 Gesetz . Raus auf die Straßen USER 👉 Übersicht / Overview 👈,de
7800,Demotermine1250288610182232021-09-18 09:49:51,18223,2021-09-18 09:49:44,# Facebook : # Zensur legt zu Ca . 150 coronakritische Kanäle gelöscht Quelle : USER Raus auf die Straßen USER,de
4017,Demotermine1250288610282092021-11-26 00:36:00,28209,2021-11-26 00:35:57,Tina Romdhani in Schwäbisch Gmünd am 25.11.2021 URL Raus auf die Straßen USER 👉 Übersicht / Overview 👈,de
16472,Demotermine1250288610263602021-11-12 22:37:29,26360,2021-11-12 22:36:18,🟢Tensioni fra polizia e il presidio dei manifestanti sotto il parlamento olandese . Spannungen zwischen der Polizei und der Garnison der Demonstranten unter dem niederländischen Parlament . Via : RadioGenova URL Raus auf die Straßen USER 👉 Übersicht / Overview 👈,de
6376,Demotermine1250288610203862021-10-04 11:20:00,20386,2021-10-04 11:20:13,"RA Dr. Hingerl zu dem Verfahren "" Golfplatz öffnen und das Projekt Kinderrechtejetzt.de — MediaInformationCenter URL 35:41 Raus auf die Straßen USER 👉 Übersicht / Overview 👈",de
18426,Demotermine1250288610229322021-10-24 07:04:28,22932,2021-10-24 07:05:10,Merkel wird aus dem Kanzleramt geholt . # lützen1632 # gustavadolf — Sven Liebich URL 0:44 Raus auf die Straßen USER 👉 Übersicht / Overview 👈,de
10131,Demotermine1250288610144912021-08-25 11:31:17,14491,2021-08-18 17:26:41,🌪 LISA TOEL mit einer Einladung . „ WALK AM RHEIN “ 28. Aug - 5. Sept. 2021 URL USER 28082021 - 29082021 - 30082021 - 31082021 - 01092021 - 02092021 - 03092021 - 04092021 - 05092021 Fortsetzung URL Raus auf die Straße USER,de
20823,Demotermine125028861031332020-10-11 06:28:35,3133,2020-10-11 06:08:54,Weitere Infos zu den heutigen Demos am Sonntag Heilbronn URL Itzehoe URL Mahlow URL Meiningen URL Nürnberg URL URL Rauenberg URL Weinheim URL Wittlich URL Würzburg URL Bilder und Videos hochladen USER - USER Fahren oder Mitfahren USER - Übernachten ? USER USER - USER - USER,de
11294,Demotermine1250288610128182021-07-22 10:15:18,12818,2021-07-22 10:15:17,Einladung an die plattdeutsche Freiheits- & Friedensbewegung zur Demonstration in Berlin am 01.08. — Querdenken 441 - Oldenburg URL 3:59 Raus auf die Straße USER,de
64,Demotermine12502886104845,4845,2021-01-01 06:43:45,"❗ ️Anzeige gegen ZDF Feuerwerk ❗ ️ Erste Anzeigen gegen das ZDF Feuerwerk am Berliner Brandenburger Tor wegen dem illegalen Feuerwerk gehen online ein 💪 Solltet ihr dieses auch im TV gesehen haben , kommt bitte eure Pflicht nach ... Folgt uns gerne unter USER USER",de
14714,Demotermine125028861083822021-03-30 00:51:38,8382,2021-03-30 00:50:43,Antifa und Grüne Schwäbisch Gmünd durchbrechen Polizeikette . ( 28.3.2021 ) USER USER Raus auf die Straße USER,de
16292,Demotermine1250288610266832021-11-15 00:38:24,26683,2021-11-15 00:38:20,Mutige Eltern in Sachsen zeigen Gesicht 👍 👍 Wir finden das super und freuen uns über jede Unterstützung . 🌺 🌺 🌺 🌺 USER Ortsgruppen Verzeichnis oben angeheftet Raus auf die Straßen USER 👉 Übersicht / Overview 👈,de
5375,Demotermine1250288610218852021-10-17 07:04:08,21885,2021-10-17 07:04:07,"Jou , läuft 😀 👍 👍 Das gibt Hoffnung 👍 👍 Für mehr positive Berichte folgen auf ... USER Raus auf die Straßen USER 👉 Übersicht / Overview 👈",de
5669,Demotermine1250288610213852021-10-14 11:49:36,21385,2021-10-14 11:50:13,LIVE Schüsse in Beirut-Demo nach Haftbefehl gegen Ex-Finanzminister in Hafenuntersuchung Bericht ... — SchwarzRotGold TV URL 2:10:29 Raus auf die Straßen USER 👉 Übersicht / Overview 👈,de
8588,Demotermine1250288610170182021-09-03 00:34:40,17018,2021-09-03 00:34:54,TRUCKERS IN BRAZIL SHOW SOLIDARITY WITH AUSTRALIAN TRUCKER PATRIOTS STANDING FREEDOM . 🇦 🇺 Raus auf die Straßen USER,de
15824,Demotermine125028861068672021-02-26 19:39:54,6867,2021-02-26 18:09:38,Murrhardt Demo und Discoumzug vor dem Rathaus • ♥ • ♥ • ♥ maskenlos ♥ • ♥ • ♥ • USER USER 27022021 Bilder und Videos hochladen USER - Termine in Textform USER Fahren oder Mitfahren USER - Übernachten ? USER USER - USER - USER,de
3299,Demotermine1250288610292752021-12-01 18:58:16,29275,2021-12-01 18:58:13,🌈 Sendet eure Impressionen von Generalstreik oder gegen Spaltung an USER ( anonymität garantiert ) Raus auf die Straßen USER 👉 Übersicht / Overview 👈,de
15665,Demotermine125028861071662021-03-05 18:26:01,7166,2021-03-05 18:21:09,Es reicht ! Auf einmal bist du systemrelevant ? Irgendwer muss doch Lobbyisten ein Gewissen einimpfen ! Übersicht und Details URL USER 13032021 Raus auf die Straße USER,de
6022,Demotermine1250288610208742021-10-09 13:06:11,20874,2021-10-09 13:06:44,Studenten rebellieren gegen die krankmachenden Massnahmen der VERBRECHER-ReGIERungen Dresden 09102021 URL ⬆ ️ ⬆ ️ ⬆ ️ 🔼 🔼 🔼 ⬆ ️ ⬆ ️ ⬆ ️ 👉 Stuttgart Widerstand Grundrechte Freiheit Grundgesetz Demos 👈 Raus auf die Straßen USER 👉 Übersicht / Overview 👈,de
19732,Demotermine125028861045692020-12-17 06:45:38,4569,2020-12-17 06:45:26,Hamm Pauluskirche USER USER 18122020 Bilder und Videos hochladen USER - Termine in Textform USER Fahren oder Mitfahren USER - Übernachten ? USER USER - USER - USER Bilder und Videos hochladen USER - Termine in Textform USER Fahren oder Mitfahren USER - Übernachten ? USER USER - USER - USER,de
4639,Demotermine1250288610277872021-11-21 18:25:13,27787,2021-11-21 18:25:10,Karls letzter Wunsch - Gedenkveranstaltung für Karl Hilz - München Max-Joseph-Platz 21.11.21 — Klardenker URL 6:56 Raus auf die Straßen USER 👉 Übersicht / Overview 👈,de
19089,Demotermine12502886105394,5394,2021-01-22 01:42:52,"! ! ️!!️Dr . Fiechtner verweisst auf seinen Telegram-Kanal ! ! ️!!️ denn : Was YouTube löscht , 🚨 Facebook sperrt und 🚨 WhatsApp nicht kann , 🚨 all das geht in Telegram! 👌 🍀 ❤ ️ ⬇ ️ ⬇ ️ ⬇ ️ 👇 👇 👇 ⬇ ️ ⬇ ️ ⬇ ️ 👇 URL 👉 USER 👈 URL ⬆ ️ ⬆ ️ ⬆ ️ 🔼 🔼 🔼 ⬆ ️ ⬆ ️ ⬆ ️",de
5973,Demotermine1250288610209172021-10-09 18:35:38,20917,2021-10-09 18:35:31,"Sagt etwas gegen die Regierung in Australien , und kommt in den Knast ! ! ! ! Cossack verhaftet ! ! ! URL Raus auf die Straßen USER 👉 Übersicht / Overview 👈",de
19576,Demotermine125028861045482020-12-15 04:39:35,4548,2020-12-15 04:31:52,"Hier mein Song "" Angela "" for free . Nachdem der Song von meinem Onlinevertrieb abgelehnt wurde und er nun nicht auf SPOTIFY & Co verfügbar ist , viel Spaß damit . Darf gerne geteilt werden . Kämpfen ! USER USER USER",de
9522,Demotermine1250288610154222021-08-28 14:35:30,15422,2021-08-28 14:36:02,Corona-Proteste in Berlin : Tausende Menschen demonstrieren trotz Verbot - WELT URL Raus auf die Straßen USER,de
17779,Demotermine1250288610240552021-10-30 04:54:37,24055,2021-10-30 04:55:13,27.10.2021 Landtag abberufen Umzug + Schlusskundgebung 205000 Stimmen konnten gesammelt werden — MediaInformationCenter URL 27:27 Raus auf die Straßen USER 👉 Übersicht / Overview 👈,de
643,Demotermine1250288610212862021-10-13 22:13:06,21286,2021-10-13 22:11:43,München - Demos : 6 x jede Woche seit Monaten ❗ ️ ❗ ️ ❗ ️ Mittwoch : fortbewegende Kundgebung Donnerstag : Poing Angela & Co Freitag : OpenMic Samstag : Autokorso Samstag : Flashmop Samstag : UlliOma und dann noch ab und zu Fee und Pascal .... Alles zu finden unter : URL Team KarlHilz # BY # Do1410 # Fr1510 # Sa1610 # Poing # München Raus auf die Straßen USER 👉 Übersicht / Overview 👈,de
6835,Demotermine1250288610197382021-09-28 20:59:44,19738,2021-09-28 20:59:56,"Durov , der Begründer Telegrams , hat in seinem Telegram-Kanal zur Zensur des Kanals URL Stellung genommen . Hier im Original : URL Hier weitere Informationen : URL Oben die Übersetzung laut Kanal ' Media Guerilla Berlin ' . URL USER Gelöschte Inhalte hochladen USER URL ( Aufrubar auch ohne App - bitte außerhalb Telegram teilen )",de
18990,Demotermine125028861055012021-01-26 00:58:51,5501,2021-01-26 00:20:09,+ + + Bauerndemo Berlin – Es rufen alle Landwirte verbandsübergreifend auf + + + Details URL USER USER,de
9490,Demotermine1250288610154682021-08-28 15:40:05,15468,2021-08-28 15:40:24,"🇩 🇪 Demo Berlin : Die Hubschrauber kreisen über den Alex , um mögliche Aufzüge zu verhindern . Raus auf die Straßen USER",de
22357,Demotermine125028861010362020-05-19 12:36:59,1036,2020-05-19 12:36:59,Bericht vom Demo-Wochenende Home Office # 27 — NuoViso . TV URL 1:34:46 USER USER USER USER USER - Bilder und Videos hochladen USER - Diskussion USER Fahren oder Mitfahren USER,de
10217,Demotermine1250288610143652021-08-17 09:05:21,14365,2021-08-17 09:05:20,Gunter Frank in Mannheim : Pandemie ohne Übersterblichkeit ? — Offene Gesellschaft Kurpfalz URL 26:30 Raus auf die Straße USER,de
17680,Demotermine1250288610242462021-10-30 23:24:01,24246,2021-10-30 23:24:16,Die Zeitumstellung ist wider die Natur . Wirkt sie auf Geimpfte anders ? URL Raus auf die Straßen USER 👉 Übersicht / Overview 👈,de
8555,Demotermine1250288610170662021-09-10 13:32:16,17066,2021-09-04 08:33:27,"🇩 🇪 Zwischenstopp auf dem Weg nach Brüssel Demonstration für Recht und Freiheit Köln , Heumarkt ( 10.09.2021 ab 19 Uhr ) Anschließend : 11.09.2021 # EuropeansUnited in Brüssel 👁 URL USER USER Video URL USER 10092021 Raus auf die Straßen USER",de
2138,Demotermine1250288610311642021-12-12 05:24:21,31164,2021-12-11 00:05:08,🇮 🇹 🤝 🇸 🇰 🤝 🇦 🇹 Gorizia / Gorica / Görz 12.12.2021 — honkforhope URL 6:53 # IT # So1212 # Görz # Gorica # Gorizia Raus auf die Straßen USER 👉 Übersicht / Overview 👈,de
13181,Demotermine1250288610103162021-05-10 12:24:19,10316,2021-05-10 12:23:33,"Heute , 10.05.2021 , Spaziergang in SCHWARZHEIDE . Treffpunkt 17.30 Uhr Wasserturm . USER 10052021 Raus auf die Straße USER",de
5020,Demotermine1250288610271772021-11-20 03:20:09,27177,2021-11-20 03:20:06,München Laim 17.11.2021 # SpunktNews — # MAMAandME URL 21:24 Raus auf die Straßen USER 👉 Übersicht / Overview 👈,de
9689,Demotermine1250288610151362021-08-28 10:28:31,15136,2021-08-28 10:28:24,"dafür hat die Stadt Berlin Geld und wirft das in die Briefkästen , Herr Müller , wir sind jetzt da , wir helfen , die Wahrheit ans Licht zu bringen 💪 💪 Raus auf die Straßen USER",de
9708,Demotermine1250288610151192021-08-28 09:56:27,15119,2021-08-28 09:57:08,Eilmeldung - die Menschen durchbrechen die Polizei ABSPERRUNGEN ! Wir sind LIVE 💙 🔴 Tages Live-Stream - ► Deutschland / Schweiz / Österreich| Beginn : JETZT ! TEILEN Wir streamen auf : 🛑 VeeZee . TV URL 🛑 VK LIVE URL 🛑 YouTube URL 🛑 Trovo URL 🛑 Twitch URL Raus auf die Straßen USER,de
18517,Demotermine1250288610228072021-10-23 14:03:15,22807,2021-10-23 14:03:22,"Bern , 23.10.2021 Kanal : URL Aufarbeitungsinitiative : URL Raus auf die Straßen USER 👉 Übersicht / Overview 👈",de
9348,Demotermine1250288610158882021-08-29 10:09:56,15888,2021-08-29 10:10:33,"☝ ️ Gegen die Einsatzkräfte wird von Janko Williams Anzeige erstattet werden : Verdacht auf falsche Verdächtigung Verdacht auf Körperverletzung Verdacht auf Nötigung - jeweils im Amt Da die Maßnahme von den Einsatzkräften trotz Nachfrage nicht erklärt wurde , ist sie von Grund auf rechtswidrig . Raus auf die Straßen USER",de
15579,Demotermine12502886107258,7258,2021-03-07 19:00:36,"Hohe Sterblichkeit nach C-Impfung Forderung : Verantwortliche , auch Bürgermeister , Landräte müssen in den Knast ! Hintergrund URL USER",de
3228,Demotermine1250288610294442021-12-02 07:57:03,29444,2021-12-02 07:56:37,"GROSSDEMO FRANKFURT / Main ES GEHT UM FREIES LEBEN ODER VERSKLAVTER TOD ! ! ! SAMSTAG - 04.12.2021 15:00 Uhr Konsulat , REUTERWEG 44 USER URL ⬆ ️ ⬆ ️ ⬆ ️ 🔼 🔼 🔼 ⬆ ️ ⬆ ️ ⬆ ️ 👉 Stuttgart Widerstand Grundrechte Freiheit Grundgesetz Demos 👈 ! ! ️TEILEN - WAHNSINN STOPPEN - TEILEN!!️ # HE # Sa0412 # Frankfurt Raus auf die Straßen USER 👉 Übersicht / Overview 👈",de
14809,Demotermine125028861082892021-03-30 03:04:16,8289,2021-03-28 02:40:26,"Freiburg im Breisgau Autokorso Start Neues SC-Stadion beim Flugplatz , Suwonallee 1 Video URL USER 30032021 Raus auf die Straße USER",de
9800,Demotermine1250288610150042021-08-27 04:18:54,15004,2021-08-27 04:18:40,"! ! ️!!️BITTE TEILEN!!️!!️ 🌷 🍀 💫 🌈 FÜR NEUE WEGE - Sonntag , 29. August ab 16:00 Uhr , Talferwiesen , Bozen - Südtirol 🎥 Hier die Videobotschaft von Dr. Hannes Loacker 29082021 Raus auf die Straßen USER",de
14591,Demotermine125028861085412021-04-02 10:14:54,8541,2021-04-01 15:55:41,📆 Wir gemeinsam für das Leben ! 👉 🏻 mehr Infos dazu # Termin # QuerDenken ! Öhringen Alte Turnhalle Parkplatz P9 USER 04042021 Raus auf die Straße USER,de
6505,Demotermine1250288610202092021-10-03 12:47:10,20209,2021-10-03 12:47:46,Ein Beitrag zum 3.10.2021 / 2 Filterblasen in einem Film Einheitsbrei vom Staat vs. Alternative Medien Raus auf die Straßen USER 👉 Übersicht / Overview 👈,de
12335,Demotermine1250288610114452021-06-09 01:30:05,11445,2021-06-09 01:29:13,"Brackenheim Im Grunde ist ein Diamant auch nur ein Stück Kohle , das die nötige Ausdauer hatte . 💎 Eine gute Nacht Euch allen und bis spätestens nächsten Montag USER 14062021 Raus auf die Straße USER",de
7559,Demotermine1250288610186582021-09-20 13:11:55,18658,2021-09-20 13:11:17,"Neckarsulm , Mittwoch 22.09.2021 im Stadtpark , 18:30 - 20:00 Uhr URL USER 22092021 Raus auf die Straßen USER",de
13737,Demotermine125028861095282021-04-26 20:06:34,9528,2021-04-26 20:05:10,"Heiligenhaus , 29.04.2021 Spaziergang für Freiheit und Selbstbestimmung USER USER 29042021 Raus auf die Straße USER",de
2233,Demotermine1250288610310562021-12-09 17:03:40,31056,2021-12-09 17:03:11,💯 💯 💯 Elbe Elster steht auf Es ist wieder soweit . Wir gehen spazieren 💪 Montag den 13.12.2021 in Elsterwerda ( 04910 ) um 18:30 Uhr Treffpunkt am Marktplatz URL Ihr 🔻 wollt mehr 🔻 erfahren ❓ LK News 🔻 🔻 🔻 🇩 🇪 URL 🇩 🇪 LK News 🔺 🔺 🔺 Backup Kanal GETTR 🔻 URL # BB # Mo1312 # Elsterwerda Raus auf die Straßen USER 👉 Übersicht / Overview 👈,de
22860,Demotermine125028861064242021-02-19 13:21:49,6424,2021-02-17 01:32:07,"! ! Marsch durch Deggendorf ! ! 💯 % angemeldet und genehmigt . Kommt "" Alle "" und lautstark . Lasst uns unsere Stimmen erheben damit wir nicht mehr ungehört bleiben . ! ! WEITERLEITEN ! ! USER 20022021 Bilder und Videos hochladen USER - Termine in Textform USER Fahren oder Mitfahren USER - Übernachten ? USER USER - USER - USER",de
23829,Demotermine125028861082682021-03-27 08:10:13,8268,2021-03-27 07:56:41,Lienz geht spazieren Start Dolomitenstadion USER 27032021 - 03042021 - 10042021 - 17042021 - 24042021 🇳 🇪 🇺 🇿 🇺 🇬 🇦 🇳 🇬 Raus auf die Straße USER,de
10441,Demotermine1250288610140412021-08-10 20:30:22,14041,2021-08-10 20:30:21,"Osnabrück-Demo : 82-Jährige rät "" Alles in Frage zu stellen "" und "" # Grundrechte zu verinnerlichen "" — Osnabrücker Sommer der Aufklärung URL 16:35 Raus auf die Straße USER",de
15725,Demotermine125028861070972021-03-05 00:15:04,7097,2021-03-04 20:45:37,📆 Autokorso für Frieden - Freiheit - Demokratie 👉 🏻 mehr Infos dazu # Termin # QuerDenken ! Nürnberg Autokorso Start Meistersingerhalle Route : Schultheißallee - Wodanstraße - Allersbergstraße - Schweigerstraße - Harsdörfferstraße Auflösung : Regensburger Straße - Ben-Gurion-Ring USER 06032021 Raus auf die Straße USER,de
23561,Demotermine1250288610213712021-10-14 10:05:34,21371,2021-10-14 10:06:38,Querdenken-Demo : Wir sind wieder da ! | Stuttgart # s0304 👉 🏻 Neuer Beitrag Raus auf die Straßen USER 👉 Übersicht / Overview 👈,de
5982,Demotermine1250288610209092021-10-09 18:29:21,20909,2021-10-09 18:29:57,URL 🔰 UNISCITI AL CANALE TELEGRAM ⬇ ️ ⬇ ️ ⬇ ️ ⬇ ️ ⬇ ️ ⬇ ️ ⬇ ️ ⬇ ️ USER 🔰 CLICCATE SUL LINK 🔰 🔰 I MIGLIORI CANALI TELEGRAM 🔰 ⬇ ️ ⬇ ️ ⬇ ️ 🌀 🌀 🌀 ⬇ ️ ⬇ ️ ⬇ ️ URL ⬆ ️ ⬆ ️ ⬆ ️ ⬆ ️ ⬆ ️ ⬆ ️ ⬆ ️ ⬆ ️ ⬆ ️ Raus auf die Straßen USER 👉 Übersicht / Overview 👈,de
3672,Demotermine1250288610287052021-11-28 09:12:49,28705,2021-11-28 09:12:46,Das Video zum Sonntag . Ein exemplarisches Beispiel des deutschen Widerstands . 😁 Etwas Spaß muss sein . USER Raus auf die Straßen USER 👉 Übersicht / Overview 👈,de
8091,Demotermine1250288610177792021-09-12 14:56:36,17779,2021-09-12 14:54:17,"Der freut sich bestimmt über eure MEINUNG ! Die Fischerhütte am Schlachtensee Fischerhüttenstraße 136 , 14163 Berlin 030 80498310 URL URL Raus auf die Straßen USER",de
8241,Demotermine1250288610175532021-09-09 17:59:25,17553,2021-09-09 17:55:08,Björn Höcke Grimma 09.09.21 Demonstration Antifa — Weichreite TV URL 6:56 USER USER Raus auf die Straßen USER,de
12739,Demotermine1250288610109722021-05-23 12:19:28,10972,2021-05-23 12:19:28,Ralf Ludwig wird offenbar rechtswidrig in der Blumenthalstraße festgehalten . URL Raus auf die Straße USER,de
16334,Demotermine1250288610266222021-11-14 10:18:03,26622,2021-11-14 10:17:40,Neue Uhrzeit am Sonntag ! Wegen der Dunkelheit werden wir das offene Mikrofon im Wittelsbacher Park bis auf Weiteres bereits um 12.00 Uhr beginnen . Wir freuen uns auf Euch ! # BY # So1411 # Augsburg Raus auf die Straßen USER 👉 Übersicht / Overview 👈,de
15691,Demotermine125028861071332021-03-13 11:13:15,7133,2021-03-05 04:24:45,"Dresden Königsufer Demoverbot URL Übersicht URL Egal was passiert , wir sind da ! URL Ich komme trotzdem ! URL USER 13032021 Raus auf die Straße USER",de
15619,Demotermine125028861072142021-03-10 13:53:13,7214,2021-03-06 01:21:34,"Krefeld Hauptbahnhof Demo für Freiheit , Liebe & Wohlstand . Krefeld am Montag , 15. März 2021 , Angemeldete Kundgebung mit Aufzug 19 - 21 Uhr . USER 15032021 Raus auf die Straße USER",de
10713,Demotermine1250288610136672021-08-03 10:50:10,13667,2021-08-03 10:50:09,"Demo-Termine von URL Demo hier eintragen : URL Spendenseite : URL Telegram : URL oder USER Discord : URL Zum Redaktionsschluss um 05:23 Uhr , wurden für den heutigen Tag folgende Demotermine gemeldet : 🔴 Dienstag , 03. August 2021 ▶ ️ DE , Bad Rappenau , Kirchplatz / Rathausplatz ( Versammlung ) 🕑 18:00 ▶ ️ DE , Nürnberg , Lorenzkirche ( Kundgebung ) 🕑 17:30 Raus auf die Straße USER",de
11464,Demotermine1250288610125232021-07-18 08:00:32,12523,2021-07-18 07:56:42,"Kurzer Lagebericht aus Ahrweiler Bitte erstmal keine Kleidung mehr senden , hier ist Annahmestopp ! ! ️ Raus auf die Straße USER",de
7046,Demotermine1250288610193842021-09-26 17:45:13,19384,2021-09-26 17:45:13,Letzte friedliche Demo in Stuttgart vor der Wahl ? — RS InfoNews1 URL 16:41 Raus auf die Straßen USER,de
21296,Demotermine125028861026002020-08-29 17:05:26,2600,2020-08-29 14:11:52,"Sollte die Polizei gegen friedliche Menschen Gewalt anwenden , bitte Vorgänge filmen und teilen . Sie erscheinen dann als Nachweis USER Bilder und Videos hochladen USER - Termine in Textform 👉 USER mitteilen Fahren oder Mitfahren USER - Übernachten ? USER USER",de
17962,Demotermine1250288610237342021-10-28 20:06:36,23734,2021-10-28 20:06:39,"Aufgrund der Hetze in den Medien gegen die Mitorganisatorin der Berner Grosskundgebung , die Berner Stadträtin Simone Machado , Grüne alternative Partei / Freie Linke Schweiz , haben wir diese Erklärung auf unserer Webseite veröffentlicht URL Raus auf die Straßen USER 👉 Übersicht / Overview 👈",de
22315,Demotermine12502886107942020-05-02 01:28:34,794,2020-05-02 01:28:34,"Gemeinsam auf der Demo ankommen , miteinander die Demokratie retten ! Dazu Mitfahrgelegenheiten anbieten und nutzen , mit Gleichgesinnten unterwegs sein . URL USER - Bilder und Videos hochladen USER - Diskussion USER",de
23346,Demotermine125028861058412021-02-04 22:09:11,5841,2021-02-02 23:09:02,"Demo - QD238 - Hamm Wann : 05.02.2021 - 17 Uhr Wo : Parkplatz gegenüber Westpress Arena , Ostwennemarstr - 59071 Hamm USER Wichtige Details URL USER 05022021 Bilder und Videos hochladen USER - Termine in Textform USER Fahren oder Mitfahren USER - Übernachten ? USER USER - USER - USER",de
4121,Demotermine1250288610219712021-10-17 23:48:56,21971,2021-10-17 23:50:13,Am Sonntag wurden die Bodenmarkierungen zur Einhaltung derAbstandsregeln entfernt . URL Raus auf die Straßen USER 👉 Übersicht / Overview 👈,de
10619,Demotermine1250288610137922021-08-05 15:53:15,13792,2021-08-05 15:53:14,""" Ich komme hier nicht lebend raus "" : Mann mit Granate in Kiewer Regierungsgebäude eingedrungen — RT DE URL 0:40 USER Raus auf die Straße USER",de
882,Demotermine125028861057692021-02-01 02:35:01,5769,2021-02-01 01:34:06,"Russlands Behörden wollen mit aller Macht verhindern , dass es erneut Massenproteste für den inhaftieren Kremlkritiker Nawalny gibt . 👉 🏻 Neuer Beitrag USER",de
11111,Demotermine1250288610130862021-07-28 03:44:10,13086,2021-07-28 03:44:09,"1883 - Journalisten sind intellektuelle Prostituierte ( Rede John Swinton vor Journalisten ) Aufgrund des vorangegangenen Beitrages kamen einige Anfragen , ob ich die Rede nicht hätte zum Ausgangsposition beifügen könnte . Aufgrund der Zeichenbegrenzung leider nicht möglich , deswegen auf diesem Wege . USER Raus auf die Straße USER",de
2191,Demotermine1250288610311092021-12-10 15:23:11,31109,2021-12-10 15:22:42,"🖤 🤍Zusendung von Freiheitskämpfern aus Elsterberg ! 10.12.2021 , 19 Uhr Netto Elsterberg🤍 🖤 Freie Jugend : Folgt uns auf Telegram ! URL # SN # Fr1012 # Elsterberg Raus auf die Straßen USER 👉 Übersicht / Overview 👈",de
1829,Demotermine1250288610315632021-12-13 09:42:20,31563,2021-12-13 09:42:13,🇦 🇹 🇦 🇹 🇦 🇹 Bregenz 12.12.2021 🇦 🇹 🇦 🇹 🇦 🇹 Kundgebung und Protestmarsch . Es waren lt. Veranstalter ca. 140000 - 15'000 Menschen dabei . Das Video darf frei verwendet werden . USER Raus auf die Straßen USER 👉 Übersicht / Overview 👈,de
17519,Demotermine1250288610245352021-11-01 07:16:33,24535,2021-11-01 07:15:30,"Ihr Lieben , lasst den « Michel » auf dem Ring ganz laut erschallen ! Vor allem die letzte Strophe ! Ich singe MIT EUCH am 06 / 11 / 21 , deshalb hört Euch das Lied ein paar Mal an , dann seid ihr auf der Straße auch textsicher ... 🙏 🎶 , wunderbar ! Ich freue mich auf Euch ! URL # SN # Sa0611 # Leipzig Raus auf die Straßen USER 👉 Übersicht / Overview 👈",de
11107,Demotermine1250288610131002021-07-28 09:59:32,13100,2021-07-28 09:59:32,Ein geimpfter Franzose verbrennt seinen Impfpass aus Solidarität mit seinen Landsleuten im Dorf und aus Protest gegen den Impfpass und die Impfpflicht . Raus auf die Straße USER,de
6323,Demotermine1250288610204642021-10-05 14:40:25,20464,2021-10-05 14:40:21,Handwerker*innen in den Bundestag — hessencam URL 26:00 Raus auf die Straßen USER 👉 Übersicht / Overview 👈,de
12891,Demotermine1250288610107712021-05-21 00:32:34,10771,2021-05-21 00:31:58,Erfurt USER 01062021 Wir sind natürlich als Jugendorganisation wieder mit dabei ! USER USER Raus auf die Straße USER,de
8098,Demotermine1250288610177822021-09-12 15:09:42,17782,2021-09-12 15:10:12,Lebensfrohe Menschenkette in Straßburg — Markus Huck B.P. in spe URL 3:08 Raus auf die Straßen USER,de
5162,Demotermine1250288610222002021-10-19 03:28:17,22200,2021-10-19 03:29:01,Es ist einfach alles verrückt ! Kann man nur gute Besserung wünschen . Love & Power 👉 🏿 URL Die umfassendsten Infos USER Werde USER jetzt !,de
15340,Demotermine12502886107543,7543,2021-03-13 21:14:15,+ + + N E U + + + N E U + + + N E U FREISEIN ❤ ️Schirm ROYAL Rosa Automatikschirm mit silber ☂ ️ Jetzt gibt es den FREISEIN ❤ ️Schirm für die nächste Demo oder den nächsten Spaziergang auch als hochwertigen Automatikschirm in unterschiedlichem Farben . 🎠 Onlineshop : FREISEINmitHerz.de 🎡 Telegram : USER,de
10270,Demotermine1250288610142872021-08-15 09:54:56,14287,2021-08-15 09:54:39,Botschaft an euch ❤ ️ Zur gestrigen Genug ist Genug Demo 😘 Danke das es euch gibt & schön das ihr da seid Aller ❤ ️liebste Grüße sendet euch eure Dolli USER Raus auf die Straße USER,de
8328,Demotermine1250288610174372021-09-19 11:18:51,17437,2021-09-08 02:42:07,📆 Nürnberger Kodex : Die Menschenwürde bleibt unantastbar ! 👉 🏻 mehr Infos dazu # Termin Nürnberg Details URL Video URL USER 09102021 Raus auf die Straßen USER,de
2394,Demotermine1250288610308072021-12-08 09:27:07,30807,2021-12-08 09:26:15,"79822 Freiburg , jeden Dienstag Suwonallee , Treffen ab 17:30Uhr , Abfahrt gegen 18:30Uhr # BW # Di1412 # Di2112 # Di2812 # dienstags # Freiburg Raus auf die Straßen USER 👉 Übersicht / Overview 👈",de
17845,Demotermine1250288610239162021-10-29 11:05:23,23916,2021-10-29 11:05:05,Hier ein weitere Beweis dazu Schau mein video dazu an---- 》 URL Und hier--- 》 URL Folge mir auf Telegram URL Raus auf die Straßen USER 👉 Übersicht / Overview 👈,de
14896,Demotermine125028861079812021-03-22 19:47:06,7981,2021-03-22 19:47:06,"Meine Impressionen von der Demo in Kassel am Samstag , 20. März 2021. Ein großes Lob an die Polizei , die sich hervorragend verhalten hat . Zumindest aus Teilnehmersicht und alle anderen , die das anders sehen – „ seien gegrüßt “ 👉 Link zum Artikel : URL 👉 Folgt mir für mehr und unzensierte Informationen auch auf Telegram!!️ URL Raus auf die Straße USER",de
2610,Demotermine1250288610304122021-12-06 20:24:49,30412,2021-12-06 20:24:31,Eberswalde / Brandenburg / 06.12.2021 / 18.00 Uhr Demo Start Raus auf die Straßen USER 👉 Übersicht / Overview 👈,de
14136,Demotermine125028861090432021-04-14 03:41:46,9043,2021-04-14 03:41:20,! ! ️Samstag 17.04.21 um 17 Uhr auf dem Maxplatz in Bamberg!!️ USER 17042021 Raus auf die Straße USER,de
4764,Demotermine1250288610275792021-11-20 21:08:40,27579,2021-11-20 21:08:37,TORINO STASERA . NO GREEN PASS 🔽 Unisciti a Giubbe Rosse Raus auf die Straßen USER 👉 Übersicht / Overview 👈,de
11232,Demotermine1250288610129212021-07-25 00:47:22,12921,2021-07-25 00:47:22,""" Hört auf zu lügen "" – Massenproteste gegen die Corona-Politik in London — RT DE URL 0:41 USER Raus auf die Straße USER",de
3633,Demotermine1250288610287512021-11-28 15:15:12,28751,2021-11-28 15:15:09,27.11.2021 | Frankfurt | # SchwarzWaldStream | :-* Claudi — # MAMAandME URL 2:35:07 Raus auf die Straßen USER 👉 Übersicht / Overview 👈,de
6049,Demotermine1250288610208452021-10-09 10:23:55,20845,2021-10-09 10:24:17,"Aufzug durch Stuttgart 200 Jahre Griechische Unabhängigkeit . 32 Jahre 09.10.1989 , Aufzug durch Leipzig Stuttgart , 09.10.2021. 12:10 Uhr Ein Film von USER Ich bedanke ♥ ️ mich bei Jedem , der mich unterstützt und somit diese Arbeit ermöglicht URL Raus auf die Straßen USER 👉 Übersicht / Overview 👈",de
2749,Demotermine1250288610302472021-12-05 08:00:48,30247,2021-12-05 07:59:55,BEENDET ES ! JETZT ! ! ! KOMMT NACH ASCHAFFENBURG ! Vielen Dank an URL # BY # Sa1112 # Aschaffenburg Raus auf die Straßen USER 👉 Übersicht / Overview 👈,de
8170,Demotermine1250288610176882021-09-11 08:04:12,17688,2021-09-11 08:05:09,"Wer wird der neue Premierminister in Japan , mit dem schwierigen Nachbarn China ? — Epoch Times Nachrichten URL 2:59 Raus auf die Straßen USER",de
467,Demotermine1250288610136862021-08-03 16:08:34,13686,2021-08-03 15:42:00,Luftaufnahmen Berlin 1.8.2021 | Sommer der Freiheit | # b0108 # Demo | aerial video URL URL Raus auf die Straße USER,de
7318,Demotermine1250288610189962021-09-23 20:56:12,18996,2021-09-23 20:55:58,Weiter so . Habt keine Angst mehr eure Meinung zu sagen Quelle : Netzfund ✅ Informationen aus MV Informationen aus Mecklenburg-Vorpommern Raus auf die Straßen USER,de
15757,Demotermine125028861058262021-02-12 02:04:49,5826,2021-02-02 17:19:04,"Konstanz Fastnachts-Disco-Demo Beginn : Münsterplatz USER Demo evtl. abgesagt URL Bitte vor Ort selbst prüfen , alternativ spazieren gehen USER USER 13022021 Bilder und Videos hochladen USER - Termine in Textform USER Fahren oder Mitfahren USER - Übernachten ? USER USER - USER - USER",de
8507,Demotermine1250288610171472021-09-05 11:27:13,17147,2021-09-05 11:27:28,"Samstag , 4. September 2021 : Ganz Marseille ist auf den Beinen gegen die Corona-Lüge und den Impfterror , singt : "" Zu den Waffen , Bürger , marschieren wir ! "" Raus auf die Straßen USER",de
20865,Demotermine125028861031732020-10-15 10:40:43,3173,2020-10-15 10:40:22,"💚 💚 💚 Bitte kommt heute wieder zahlreich nach Poing zur Demo . 18 - 19h , direkt am S-Bahnhof , nördlich der Bahnlinie , im Trichterbereich der neuen Fußgängerunterführung . 💚 💚 💚 USER Bilder und Videos hochladen USER - USER Fahren oder Mitfahren USER - Übernachten ? USER USER - USER - USER",de
1144,Demotermine1250288610324162021-12-18 21:58:55,32416,2021-12-18 21:58:52,Aachener Bündnis gegen Impfpflicht 18.12.2021 Die Gedanken sind frei Original Source by PatriotOnTour Raus auf die Straßen USER 👉 Übersicht / Overview 👈,de
1545,Demotermine1250288610319162021-12-15 20:00:05,31916,2021-12-15 20:00:02,1. Schwaben-Booster geht an Pforzheim Welche Stadt macht den Super-Booster nächste Woche ? 💥 USER 💥,de
9687,Demotermine1250288610151592021-08-28 10:52:14,15159,2021-08-28 10:52:37,🧸 👨 ‍ ⚕ ️ Heiko Schöning im Mauerpark 28.08.2021 um 12 : 51 Uhr Stream : Augsburg Unmaskiert : URL USER Raus auf die Straßen USER,de
23209,Demotermine12502886106009,6009,2021-02-06 19:47:15,➡ ️BREAKING NEWS VON # KENFM — ➡ ️BITTE TEILEN TEILEN TEILEN ! ! ️!!️ ➡ ️GROSSES DANKESCHÖN GEHT AUCH AN DEN # DEMOKRATISCHERWIDERSTAND Bitte verbreite Deine persönliche Love ❤ ️ Message und teile sie mit uns 🙏 🏿 🙏 🏻 Weitere MenschenFamille Love-Statements findest du unter : ➡ ️ ➡ ️ ➡ ️ Fb URL ➡ ️ ➡ ️ ➡ ️Telegram URL ➡ ️ ➡ ️ ➡ ️Link # NanaLifestyler # GoodVibesOnly Seite URL,de
1258,Demotermine1250288610319772021-12-16 14:59:51,31977,2021-12-16 14:57:48,USER Die haben eine sehr gute Idee . Das teilen wir sehr gerne # Fr2412 # bundesweit Raus auf die Straßen USER 👉 Übersicht / Overview 👈,de
89,Demotermine1250288610296512021-12-03 09:09:09,29651,2021-12-03 09:08:45,"Diese "" Pandemie "" ist erst beendet , wenn das Volk sie beendet ! WE WILL NOT COMPLY ! # AT # Sa0412 # Wien Raus auf die Straßen USER 👉 Übersicht / Overview 👈",de
22157,Demotermine125028861013772020-06-09 16:55:15,1377,2020-06-09 16:51:28,"Organisatoren : nichtohneuns2020USER Kundgebung mit Musik , Redebeiträge ... 14:30 - 17:00 Uhr - Freiheits-Festival - demokratischer Wiederstand - nicht ohne uns ! Dortmund USER USER - Bilder und Videos hochladen USER - Diskussion USER Fahren oder Mitfahren USER",de
2001,Demotermine1250288610313502021-12-12 06:07:21,31350,2021-12-12 06:06:00,"Einen schönen Sonntag , einen schönen Advent euch allen . URL_de Am Ende sind alle Aufgenommenen glücklich URL Raus auf die Straßen USER 👉 Übersicht / Overview 👈",de
21968,Demotermine125028861016212020-06-22 14:37:40,1621,2020-06-22 14:37:22,"Hallöchen , liebe Grüße aus Bad Tabarz wir treffen uns jeden Sonntag 11 Uhr im Kurpark vorm Rathaus zur Meditation und zum Reden über das Geschehen in der Welt . USER USER - Bilder und Videos hochladen USER - Diskussion USER Fahren oder Mitfahren USER",de
7928,Demotermine1250288610180382021-09-15 22:16:23,18038,2021-09-15 22:16:55,Versetzung ins Ausland : Pfarrer stellte Mainstream-Narrative zu COVID-19 in Frage — RT DE URL 7:09 USER,de
731,Demotermine125028861041,41,2018-11-14 13:35:09,"* MOBI-VIDEO * für die Demo gegen den UN-Migrationspakt am Samstag , den 17.11.2018 um 14.00 Uhr vor dem Landtag in Düsseldorf . URL Alle Infos in der Veranstaltung : URL Auf Zusagen klicken und Freunde einladen ! ➡ Bitte überall verbreiten !",de
13671,Demotermine125028861096102021-04-28 03:04:44,9610,2021-04-27 20:25:21,📆 FÜR UNSERE GRUNDRECHTE - ¡ LEBEN statt nur ÜBERLEBEN ! 👉 🏻 mehr Infos dazu # Termin # QuerDenken ! Details URL Raus auf die Straße USER,de
2836,Demotermine1250288610300552021-12-04 15:54:02,30055,2021-12-04 15:53:59,🇦 🇹 🇦 🇹 🇦 🇹 Wien 💯 💯 💯 So und nicht anderes . Keiner kann die Wahrheit und das Volk mehr aufhalten . Ihr 🔻 wollt mehr 🔻 erfahren ❓ LK News 🔻 🔻 🔻 🇩 🇪 URL 🇩 🇪 LK News 🔺 🔺 🔺 Raus auf die Straßen USER 👉 Übersicht / Overview 👈,de
11560,Demotermine1250288610123962021-07-13 12:18:35,12396,2021-07-13 12:18:34,"So viel zum Umweltschutz . 63225 Langen . Und dabei wurde nur auf ein paar Strassen der Stadt aufgehoben , bei weitem nicht das ganze Stadtgebiet . Raus auf die Straße USER",de
4983,Demotermine1250288610272162021-11-20 07:00:12,27216,2021-11-20 07:00:09,Rechtsstaat In Gefahr Karlsruhe 19. 11. 17:30 — Netzwerk Demokratie URL 2:01:06 Raus auf die Straßen USER 👉 Übersicht / Overview 👈,de
5059,Demotermine1250288610223882021-10-20 03:38:00,22388,2021-10-20 03:37:26,! ! ️!!️Spaziergang 25.10.21 um 18 Uhr ab Bahnhof Bamberg ❤ ️ # BY # Mo2510 # Bamberg Raus auf die Straßen USER 👉 Übersicht / Overview 👈,de
17842,Demotermine125028861075802021-03-14 01:34:47,7580,2021-03-14 01:34:42,BERLIN - In mehreren deutschen Städten haben am Samstag Menschen gegen die bestehenden Corona-Maßnahmen demonstriert . 👉 🏻 Neuer Beitrag Raus auf die Straße USER,de
15173,Demotermine125028861077552021-03-18 18:10:47,7755,2021-03-18 18:10:46,"🗓 19 Mrz : 7. Weltweiter Klimastreik , Gewerkschaftsblock – Wien URL # Termin Raus auf die Straße USER",de
5147,Demotermine1250288610222372021-10-19 05:34:44,22237,2021-10-19 05:35:38,"Wenn ... Wenn ein Mann ein Mann ist , weiß wofür er steht , kann man es nicht aus ihm herausprügeln , weil er brennt , er geht .... ! URL Raus auf die Straßen USER 👉 Übersicht / Overview 👈",de
18831,Demotermine125028861057152021-01-30 13:45:51,5715,2021-01-30 13:42:22,"Schwäbisch Gmünd Marktplatz - da wo der Fasching dieses Jahr nicht ausfällt ! Der legale Treffpunkt für die ganze Familie und alle , die nicht zuhause bleiben wollen . USER USER täglich Bilder und Videos hochladen USER - Termine in Textform USER Fahren oder Mitfahren USER - Übernachten ? USER USER - USER - USER",de
17247,Demotermine1250288610250742021-11-04 13:49:45,25074,2021-11-04 13:50:25,"Linke Demo gegen Sven Liebich , Halle ( Saale ) , Landesmuseum , 3.11.2021 , ANTIFA — Sonne lacht - Blende acht ! URL 9:24 Raus auf die Straßen USER 👉 Übersicht / Overview 👈",de
10567,Demotermine125028861013851,13851,2021-08-06 04:16:28,"📌 Wie Naturschutzorganisationen BUND , NABU , etc. „ arbeiten “ ! 👉 Anthony Lee vom LSV Deutschland klärt auf . USER USER",de
7284,Demotermine1250288610190772021-09-24 03:47:47,19077,2021-09-24 03:45:55,"Familien-Autokorso 👩 ‍ 👧 ‍ 👧 🚘 👨 ‍ 👦 ‍ 👦 in Dessau am Samstag , 25.September 2021 Aufstellung vom Autokorso Berlin an der Avus , Abfahrt Spanische Allee ... 📌 Aral-Tankstelle Kronprinzessinnenweg 120 , 14129 Berlin ⚠ ️Abfahrt 13:00 Uhr ⚠ ️ 📌 GOOGLE MAPS : URL USER 25092021 # S259 Raus auf die Straßen USER",de
16473,Demotermine1250288610263582021-11-12 22:38:33,26358,2021-11-12 22:33:17,Ministro interni umiliato dal popolo sovrano . Corteo in pieno centro di Mestre questa sera contro l'obbligo del passaporto sanitario . Bravissimi ! Der Innenminister wird vom souveränen Volk gedemütigt . Demonstration im Zentrum von Mestre heute Abend gegen die Forderung nach einem Gesundheitspass . Gut gemacht ! URL Via : RadioGenova Raus auf die Straßen USER 👉 Übersicht / Overview 👈,de
2056,Demotermine1250288610312722021-12-11 21:00:12,31272,2021-12-11 21:00:09,"RheinTV LIVE von der Zollbrücke Oberriet : Grenzenlose Solidarität CH-AT , 11.12.2021 — RheinTV URL 2:20:18 Raus auf die Straßen USER 👉 Übersicht / Overview 👈",de
16185,Demotermine1250288610269282021-11-17 17:15:12,26928,2021-11-17 17:15:09,Der Maßnahmenterror geht weiter — Neubrandenburger Spaziergang URL 2:46 Raus auf die Straßen USER 👉 Übersicht / Overview 👈,de
3635,Demotermine1250288610287492021-11-28 14:40:14,28749,2021-11-28 14:40:11,"! ! ️Zwangsschließung des Café Zeitlos Erbach im Odenwald , 26.11.21!!️ — Erfurt zeigt Gesicht URL 2:53 Raus auf die Straßen USER 👉 Übersicht / Overview 👈",de
8680,Demotermine1250288610168922021-09-02 06:03:28,16892,2021-09-02 06:03:15,"👍 Klare Worte zum System . 👏 Lachen kann keiner bei diesen Worten , weil alle wissen , dass er 1 zu 1 die Wahrheit ausspricht . Der Kabarettist Christoph Sieber hat nach einer Show außerplanmäßig plötzlich dieses mit Humor verpackte Statement abgegeben . Raus auf die Straßen USER",de
2555,Demotermine1250288610304782021-12-07 00:22:40,30478,2021-12-07 00:18:29,Zaterdag 18 December 14:00 t / m 16:00 uur Stationsstraat / putterweg t weitje te Ermelo # NL # Sa1812 # Ermelo Raus auf die Straßen USER 👉 Übersicht / Overview 👈,de
10890,Demotermine125028861013269,13269,2021-07-31 14:27:34,"Klaus Schwab über das Ende der Krise - Great Reset Keine Angst , das ist alles nur eine krude Verschwörungstheorie 😉 Kostenlos abonnieren : URL USER - Bilder und Videos hochladen - USER - Mitdenken USER",de
17834,Demotermine1250288610239332021-10-29 13:05:59,23933,2021-10-29 13:05:34,"Samstag , 30.10.2021 , 14 - 18 Uhr , 70173 Stuttgart , Schlossplatz 4. Schildermahnwache ( Freie Linke ) - Epidemische Lage beenden ! - Grundrechte wiederherstellen ! - Transparenz schaffen ! - Freie Linke Chat : URL - Freie Linke Info : URL - Freie Linke Homepage : URL # BW # Sa3010 # Stuttgart Raus auf die Straßen USER 👉 Übersicht / Overview 👈",de
7633,Demotermine1250288610185542021-09-18 23:41:16,18554,2021-09-18 23:41:01,"Gestern ganz zufällig in Weimar , ohne Maske und ohne Abstand ! Schämen soll sich dieses Pack ! Folgt uns auf Telegram ⬇ ️ ⬇ ️ ⬇ ️ USER Raus auf die Straßen USER",de
12312,Demotermine1250288610114702021-06-09 13:50:08,11470,2021-06-09 13:50:08,Das Verbrechen Versprechen - Captain Future feat . Sebastian Kurz — Freedom Parade mit Captain Future URL 4:17 Raus auf die Straße USER,de
13537,Demotermine125028861097942021-05-01 12:22:27,9794,2021-05-01 12:22:26,Fühlt ihr euch auch manchmal so wie das schwarze Schaf was nur helfen will ? Raus auf die Straße USER,de
8941,Demotermine1250288610165282021-08-29 20:24:57,16528,2021-08-29 20:25:09,"Trommeln für Frieden , Freiheit und Selbstbestimmung — Markus Huck B.P. in spe URL 3:27 Raus auf die Straßen USER",de
16986,Demotermine1250288610254192021-11-06 17:25:24,25419,2021-11-06 17:25:52,"❤ ️ AN ALLE DEMOKRATEN ❤ ️ ⏱ 19 Uhr 📍 Richard-Wagner-Platz Auf dem Richard-Wagner-Platz beginnt um 19 Uhr eine angemeldete Demo . Der Zugang zu angemeldeten Demos muss gewährt werden ! 🇩 🇪 FRIEDEN , FREIHEIT , DEMOKRATIE 🇩 🇪",de
11599,Demotermine1250288610123442021-07-12 12:56:18,12344,2021-07-12 12:55:32,Altenmünster Bitte Schilder mitbringen ! Ich freu mich auf Euch ! USER 12072021 Raus auf die Straße USER,de
16330,Demotermine1250288610266282021-11-14 10:33:37,26628,2021-11-14 10:31:06,"Wir sind Menschen , kein QR Code . Wir haben ein Recht auf Behandlung . ! ! ️!!️ 21.11.2021 13.00 Uhr ! ! ️!!️ Protestaktion gegen Diskriminierung und Ausgrenzung . Die Ärzte machen sich Mitschuldig . Lich ( Hessen bei Giessen ) 🤬 -GENUG IST GENUG- 🤬 # HE # So2111 # Lich Raus auf die Straßen USER 👉 Übersicht / Overview 👈",de
3047,Demotermine1250288610297432021-12-03 18:49:55,29743,2021-12-03 18:49:52,"Du kannst weglaufen , aber nicht entkommen ... USER - Bilder und Videos hochladen - USER - Mitdenken USER",de
4755,Demotermine1250288610275872021-11-20 21:30:05,27587,2021-11-20 21:30:02,☀ ️ 💪 🏼 Norwegen 🇳 🇴 Oslo - Akzeptieren wir die Impfung bei Kindern ? NEIN 🙅 ‍ ♂ ️ 🙅 ‍ ♀ ️ 👏 🏼 # WorldWideDemo 20. November 2021 🌍 WORLDWIDE REVOLUTION 🕊 URL Raus auf die Straßen USER 👉 Übersicht / Overview 👈,de
4486,Demotermine1250288610280252021-11-23 23:45:15,28025,2021-11-23 23:45:12,🇩 🇪 🇦 🇹 Rede an alle Grundrechtsaktivisten — honkforhope URL 25:36 Raus auf die Straßen USER 👉 Übersicht / Overview 👈,de
10821,Demotermine1250288610134942021-08-01 15:24:27,13494,2021-08-01 15:24:26,🇩 🇪 Demo Berlin : Mit drei Hubschraubern überfliegt die Polizei das Demogelände . # b0108 Raus auf die Straße USER,de
4875,Demotermine1250288610273992021-11-20 15:19:21,27399,2021-11-20 15:19:12,🇦 🇹 Österreich ⏱ 20.11.2021 Österreich ist auf den Straßen von Wien . Redaktionsteam via USER Raus auf die Straßen USER 👉 Übersicht / Overview 👈,de
5704,Demotermine1250288610213022021-10-13 23:08:23,21302,2021-10-13 23:08:22,Gestern Nachmittag nette Spritpreise im Hunsrück 🤦 🏻‍ ♂ ️ Raus auf die Straßen USER 👉 Übersicht / Overview 👈,de
8838,Demotermine1250288610166842021-08-31 12:10:02,16684,2021-08-31 12:10:06,Berlin 28.08.2021 Polizei wird von Demonstranten umzingelt — Querdenken -241 URL 1:16 Raus auf die Straßen USER,de
17757,Demotermine1250288610240902021-10-30 13:11:18,24090,2021-10-30 13:11:56,"🔴 LIVE aus Rom : Proteste begleiten G20-Gipfel – Impfpflichtgegner , Klimaaktivisten und Gewerkschaften beteiligt USER Raus auf die Straßen USER 👉 Übersicht / Overview 👈",de
6115,Demotermine1250288610207472021-10-08 11:12:00,20747,2021-10-08 11:11:30,Werbung für Antifa Terrorgruppen mit freundlicher Unterstützung von Altparteien und Mainstream URL URL USER Raus auf die Straßen USER 👉 Übersicht / Overview 👈,de
5117,Demotermine1250288610222772021-10-19 18:34:33,22277,2021-10-19 18:32:06,Wir rocken wieder Dessau . Wieder mit einer der größten Städte aus Deutschland . Letzte Mal schon das absolute Highlight . Diesmal mit zwischenkundgebungen und ein Party die wir uns am Ende verdient haben . Dessau steht für Mitteldeutschland und der Wiederstand hört nicht auf . Er wächst und wächst ❤ ️ # ST # Sa2310 # Dessau Raus auf die Straßen USER 👉 Übersicht / Overview 👈,de
7047,Demotermine1250288610193832021-09-26 17:29:58,19383,2021-09-26 17:30:15,Bundestagswahl 2021 : Kopf-an-Kopf-Rennen zwischen CDU und SPD – Linke bei 5 Prozent-Hürde — Epoch Times Nachrichten URL 1:26 Raus auf die Straßen USER,de
21882,Demotermine125028861017642020-06-30 01:53:39,1764,2020-06-30 00:45:19,Gemeinsam zur Sternfahrt Schorndorf am 4. Juli 2020 USER Treffen ab 9.00 Ühr Abfahrt 10.45 USER Chat Treffpunkt : WARM UP Zweiradtechnik GmbH Stuttgarter Str. 100 73430 Aalen Korso wird angeführt von Markus Hausner USER - Bilder und Videos hochladen USER - Diskussion USER Fahren oder Mitfahren USER - Übernachten ? USER,de
6934,Demotermine1250288610195882021-09-27 14:32:55,19588,2021-09-27 14:32:41,"Gestern in Karlsruhe , Antifa stört Wahlparty der Grünen 😂 . Die wissen auch nicht , was sie wollen . USER USER Raus auf die Straßen USER",de
14255,Demotermine125028861089042021-04-11 10:13:16,8904,2021-04-11 07:35:27,📆 Mahnwache 👉 🏻 mehr Infos dazu # Termin # QuerDenken ! Göppingen Oberschulamt USER 12042021 Raus auf die Straße USER,de
16337,Demotermine1250288610266192021-11-14 07:10:29,26619,2021-11-14 07:10:26,"❣ ♥ ️ ❣ ♥ ️ ❣ ♥ ️ ❣ Dieses Bild berührt uns sehr . Bleibt stark , Eure Kinder brauchen EUCH ♥ ️ ♥ ️ ♥ ️ Raus auf die Straßen USER 👉 Übersicht / Overview 👈",de
9471,Demotermine1250288610155012021-08-28 16:02:52,15501,2021-08-28 16:03:31,"28.08.2021 um 18 : 02 Uhr Polizeipräsenz massiv . Gehen jetzt rein . "" Aufräumen ! "" USER Raus auf die Straßen USER",de
3585,Demotermine1250288610288282021-11-29 14:45:14,28828,2021-11-29 14:29:57,"MONTAGSPROTEST Bürger treffen sich , die der Politik offen widersprechen ! ! ️ Marktplatz Seligenstadt 18 Uhr # HE # Mo2911 # Seligenstadt Raus auf die Straßen USER 👉 Übersicht / Overview 👈",de
5783,Demotermine1250288610211782021-10-13 05:15:21,21178,2021-10-13 05:15:59,"! ! ️Chemnitz war wieder auf der Straße 👍 !!️ 👉 für Freiheit und Souveränität 👉 gegen Diskriminierung von Menschengruppen mit Hilfe von "" 3 G "" und anderen Regeln Raus auf die Straßen USER 👉 Übersicht / Overview 👈",de
452,Demotermine125028861074102021-03-13 11:15:21,7410,2021-03-10 03:50:44,⛔ ⛔ ⛔ ⛔ ⛔ KUNDGEBUNG ⛔ ⛔ ⛔ ⛔ ⛔ ⛔ ⛔ ⛔ ⛔ ⛔ ⛔ MAGDEBURG ⛔ ⛔ ⛔ ⛔ ⛔ ⛔ 🚨 🚨 🚨 🚨 1 Jahre Lockdown-Politik 🚨 🚨 🚨 Wann : 13.03.2021 um 13:00 Uhr Wo : Domplatz Magdeburg 👇 👇 👇 👇 👇 👇 👇 👇 👇 👇 👇 👇 ANREISE : URL Livestream auf 👇 👇 👇 👇 👇 👇 URL Bitte folgt uns USER ! ! ️!!️Jeder ist Willkommen ! ! ️!!️ Auf nach Magdeburg URL Video URL USER 13032021 Raus auf die Straße USER,de
18288,Demotermine1250288610231612021-10-25 05:11:46,23161,2021-10-25 05:11:23,"Frieden , Freiheit , Souveränität ! 🕊 Altenburg , Trau dich ! Folgt uns auf Telegram 👇 URL # TH # Mo2510 # Altenburg Raus auf die Straßen USER 👉 Übersicht / Overview 👈",de
1411,Demotermine1250288610320782021-12-17 11:10:12,32078,2021-12-17 11:10:09,ODE AN DIE FREIHEIT - WEIMAR LÄUFT ( Rückblick ) Erinnerungen halten wach - bleiben wir in Bewegung ! — DER THÜRINGER 2.0 URL 5:07 Raus auf die Straßen USER 👉 Übersicht / Overview 👈,de
22547,Demotermine1250288610650,650,2020-01-01 11:19:03,"Herzlichen Glückwunsch zum Geburtstag Liebe Flüchtlinge — Halle Leaks URL 1:03 Nächste Montagsdemo Halle , Riebeckplatz , am 13.1.2020 , 18 Uhr .",de
18920,Demotermine125028861056192021-01-29 10:17:44,5619,2021-01-29 10:17:28,🚨 Berlin 28.01.21 am Walther Schreiber Platz in Berlin Steglitz 🚨 Der USER war persönlich vor Ort und hat das Projekt begleitet 🦋 ♦ ️ ♦ ️ ♦ ️ ♦ ️ ♦ ️ ♦ ️ USER USER USER ♦ ️ ♦ ️ ♦ ️ ♦ ️ ♦ ️ ♦ ️ USER,de
4280,Demotermine125028861035772020-11-06 05:31:22,3577,2020-11-06 05:15:48,Weitere Infos zu den Freitagsdemos Göppingen URL Hamm URL Köln URL Landshut URL Stuttgart URL Gerichtsverhandlungen Aalen URL Mit der Suche lässt sich in diesem Kanal fast jede Demo ganz einfach finden Event mitteilen USER Bilder und Videos hochladen USER - Termine in Textform USER Fahren oder Mitfahren USER - Übernachten ? USER USER - USER - USER,de
17240,Demotermine1250288610250802021-11-04 14:40:18,25080,2021-11-04 14:40:40,"Triest ruft , Leipzig antwortet ! | Von Anselm Lenz Am kommenden Samstag versammelt sich die deutsche Demokratiebewegung in Leipzig . In Italien , Frankreich und der Schweiz sehen sich die neuen Demokrati .. weiterlesen auf apolut.net # Standpunkte USER Raus auf die Straßen USER 👉 Übersicht / Overview 👈",de
6273,Demotermine1250288610205262021-10-06 02:43:34,20526,2021-10-06 02:43:36,Demo Umzug Heilbronn Kreuzung BW-Bank am 03.10.2021 HD-Version URL Raus auf die Straßen USER 👉 Übersicht / Overview 👈,de
21036,Demotermine125028861029432020-09-23 10:26:54,2943,2020-09-23 10:25:18,"Heute Mittwoch , 23. September 2020 10117 Deutschland Berlin 18:00 Uhr Bundeskanzleramt Kundgebung 8010 Oesterreich Graz 18:00 Uhr Hauptplatz Meditation 84028 Deutschland Landshut 19:00 Uhr Martinskirche -- > Rathaus Mahnwache Bilder und Videos hochladen USER - USER Fahren oder Mitfahren USER - Übernachten ? USER USER - USER - USER",de
5090,Demotermine1250288610156092021-08-28 17:54:06,15609,2021-08-28 17:53:27,"🇩 🇪 Demo Berlin : Auch der bekannte Arzt des Corona-Widerstands Dr. Heinrich Fiechtner , befindet sich unter den Demonstranten . Wie er uns berichtet , wurde er schon einmal von Geisels Prügelgarde herausgezogen und kontrolliert . # b2808 URL Raus auf die Straßen USER",de
21253,Demotermine125028861026812020-09-06 11:39:38,2681,2020-09-03 18:29:08,Größere Querdenken-Demo in Düsseldorf angemeldet ! Bitte weiterverbreiten ! ! ! 20.09.2020 Bilder und Videos hochladen USER - USER Fahren oder Mitfahren USER - Übernachten ? USER USER,de
21439,Demotermine125028861024022020-08-13 22:56:24,2402,2020-08-13 22:30:32,Am kommenden Samstag 15.08.2020 ab 14 Uhr in 58511 Lüdenscheid Rosengarten eine Corona Kundgebung zum Thema Gemeinsam für Grundrechte . Wir denken selbst . Eltern stehen auf . Das Tragen einer Maske ist wegen Einhaltung des Vermummungsverbotes nicht gestattet . USER Bilder und Videos hochladen USER - Termine in Textform 👉 USER mitteilen Fahren oder Mitfahren USER - Übernachten ? USER USER,de
1083,Demotermine1250288610324932021-12-19 07:57:14,32493,2021-12-19 07:54:18,Wittenberg steht auf Montag wieder 18 Uhr Treffpunkt 17:45 Uhr am Marktplatz Leute aus der Umgebung können sich gerne vernetzen USER # ST # Mo2012 # Wittenberg Raus auf die Straßen USER 👉 Übersicht / Overview 👈,de
5024,Demotermine1250288610158542021-08-29 09:41:45,15854,2021-08-29 09:41:52,🇩 🇪 Demo-Berlin : Offenbar drehen die Demonstranten wieder um und wollen sich nun doch am abgesperrten Humboldthain versammeln . Verantwortlich dafür ist eine Meldung vom Infokanal für den 28. und 29. August . Dessen Admin ist unbekannt . # b2908 Raus auf die Straßen USER,de
7621,Demotermine1250288610185782021-09-19 08:57:11,18578,2021-09-19 08:58:22,Schwerer Zwischenfall bei mobilem Impfteam in der Altstadt Spandau USER Die umfassendsten Infos USER Werde USER jetzt !,de
837,Demotermine1250288610135772021-08-02 00:34:50,13577,2021-08-02 00:34:50,Nach dem Verbot mehrerer « Querdenker»-Demonstrationen ziehen Tausende Menschen durch Berlin . 👉 🏻 Neuer Beitrag Raus auf die Straße USER,de
9378,Demotermine1250288610158492021-08-29 09:32:03,15849,2021-08-29 09:32:10,Berlin 29.08.2021 um 11 : 31 Uhr Einsatzfahrzeuge am Alexanderplatz via USER Raus auf die Straßen USER,de
1938,Demotermine1250288610314372021-12-12 17:17:51,31437,2021-12-12 17:17:00,❌ Erfurt jeden Montag um 19 Uhr auf dem Anger ( Lutherdenkmal ) ( friedlicher Spaziergang gegen Impfpflicht ) # TH # Mo1312 # Mo2012 # Mo2712 # Erfurt # montags Raus auf die Straßen USER 👉 Übersicht / Overview 👈,de
4750,Demotermine1250288610275922021-11-20 22:06:41,27592,2021-11-20 22:02:11,""" Kurz muss weg "" hat heute gefehlt . Auf der Suche nach einer neuen Parole ... Ihr könnt mich alle ... URL Raus auf die Straßen USER 👉 Übersicht / Overview 👈",de
2625,Demotermine1250288610303912021-12-06 17:39:31,30391,2021-12-06 17:33:18,Rotenburg an der Fulda # HE # Mo0612 # RotenburgROF Raus auf die Straßen USER 👉 Übersicht / Overview 👈,de
10246,Demotermine1250288610143312021-08-16 11:46:37,14331,2021-08-16 11:46:36,SCHWURBEL TV AM 16.08.2021 ! 🍌 ! ! ️HEUTE AB 18.00 UHR AUF DEM SCHLOßPLATZ IN ORANIENBURG!!️ URL Paypal : infoUSER JETZT BESTELLEN 🍌 URL Raus auf die Straße USER,de
4972,Demotermine1250288610272382021-11-20 08:47:32,27238,2021-11-20 08:47:29,"KLEINER TIPP FÜR DIE ALTEN SPÖ'LER : Wo wären Bruno Kreisky und Willy Brandt am Samstag , den 20. November ? Waren sie bei den Menschen , die für die Freiheit eintreten oder bei Obergruppenführer Schallenberg , der für "" Impfpflicht "" einführen will ? Nur einmal so als Denksport . USER 🇩 🇪 🇦 🇹 Raus auf die Straßen USER 👉 Übersicht / Overview 👈",de
12716,Demotermine1250288610109992021-05-24 08:59:07,10999,2021-05-24 08:59:06,"Berlin 23.05.2021 - Pfingsten in Berlin Thilo Cablitz , Pressesprecher der Berliner Polizei und Leiter der Pressestelle , gibt vor der Gedächtnis-Kirche seine Sichtweise zum Demonstrationsrecht und zur rechtlichen Lage wider . USER Raus auf die Straße USER",de
7634,Demotermine1250288610184912021-09-18 15:02:15,18491,2021-09-18 15:02:19,Die Dimitroff-Wache und zwei Bankfilialen hat es ordentlich erwischt . # le1809 # Leipzig Raus auf die Straßen USER,de
10704,Demotermine1250288610136762021-08-03 12:15:21,13676,2021-08-03 12:15:20,# be1821 Kurfürstenstraße 2 Demozüge vereinigen . Polizei ist abgerückt nach Berlin Mitte ( 15.40Uhr ) — Osnabrücker Sommer der Aufklärung URL 1:44 Raus auf die Straße USER,de
19868,Demotermine12502886104402,4402,2020-12-07 02:26:43,GERADEAUSDENKEN - Unser Mittelpunkt ist der Mensch Zur MP3 : URL USER - Bilder und Videos hochladen - USER - Mitdenken USER,de
23042,Demotermine125028861062052021-02-11 12:44:33,6205,2021-02-11 12:42:08,Kellmünz an der Iller Autokorso Start Parkplatz an der Kälberweide WIR FAHREN FÜR DAS BEENDEN DES LOCKDOWNS UND DEN UNVERHÄLTNISMÄßIGEN MAßNAHMEN 🚗 🚙 🚛 USER USER 13022021 Bilder und Videos hochladen USER - Termine in Textform USER Fahren oder Mitfahren USER - Übernachten ? USER USER - USER - USER,de
9145,Demotermine1250288610162242021-08-29 13:33:03,16224,2021-08-29 13:33:34,"Berlin 29.08.2021 um 15 : 31 Uhr Der große Zug ist derzeit mindestens 1,5 km lang . Die Spitze des großen Zuges befindet sich aktuell ungefähr an Kreuzung Danziger Str. / Greifswalder Str. , während das Ende gerade noch an der Kreuzung Landsberger Allee / Danziger Str. ist . USER Raus auf die Straßen USER",de
1671,Demotermine1250288610317542021-12-14 06:00:02,31754,2021-12-14 05:59:59,Das kleine Falkensee in Brandenburg verdoppelt die Teilnehmer-Zahl von 250 auf diesmal rund 500 👏 👏 💪 Raus auf die Straßen USER 👉 Übersicht / Overview 👈,de
19402,Demotermine125028861050032021-01-11 12:49:00,5003,2021-01-08 11:14:43,"Reutlingen Marktplatz Lichterspaziergang für Frieden , Freiheit , Wahrheit und Demokratie Mobivideo URL USER 11012021 - 18012021 - 25012021 - 30012021 Bilder und Videos hochladen USER - Termine in Textform USER Fahren oder Mitfahren USER - Übernachten ? USER USER - USER - USER",de
1271,Demotermine1250288610322352021-12-18 14:43:54,32235,2021-12-18 14:29:09,"Situation in Reutlingen Danke an Siggi Tipp : Shoppen in der Stadt ist noch erlaubt . Gehen wir Schaufenster bummeln statt spazieren . Wichtig ist , dass die Reutlinger ( Ur-)Einwohner ihre Demokratie im besten Deutschland aller Zeiten erkennen Kommentarbereich URL Raus auf die Straßen USER",de
16233,Demotermine1250288610268562021-11-15 13:52:29,26856,2021-11-15 13:52:26,"😍 Hurra Polizeistaat Nach fast 70 Jahren zermürbender Demokratie , haben wir endlich den Sprung zur Diktatur geschafft . 🎇 🎆 🎇 🎆 Raus auf die Straßen USER 👉 Übersicht / Overview 👈",de
12900,Demotermine1250288610107632021-05-20 16:20:17,10763,2021-05-20 16:20:17,"Freedom News : Pfingsten , 1 Jahr Freedom Parade — Freedom Parade mit Captain Future URL 2:55 Raus auf die Straße USER",de
5884,Demotermine1250288610210282021-10-11 21:03:37,21028,2021-10-11 21:03:53,"Heute B Dürkheim mit Omas gegen Rächts , Inge Heimer auch dabei 19.30h war das Geld verbraucht 😂 Die waren so lächerlich , ich bin gespannt ob die nochmal kommen . Mit Blockflöten , evtl keine Trillerpfeifen mehr vorhanden 🤦 ‍ ♀ ️ ! ! ️!!️!!️!!️!!️!!️!!️!!️!!️!!️!!️!!️!!️ Teilnehmer der Demo : Das war zu Beginn vor 18h , waren Ca 350 zum Schluss Raus auf die Straßen USER 👉 Übersicht / Overview 👈",de
19829,Demotermine125028861044522020-12-10 13:51:50,4452,2020-12-10 13:38:53,Die Aktionen am heutigen Donnerstag Terminkalender URL WeitereInfos Karlsruhe URL Neheim URL Schwäbisch Gmünd URL Poing URL Frauen-Bustour Erkelenz - Bonn URL Termin mitteilen USER USER,de
5977,Demotermine1250288610206552021-10-07 15:05:16,20655,2021-10-07 14:03:20,"Stuttgart , 9.10. , Große Parade 13.00 zwischen Hauptbahnhof und Milaneo URL Unsere griechischen Mitstreiter für Frieden , Freiheit , Unabhängigkeit und vor allem Demokratie freuen sich , wenn wir auch bei ihnen vorbeischauen URL # BW # Sa0910 # Stuttgart Raus auf die Straßen USER 👉 Übersicht / Overview 👈",de
14463,Demotermine125028861086792021-04-06 00:11:22,8679,2021-04-06 00:10:11,Es geht um unsere Zukunft ! ! ️🟡 16 DEMOS - 16 BUNDESLÄNDER🟡!!️ # esreicht Alle News bekommt ihr wie immer in unseren Bundesland-Kanälen über : USER und auf unserer Homepage unter : URL 💛 Initiatoren : Menschen wie du und ich . 💛 Übersicht URL Raus auf die Straße USER,de
3433,Demotermine1250288610290632021-11-30 15:02:34,29063,2021-11-30 15:02:31,Auch wir fangen morgen mit dem # Schulstreik an ! Stoppt den CORONA-WAHNSINN ! Freie Bildung ohne Zwangsmaßnahmen ! Freie Jugend : Folgt uns auf Telegram ! URL Raus auf die Straßen USER 👉 Übersicht / Overview 👈,de
16411,Demotermine1250288610264532021-11-13 15:39:09,26453,2021-11-13 15:39:06,"13.11.2021 Fulda "" Ungeimpfte sind die neuen Nigger "" neues Lied von USER Für mehr Berichte folgen auf ... USER Raus auf die Straßen USER 👉 Übersicht / Overview 👈",de
7237,Demotermine1250288610191322021-09-24 10:54:00,19132,2021-09-24 10:53:36,"Achtung ! Termin nicht vergessen ! Wir werden am 03.10.2021 in Halle sein , für Frieden , Freiheit und Souveränität ! # WirwerdenAlledasein Folgt uns auf Telegram ⬇ ️ ⬇ ️ ⬇ ️ USER # ST # So0310 Raus auf die Straßen USER",de
14932,Demotermine125028861081442021-03-25 20:27:15,8144,2021-03-25 16:05:49,📆 Regierungsrücktritt & Frühlingserwachen ( UPDATE ) 👉 🏻 mehr Infos dazu # Termin # QuerDenken ! USER 28032021 Raus auf die Straße USER,de
11200,Demotermine1250288610129682021-07-25 17:17:00,12968,2021-07-25 17:17:00,Derweil in KASSEL jagen DIE VERBRECHER IN UNIFORM ( Polizei ) Frauen mit „ UMARMBAR-BUTTONS “ ... weil die dann natürlich Waffen im Rucksack mit sich rumtragen ... URL Polizei und Medien ... 2 Verbrecher-Säulen der derzeitigen Diktatur ! ! ! URL ⬆ ️ ⬆ ️ ⬆ ️ 🔼 🔼 🔼 ⬆ ️ ⬆ ️ ⬆ ️ 👉 Stuttgart Widerstand Grundrechte Freiheit Grundgesetz Demos 👈 Raus auf die Straße USER,de
9780,Demotermine1250288610150332021-08-27 12:39:13,15033,2021-08-27 12:39:12,Wir stehen auf für unsere Kinder & fordern ein sofortiges Ende aller Corona Maßnahmen ! Schluss mit dem Masken-und Testwahn an Schulen ! ! ! # GenugIstGenug # HändeWegVonUnserenKindern # SaveTheChildren # bo2808 # b2908 # WirSehenUnsAlleInBerlin # wirwerdenALLEdasein Raus auf die Straßen USER,de
9328,Demotermine1250288610159292021-08-29 10:42:19,15929,2021-08-29 10:43:15,"❤ ️ Unsere Liebeserklärung an Nena , Naidoo , Wendler und all die anderen Promis , die gegen Corona-Diktatur und Impfpflicht aufbegehren . In COMPACT-Spezial Die Querdenker - Liebe und Revolution haben wir ein ganzes Kapitel den Stars der Szene gewidmet . ➡ ️ Hier mehr erfahren . Raus auf die Straßen USER",de
6650,Demotermine1250288610200112021-10-01 16:11:16,20011,2021-10-01 16:09:38,Straßburg / Strasbourg USER # FR # Mi1310 USER International channel : URL Raus auf die Straßen USER 👉 Übersicht / Overview 👈,de
15279,Demotermine125028861076142021-03-15 18:35:57,7614,2021-03-15 18:35:57,"Hier könnt ihr zu den Demos , vor allem auch am Samstag mitfahren oder eure Fahrten anbieten URL Raus auf die Straße USER",de
10760,Demotermine125028861013474,13474,2021-08-01 14:55:35,"❤ ️ FÜR ALLE DEMOKRATEN ❤ ️ GANZ BERLIN LÄUFT 💪 👍 🥳 Die Polizei des links-faschistischen Innensenators Geisel hat keine Chance gegen freiheitsliebende , friedliche Demokraten!!️ IHR SEID SPITZE 👍 👍 👍",de
22328,Demotermine125028861010822020-05-22 07:01:12,1082,2020-05-22 07:01:11,"Demo in Darmstadt - 4.000 Teilnehmer genehmigt Start : 15.30 Ort : Darmstadt - Messeplatz Mit dabei , unter anderen : - Ralf Ludwig ( Rechtsanwalt ) - Max Otte ( Ökonom ) USER USER USER USER USER - Bilder und Videos hochladen USER - Diskussion USER Fahren oder Mitfahren USER",de
18536,Demotermine1250288610227792021-10-23 07:30:15,22779,2021-10-23 07:30:14,Sterbezahlen DeStatis 2021 - 10 - 22 — 4466hp URL 27:05 Raus auf die Straßen USER 👉 Übersicht / Overview 👈,de
7356,Demotermine1250288610188722021-09-22 10:34:52,18872,2021-09-22 10:35:10,"Querdenker haben mitgeschossen ? Am Arsch ! Der # Tankstellenmord wird im Netz instrumentalisiert , um gegen Kritiker der Maßnahmen zu hetzen . Dabei sind eher diejenigen mitschuldig , die diesen Maßnahmen-Schwachsinn unhinterfragt mitmachen . Quellen URL Meine Arbeit unterstützen unblogd.cc - Danke ! ✅ Informationen aus MV Informationen aus Mecklenburg-Vorpommern Raus auf die Straßen USER",de
17601,Demotermine1250288610244082021-10-31 13:05:17,24408,2021-10-31 12:45:20,"Meck Pomm zeigt , dass Ungeimpfte überleben — Neubrandenburger Spaziergang URL 2:23 # MV # Rostock # Neubrandenburg # Teterow # Greifswald # Güstrow # Wolgast # Mo0111 # Di0211 # Mi0311 # Do0411 Raus auf die Straßen USER 👉 Übersicht / Overview 👈",de
20437,Demotermine125028861037002020-11-10 18:39:40,3700,2020-11-10 18:39:40,EIL : EU will Lieferdeal mit Biontech schließen ... - Noch ein Kaufvertrag ohne Produkt ? — Carolin Matthie URL 6:51 USER Bilder und Videos hochladen USER - Termine in Textform USER Fahren oder Mitfahren USER - Übernachten ? USER USER - USER - USER,de
8871,Demotermine1250288610166302021-08-31 01:40:11,16630,2021-08-31 01:41:30,"Wir definieren Social Media so : "" Soziales Engagement für Menschen in Not "" . Mit euren Geldern retten wir Menschenleben . Erwartet uns . - URL",de
8404,Demotermine1250288610173242021-09-06 12:39:25,17324,2021-09-06 12:35:17,Kranzniederlegung am Feld des Jammers ( Rheinwiesenlager ) — Markus Huck B.P. in spe URL 6:42 USER Raus auf die Straßen USER,de
7325,Demotermine1250288610189822021-09-23 19:24:25,18982,2021-09-23 19:25:14,""" Livestream Bern 23.9.2021 - Wir sind Menschen "" — Sabine Seibold URL 1:26:13 Raus auf die Straßen USER",de
2666,Demotermine1250288610303482021-12-06 11:21:52,30348,2021-12-06 11:21:49,Corona 28 - Tag der Freiheit - 01.08.20 Berlin - Ultimate Trailer ! ! ! ( Re-Upload ) 👉 🏻 Neuer Beitrag Raus auf die Straßen USER 👉 Übersicht / Overview 👈,de
3774,Demotermine1250288610285532021-11-27 08:01:57,28553,2021-11-27 08:01:54,"Friseurmeister Henning John - Nazis raus Haararbeiten Herderstraße 1 , 09599 Freiberg URL USER - Holt eure Kontakte JETZT zu Telegram - Deine Argumente bitte USER",de
15037,Demotermine125028861080022021-03-23 03:17:22,8002,2021-03-23 03:15:16,"Köln Autokorso , 27.03.2021 Anmeldung USER autokorso-koelnUSER USER 27032021 Raus auf die Straße USER",de
11488,Demotermine1250288610124962021-07-16 10:56:17,12496,2021-07-16 10:51:16,📆 Aufklärende Werbefahrt für den 1. August in Berlin 👉 🏻 mehr Infos dazu # Termin Mehr URL Raus auf die Straße USER,de
15507,Demotermine125028861073402021-03-08 21:46:12,7340,2021-03-08 21:36:47,"Arnsberg Ludgeri-Parkplatz , Heinrich-Lübke-Straße 14 gegenüber der Sparkasse USER USER USER USER 12032021 Raus auf die Straße USER",de
9704,Demotermine1250288610151402021-08-28 10:37:30,15140,2021-08-28 10:31:10,Brutale Polizeigewalt Berlin 28082021 URL ⬆ ️ ⬆ ️ ⬆ ️ 🔼 🔼 🔼 ⬆ ️ ⬆ ️ ⬆ ️ 👉 Stuttgart Widerstand Grundrechte Freiheit Grundgesetz Demos 👈 Längere Version URL USER Raus auf die Straßen USER,de
17755,Demotermine1250288610240922021-10-30 13:29:32,24092,2021-10-30 13:27:39,"Da gehen wir auch hin , zumindest vor das Gebäude , und verleihen die goldene Spritze . 😄 URL # BLN # Sa3010 # Neukölln Raus auf die Straßen USER 👉 Übersicht / Overview 👈",de
3322,Demotermine1250288610292492021-12-01 16:50:10,29249,2021-12-01 16:50:07,Entweder sich wehren oder das Land verlassen | Markus Haintz — GD-TV URL 7:03 Raus auf die Straßen USER 👉 Übersicht / Overview 👈,de
2832,Demotermine1250288610300612021-12-04 16:02:42,30061,2021-12-04 16:02:39,"Schlusskundgebung am Schloss in Steglitz . Die Welt geht vor die Hunde , aber der weinachtseinkauf darf nicht fehlen . 🤦 ‍ ♂ ️ 🤦 ‍ ♂ ️ Raus auf die Straßen USER 👉 Übersicht / Overview 👈",de
18367,Demotermine1250288610230312021-10-24 13:03:29,23031,2021-10-24 13:03:36,Das Schweigen der Medien « Radikale Massnahmenbefürworter zerstören zahlreiche Plakate der Nein-Kampagne zum Covid-Gesetz . Die Mainstream-Medien schweigen laut . » Ein Artikel ( Linth24 ) über die Akte des antidemokratischen Vandalismus und die Rolle der Medien . 🔗 « Vandalen attackieren Demokratie » URL Raus auf die Straßen USER 👉 Übersicht / Overview 👈,de
3966,Demotermine1250288610282942021-11-26 09:02:17,28294,2021-11-26 09:01:03,Wien – Täglicher Dauerspaziergang Dauerprotest-Camp im Stadtpark – Zelinkadenkmal Ab 17 Uhr – Täglicher Demospaziergang Frieden – Freiheit – Selbstbestimmung – Demokratie # AT # Fr2611 # Sa2711 # So2811 # Mo2911 # Wien Raus auf die Straßen USER 👉 Übersicht / Overview 👈,de
2510,Demotermine1250288610305862021-12-07 17:17:34,30586,2021-12-07 17:17:31,"🖤 🤍Thüringen steht auf!🤍 🖤 Zeulenroda , wir sehen uns wieder ! Freie Jugend : Folgt uns auf Telegram ! URL Raus auf die Straßen USER 👉 Übersicht / Overview 👈",de
3939,Demotermine1250288610283242021-11-26 13:54:28,28324,2021-11-26 13:54:25,Eine Aktion zu der alle Initiativen in Bayern aufrufen . Raus auf die Straßen USER 👉 Übersicht / Overview 👈,de
13877,Demotermine125028861092212021-04-17 20:30:47,9221,2021-04-17 20:30:46,"🗓 Besuche demo-info.at , Aktuelle Demonstrationen und Volksbegehren in Österreich . Wochenende für Moria - Linz , Oberösterreich : Wochenende für Moria – Linz URL # Termin Raus auf die Straße USER",de
5166,Demotermine1250288610222092021-10-19 04:14:40,22209,2021-10-19 04:14:48,"In dieser Apotheke gilt 1 G Gesunder Menschenverstand 🤍 "" Wir beteiligen uns nicht an staatlich verordneter Hirnwäsche und Diskriminierung von Mitmenschen . "" DANKE an die Apotheke in 34359 Reinhardshagen 🙏 Raus auf die Straßen USER 👉 Übersicht / Overview 👈",de
23660,Demotermine1250288610142782021-08-16 02:59:37,14278,2021-08-15 01:18:19,"So muss das sein . Mitten im Wald , schlechte Zufahrt Straßen eine Uhrzeit wo alle Reiterstaffeln und Wasserwerfer keine Chance haben in einer Gegend wo sich unsere Staatsgewalt nicht auskennt . Respekt ! USER Kommentar vom Mäckle URL Wir lassen uns die Party nicht verbieten ! Video URL Videokommentar URL Nena-Video URL Presse URL Raus auf die Straße USER",de
5596,Demotermine1250288610215282021-10-15 03:04:58,21528,2021-10-15 03:04:33,"🟥 Am 16.10. findet in Wien der Marsch für das Leben statt ! Treffpunkt ist 13:30 am Stefansplatz . Die letzten Male waren schon sehr viele , vor allem junge Menschen auf der Straße ! # AT # Sa1610 # Wien Raus auf die Straßen USER 👉 Übersicht / Overview 👈",de
11822,Demotermine1250288610120972021-07-02 22:26:59,12097,2021-07-02 22:24:09,! ! ️Am Montag 05.07. Spaziergang um 18:00 Uhr - Start gegenüber vom Bahnhof Bamberg ! ! ️ USER USER 05072021 Raus auf die Straße USER,de
9182,Demotermine1250288610161532021-08-29 12:44:38,16153,2021-08-29 12:45:12,"Berlin 29.08.2021 um 14 : 43 Uhr Der Beamte 11300 , der sich gestern möglicherweise strafbar gemacht hat ( siehe URL ) , ist auch heute wieder im Einsatz ! USER Raus auf die Straßen USER",de
9078,Demotermine1250288610163312021-08-29 14:40:50,16331,2021-08-29 14:40:55,"Berlin 29.08.2021 um 16 : 39 Uhr 🍯 Hier geht's zum Kessel 🍯 👁 URL Jemand hat uns gesagt , es gäbe dort gratis Bier . Wer prüft das für uns nach und wirft einen Blick dorthin ? USER USER Raus auf die Straßen USER",de
9967,Demotermine1250288610147312021-08-23 14:28:06,14731,2021-08-23 14:27:59,"Imperiales Polizei-Rock-Festival besucht von Captain Future in der Columbia Halle Berlin , 21.08.2021 Auch bei YouTube : URL Raus auf die Straßen USER",de
8029,Demotermine1250288610178962021-09-14 13:49:13,17896,2021-09-14 13:50:16,"Olaf Claudepierre Live in Osnabrück "" Freiheit "" mit Zugabe * — Osnabrücker Sommer der Aufklärung URL 5:00 Raus auf die Straßen USER",de
19586,Demotermine125028861047532020-12-28 05:53:03,4753,2020-12-28 05:52:15,"Liebe Mitstreiter , wichtiger Termin : Heute Montag , den 28.12. stehen wir -eine kleine Gruppe Menschen mit einem großen Lautsprecher- wieder ab 11.00- 14.00 vor dem Kochstudio RKI , Nordufer 20 , Berlin-Wedding . Wir freuen uns über Eure Gesellschaft ! USER USER 28122020 Bilder und Videos hochladen USER - Termine in Textform USER Fahren oder Mitfahren USER - Übernachten ? USER USER - USER - USER",de
8634,Demotermine1250288610169412021-09-02 10:13:44,16941,2021-09-02 10:13:20,"Raus auf die Straße - "" Söder muss weg ! "" 📢 💪 🥁 Freitag den 03.09.2021 ab 18 Uhr Martin-luther-platz 91126 Schwabach Wir freuen uns auf Euch beim offenen Mikrofon ❤ 🎙 🎙 🎙 USER 03092021 Raus auf die Straßen USER",de
6174,Demotermine1250288610206452021-10-07 10:05:19,20645,2021-10-07 10:05:37,Dr. Gerhard Schindler : “ Die akuten Bedrohungen der Sicherheit Deutschlands”| Schwarmintelligenz 2021 — Epoch Times Nachrichten URL 23:52 Raus auf die Straßen USER 👉 Übersicht / Overview 👈,de
3519,Demotermine1250288610289172021-11-30 01:23:14,28917,2021-11-30 01:22:58,In jeder Ecke des Marktes wurde bewacht . Keiner konnte den Weihnachtsbaum von Zwönitz klauen ! 😉 😂 Raus auf die Straßen USER 👉 Übersicht / Overview 👈,de
16706,Demotermine125028861066702021-02-23 12:24:57,6670,2021-02-23 12:22:45,"Drei-Stufen-Plan für Großveranstaltungen : Digitale Erfassung , Maske und kein Alkohol — RT DE URL 3:26 USER Wir teilen die Masken-Ideologie nicht , denn sonst dürfen bald nur noch Geimpfte gegen die Impfung demonstrieren . USER",de
5651,Demotermine1250288610213812021-10-14 11:31:07,21381,2021-10-14 11:31:51,Verzicht ist eine natürliche Konsequenz der Kohärenz . Kanal : USER 🎙 Gruppe : USER 🎚 Raus auf die Straßen USER 👉 Übersicht / Overview 👈,de
9861,Demotermine1250288610148702021-08-26 08:04:37,14870,2021-08-26 08:04:36,"Französische Bürger boykottieren Impfpässe , indem sie direkt vor fast leeren , vaxx-only Bars und Restaurants essen . ✊ 🙌 🙌 🙌 Raus auf die Straßen USER",de
8807,Demotermine1250288610167162021-08-31 20:36:58,16716,2021-08-31 20:36:47,"🇫 🇷 Guyane - Generalstreik 👉 Heute wurde der Flughafen blockiert 👉 Polizei vor Ort . Veranstalter ( 10 verschiedene Gewerkschaften ) wollen keine Konfrontation , sondern vom Präfekt gehört werden 👉 Impfung soll eine freie Entscheidung bleiben ! USER Raus auf die Straßen USER",de
16875,Demotermine1250288610256152021-11-07 08:10:26,25615,2021-11-07 08:11:16,🇦 🇹 Umfrage Kindernimpfung 07.11.2021 um 09:07 Uhr Umfrage bei der Presse und Diskussion 👁 URL Sag der Presse Deine Meinung ! # rausausderblase USER Die umfassendsten Infos USER Werde USER jetzt !,de
4887,Demotermine1250288610273792021-11-20 14:12:41,27379,2021-11-20 14:12:38,Polizei in Stuttgart führt Luftballons 🎈 🎈 🎈 ab . 😉 ☺ ️ 🤝 👍 🖖 💉 Stuttgart 20 - 11 - 2021 DEMO Honorar-Konsulat Österreich Solidarität mit Österreich / Wien Stoppt Impfzwang Stoppt Lockdown Stoppt die Politik-Psychopathen URL ⬆ ️ ⬆ ️ ⬆ ️ 🔼 🔼 🔼 ⬆ ️ ⬆ ️ ⬆ ️ 👉 Stuttgart Widerstand Grundrechte Freiheit Grundgesetz Demos 👈 Raus auf die Straßen USER 👉 Übersicht / Overview 👈,de
6997,Demotermine1250288610194772021-09-27 01:08:34,19477,2021-09-27 01:09:50,"HERZLICHEN DANK ! - Wir haben das Spendenziel für die Mega-Plakate erreicht ! In weniger als einer Woche wurden über 100'000 Franken für die grossen Blickfänger gespendet . Somit sind die Mega-Plakate für die Kampagne bereits finanziert . Flyer-Sponsoring Anfang Oktober wird das Sponsoring aufgesetzt , um die Postzustellung für einzelne Gemeinden zu finanzieren . URL Raus auf die Straßen USER",de
23064,Demotermine125028861061632021-02-10 08:54:05,6163,2021-02-10 08:53:34,"Es war grossartig ! Der Verein "" Stiller Protest "" dankt jedem Menschen der gestern auf dem Platz stand ! Wir waren am Marsch rund 800 Teilnehmer ❤ ️ An der Kundgebung waren über 1000 Menschen 🥳 🥳 Immer wissen , was läuft USER",de
534,Demotermine1250288610253992021-11-06 16:49:02,25399,2021-11-06 16:49:59,"Polizei weicht dem Druck , der Kessel wird geöffnet ! Tausende laufen jetzt wieder zum Augustusplatz . Und die Motivation ist ungebrochen . Das wird ein langer Abend in Leipzig ! FREIE SACHSEN : Folgt uns bei Telegram ! USER Raus auf die Straßen USER 👉 Übersicht / Overview 👈",de
4909,Demotermine1250288610273392021-11-20 13:13:05,27339,2021-11-20 13:13:01,Wien ✊ 🇦 🇹 ❤ Polizisten für Freiheit & Grundrechte ! ! # wien # w2011 # impfpflicht # impfzwang # freieimpfentscheidung USER Raus auf die Straßen USER 👉 Übersicht / Overview 👈,de
8920,Demotermine1250288610165592021-08-30 00:23:13,16559,2021-08-30 00:23:06,""" Vereinigt für Freiheit "" – COVID-Skeptiker und Impfgegner marschieren durch London — RT DE URL 1:05 USER Raus auf die Straßen USER",de
1235,Demotermine1250288610322772021-12-18 16:21:18,32277,2021-12-18 16:21:15,Auch Flensburg heute ! Eintausend Menschen ! Der Norden erhebt sich ! Ihr seid fantastisch ! Raus auf die Straßen USER 👉 Übersicht / Overview 👈,de
22030,Demotermine125028861015572020-06-19 08:13:20,1557,2020-06-19 08:12:45,"Jeden Samstag , 15.30 Meditation am Theaterplatz , 17.00 Kundgebungen , Osnabrück Rathausplatz . USER USER - Bilder und Videos hochladen USER - Diskussion USER Fahren oder Mitfahren USER",de
12826,Demotermine1250288610108592021-05-21 12:10:09,10859,2021-05-21 12:08:16,Mega-Herzlichkeit gibt es am 22.5. auf dem PladeVö in Zwickau ! Crimmitschau Autokorso USER 22052021 Raus auf die Straße USER,de
10120,Demotermine1250288610145072021-08-19 11:55:21,14507,2021-08-19 11:55:20,! ! ️ # BERLIN 28.-29.08.2021 ! ! ️ WIR SIND DABEI ! ❤ ️ - Trailer # 2 — Querdenken 441 - Oldenburg URL 1:52 Raus auf die Straße USER,de
1947,Demotermine1250288610314232021-12-12 13:48:41,31423,2021-12-12 13:48:38,GREIZ - Bei Protesten gegen die Corona-Politik sind im thüringischen Greiz nach Polizeiangaben 14 Polizisten verletzt worden . 👉 🏻 Neuer Beitrag Raus auf die Straßen USER 👉 Übersicht / Overview 👈,de
15997,Demotermine125028861067312021-02-24 22:21:15,6731,2021-02-24 22:14:18,Bayreuth Parkplatz gegenüber SB-Tankstelle beim Volksfestplatz Höhe Friedrich-Ebert-Straße 34 URL Mit Dr. Langhans USER USER 27022021 Wirklichkeit selber sehen USER,de
10503,Demotermine1250288610139512021-08-08 14:24:39,13951,2021-08-08 14:24:38,"Protest gegen Grünen Pass in Rom : "" Die unfreie Lage ist sehr ernst und wir rebellieren "" — RT DE URL 1:37 USER Raus auf die Straße USER",de
11447,Demotermine1250288610125322021-07-18 10:07:38,12532,2021-07-18 09:45:46,"Ahrweiler ist eine CDU-Hochburg . Das Merkel kommt nachher . Bereitet ihr oder es einen gebührenden Empfang und macht auch danach das , was sie außer Impf-Propaganda nicht auf die Kette bringt : Helfen ! URL Maskierte Polizei wird genügend dabei sein , um das Merkel vor euch zu schützen und nicht vor dem Virus . Gebt jedem Polizisten eine Schaufel in die Hand , um zu helfen . Raus auf die Straße USER",de
3548,Demotermine1250288610288802021-11-29 22:44:05,28880,2021-11-29 22:17:33,📆 IMPF-APARTHEID NICHT MIT UNS ! 👉 🏻 mehr Infos dazu # Termin # NW # Sa1112 # Düsseldorf Raus auf die Straßen USER 👉 Übersicht / Overview 👈,de
13445,Demotermine12502886109910,9910,2021-05-04 20:52:42,Die bösen « Mutanten » und wo ist in der Demokratie die Opposition geblieben ? | Dr. Klinghardt | QS24 — QS24 - Seelen Quickies URL 50:39 USER,de
1851,Demotermine1250288610315342021-12-16 21:38:30,31534,2021-12-13 07:36:57,"Die Versammlung ist genehmigt . Bitte an Masken denken , Befreiungen von der Maskenpflicht sind im Original mitzuführen . Wir freuen uns auf einen schönen , gemeinsamen Abend . # Nauen # BB # Fr1712 Raus auf die Straßen USER 👉 Übersicht / Overview 👈",de
17178,Demotermine1250288610251682021-11-05 18:29:48,25168,2021-11-05 18:30:17,"Freiburg zeigt Gesicht für Freiheit , Grundrechte und Demokratie . Demo vom 23.10 Film von Bodo Kaiser — Frei Sein Freiburg URL 10:21 Raus auf die Straßen USER 👉 Übersicht / Overview 👈",de
14116,Demotermine125028861090662021-04-14 04:56:34,9066,2021-04-14 04:55:33,Singen Schilderpräsentation Treffpunkt Schaffhauser Straße USER 16042021 Raus auf die Straße USER,de
2744,Demotermine1250288610302532021-12-05 08:46:27,30253,2021-12-05 08:44:26,Hallo ! Bitte überall teilen ! Danke und lg aus Osttirol ! 😊 # AT # So0512 # Lienz Raus auf die Straßen USER 👉 Übersicht / Overview 👈,de
8020,Demotermine1250288610179142021-09-14 15:48:55,17914,2021-09-14 15:48:45,DEUTSCHLAND-VER-ENDERIN Anallena bekommt von den Bauern und den Gegendemonstranten nur ein Geballtes „ HAU AB ! ! ! “ # WennGrünZuBraunWird ! 14092021 URL ⬆ ️ ⬆ ️ ⬆ ️ 🔼 🔼 🔼 ⬆ ️ ⬆ ️ ⬆ ️ 👉 Stuttgart Widerstand Grundrechte Freiheit Grundgesetz Demos 👈 Raus auf die Straßen USER,de
12075,Demotermine1250288610117712021-06-20 09:07:28,11771,2021-06-20 09:07:05,Baden Württemberg- Stuttgart und Heilbronn 2 Welten in der Betrachtung / bitte bis zum Ende anschauen ! URL Raus auf die Straße USER,de
389,Demotermine1250288610134492021-08-01 13:49:14,13449,2021-08-01 13:48:57,"URL USER Zugeleitet aus zuverlässiger Quelle . „ Innenstadt ist brechend voll ! ! ! Polizei völlig überfordert ! ! ! Ihr einziges Ziel ist jetzt nur noch , das Regierungsviertel und das Brandenburger Tor zu schützen ! Diese Bilder vollen sie unter allen Umständen verhindern . “ Raus auf die Straße USER",de
4199,Demotermine1250288610247192021-11-02 18:07:31,24719,2021-11-02 18:08:29,"🇦 🇹 Widerstands Wissen 🇦 🇹 die einzig richtige Verhaltensweise im Widerstand!!️ Verhaltet euch entsprechend , ansonsten kann es zum juristischen Totalschaden kommen!!️ Folgt uns : URL URL Raus auf die Straßen USER 👉 Übersicht / Overview 👈",de
4682,Demotermine1250288610277242021-11-21 10:43:59,27724,2021-11-21 10:43:56,📣 📣 📣 Alexander Ehrlichs Rede zum Gedenken an Karl Hilz ❤ ️ ❤ ️ ❤ ️ Mit diesen Worten wurde eine der größten Demonstrationen beendet . Großdemnostration in Wien am 20.11.2021 Unser Kanal : http//URL_Wolf2020 Raus auf die Straßen USER 👉 Übersicht / Overview 👈,de
12562,Demotermine1250288610111832021-05-29 09:43:42,11183,2021-05-29 07:00:46,🗓 Autocorso – Fischamend # Termin USER 29052021 - 05062021 Wien Schwechat Raus auf die Straße USER,de
12188,Demotermine1250288610116162021-06-14 11:25:10,11616,2021-06-14 11:25:09,# Aachen1206 Eurogress Dr. Ansgar Klein zur Festnahme an Pfingsten in Berlin — Querdenken -241 URL 2:16 Raus auf die Straße USER,de
11417,Demotermine1250288610125722021-07-18 23:43:24,12572,2021-07-18 23:42:47,Screenshot ( 19.07.2021 00:32:27 ) Wieviel schaffen wir bis morgen früh ? ? 400.000 ? ? ? Wäre mega gute Nacht ihr lieben 😘 USER Raus auf die Straße USER,de
21645,Demotermine125028861021192020-07-22 15:15:32,2119,2020-07-22 15:15:31,"Hallo liebe Querdenker und alle , die es werden wollen 😊 , wir laden Euch herzlich zu unserer nächsten Kundgebung ein . Thema : Frieden , Freiheit , Menschlichkeit ! Wann : 26. Juli 2020 , 15 - 17 Uhr Wo : WIESBADEN , Marktplatz Kommt hin und macht mit ! Wir freuen uns auf Euch ! USER USER - Bilder und Videos hochladen USER - Diskussion USER Fahren oder Mitfahren USER - Übernachten ? USER",de
15223,Demotermine125028861076822021-03-17 10:08:45,7682,2021-03-17 08:24:52,FREIHEITSMARSCH und KUNDGEBUNG im Rahmen der World Wide Demonstration am Samstag 20.03.2021 17:00h Sassnitz auf dem Brückenplatz URL USER 20032021 Raus auf die Straße USER,de
2881,Demotermine1250288610299912021-12-04 14:33:15,29991,2021-12-04 14:29:02,"Während die ersten Demo-Züge schon längst - spärlich von der Polizei begleitet - am Ring und anderswo unterwegs sind formiert sich hier ein weiterer , bestehend aus den verbliebenen Mega-Demo Besuchern . Raus auf die Straßen USER 👉 Übersicht / Overview 👈",de
7426,Demotermine1250288610188542021-09-24 11:43:04,18854,2021-09-22 08:50:07,"Vierwaldstättersee Zustieg Luzern , Küssnacht , Weggis , Vitznau , Gersau Start des Velokorso : 10.10. um 10:10 Uhr in Stans . Details folgen . URL Flyer URL USER 10102021 # CH # So1010 Raus auf die Straßen USER",de
7742,Demotermine1250288610183222021-09-18 12:37:13,18322,2021-09-18 12:37:32,"Beginn Aufzug Stuttgart , , 18.09.2021 Eine Film von USER Ich bedanke ♥ ️ mich bei Jedem , der mich unterstützt und somit diese Arbeit ermöglicht URL Raus auf die Straßen USER",de
14604,Demotermine125028861085292021-04-01 10:41:45,8529,2021-04-01 10:40:46,— - Netzfund — - Deutschland steh auf ! ! Das Volk sagt NEIN zum Lockdown und zur Regierung!!️ # SagNEIN # IchSpieleNichtMit # GameOver # Stop # StehAuf # NWO # DeutschlandStehAuf 🍀 USER 🍀 USER USER Raus auf die Straße USER,de
7352,Demotermine1250288610189552021-09-23 15:05:47,18955,2021-09-23 15:05:47,„ Im Extremfall müssen Kunden in Deutschland im Kalten sitzen “ — Epoch Times Nachrichten URL 3:49 Raus auf die Straßen USER,de
7099,Demotermine1250288610192972021-09-25 14:23:49,19297,2021-09-25 14:23:49,ER MUSS ES WISSEN ... Und er darf es aussprechen ! ! Achille Demagbo ist ein deutscher Politiker ( AfD ) USER Raus auf die Straßen USER,de
10328,Demotermine1250288610126062021-07-19 12:14:47,12606,2021-07-19 12:14:46,"Das ist ein hochriskantes Spiel!!️!!️!!️ Nach Ansicht des Mediziners Jürgen Zastrow ist es nur eine Frage der Zeit , bis jeder Deutsche sich mit dem Coronavirus infiziert hat . Der Leiter des Kölner Impfzentrums fordert mehr Druck auf Impfverweigerer . Quelle : URL USER USER Raus auf die Straße USER",de
19833,Demotermine125028861044152020-12-08 21:09:44,4415,2020-12-08 21:08:30,"Wer Ärger mit der Sklaven-Maske hat , komme morgen MITTAG als Prozess Beobachter nach Stuttgart 💥 ✌ ️ ☄ ️ URL Unterstützt den Impfkritik-Papst Hans Tolzin bei seinem Maulkorb-Prozess durch Eure Anwesenheit als Beobachter des Unrechts-Prozesses ... 🤟 😏 ✌ ️ Termin : Mittwoch , 9. Dez. 2020 , 13 Uhr Ort : Amtsgericht Stuttgart , Hauffstr . 5 👉 USER USER",de
2566,Demotermine1250288610304682021-12-06 23:18:15,30468,2021-12-06 23:17:58,⚠ ⚠ ️ ⚠ ⚠ ️ ⚠ ⚠ ️ ALLGEMEINE WEITERBILDUNG 😁 👍 👆 Als Beschuldiger : Aussage konsequent verweigern . Als Zeuge : Konsequent nichts mehr wissen . Merke dir 😁 👇 Sag ja - bleib da Sag nein - geh heim Raus auf die Straßen USER 👉 Übersicht / Overview 👈,de
11156,Demotermine1250288610675,675,2020-01-10 23:03:14,"! ! ️ Achtung Leute!!️ Robert F. Kennedy Jr. hat für eine Demo am 21.03.2020 in München zugesagt . Ich habe gerade die Info von Andrea Feuer erhalten , jetzt geht es darum wer Interesse hat . Wir würden Angebote von Bus Unternehmen einholen , um in der Gemeinschaft zu fahren . Hoch mit dem Arsch ! 💪 🙏 💪",de
18460,Demotermine1250288610228742021-10-24 00:47:11,22874,2021-10-24 00:47:19,Es ist eine Ansage mit Wucht : Österreichs Regierung will die verbliebenen Skeptiker doch noch von der Corona-Impfung überzeugen . 👉 🏻 Neuer Beitrag USER,de
1924,Demotermine1250288610314532021-12-12 18:40:17,31453,2021-12-12 18:40:14,Ich will an Corona sterben - Solestro der Narr — studentenstehenauf URL 2:38 Raus auf die Straßen USER 👉 Übersicht / Overview 👈,de
5158,Demotermine1250288610222192021-10-19 05:02:45,22219,2021-10-19 05:03:17,"Immer wieder Montags : Auch diesen Montag gingen die Bürger auf die Straße . Hier ein kurzer Einblick von Döbeln ! Sei auch du das nächste mal dabei , schließt euch den Protesten an . Vernetzt euch - das wird später extrem wichtig sein . Folgt uns : USER Raus auf die Straßen USER 👉 Übersicht / Overview 👈",de
16810,Demotermine1250288610257312021-11-08 12:15:05,25731,2021-11-08 12:15:18,"Bericht u.a. zur Querdenker-Demo in Leipzig , Ärzte , 8.11.2021 — Sonne lacht - Blende acht ! URL 2:00 Raus auf die Straßen USER 👉 Übersicht / Overview 👈",de
17061,Demotermine1250288610253172021-11-06 15:05:51,25317,2021-11-06 15:06:29,Freiburg 06.11.21 LIBERTÉ LIBERTÉ LIBERTÉ Ich stehe ein für eine diktaturfreie Schweiz Folgt mir auf meinem Telegram-Kanal : URL Raus auf die Straßen USER 👉 Übersicht / Overview 👈,de
6100,Demotermine1250288610207642021-10-08 16:05:34,20764,2021-10-08 16:05:46,"Dr. Raphael M. Bonelli : “ Psychologie von Mann , Frau und Familie ” | Schwarmintelligenz 2021 — Epoch Times Nachrichten URL 23:34 Raus auf die Straßen USER 👉 Übersicht / Overview 👈",de
14546,Demotermine125028861085932021-04-03 01:17:06,8593,2021-04-03 01:15:57,"Friedlich in Reutte spazieren gehen , für Freiheit , Friede und Grundrechte USER 03042021 Raus auf die Straße USER",de
13892,Demotermine125028861093542021-04-21 19:35:37,9354,2021-04-21 19:34:46,🔴 NEU : AB 14:00 UHR FÄNGT UNSER NÄCHSTER SONNTAGSSPAZIERGANG STATT - ALSO 1 STUNDE FRÜHER ALS BISHER . Dafür gibt es auf dem Sonnenhausplatz in Mönchengladbach von 14:00 - 16:00 UHR eine Kombination aus Kundgebungen & künstlerischen Beiträgen . ☀ ️ Runter vom Sofa - raus auf die Straße ! ✌ 🏼 👉 🏼 USER | mg-demo.de USER 25042021 Raus auf die Straße USER,de
23185,Demotermine125028861060372021-02-07 00:47:00,6037,2021-02-07 00:46:30,"Berlin : "" Die Zukunft beginnt jetzt "" – Traktor-Protest für neue Agrarpolitik — RT DE URL 0:54 USER USER Raus auf die Straße USER",de
2938,Demotermine1250288610299062021-12-04 07:25:57,29906,2021-12-04 07:25:43,1400 mindestens Leute in Bielefeld ! ! ️!!️!!️ Mega ! ! ️!!️!!️ Nächstes mal viel mehr ! ! ️!!️!!️ URL Raus auf die Straßen USER 👉 Übersicht / Overview 👈,de
12285,Demotermine1250288610115102021-06-10 11:52:33,11510,2021-06-10 11:51:06,Freiburg Ist auch schon auf zukunft-fr.de hochgeladen . Dort kann man sich auch die unsinnigen Auflagen anhören . USER 12062021 Raus auf die Straße USER,de
8502,Demotermine1250288610171542021-09-05 12:31:51,17154,2021-09-05 12:29:14,"Immer wieder Montags in Pforzheim USER 06092021 , 13092021 , 20092021 , 27092021 Raus auf die Straßen USER",de
17877,Demotermine1250288610238602021-10-29 06:42:26,23860,2021-10-29 06:43:22,"Eierlose Schwerathleten für 3 G Schwerathletik Verein Kassel 1993 e.V. Rengershäuser Str. 26 , 34132 Kassel 01578 6796372 URL Die umfassendsten Infos USER Werde USER jetzt !",de
17085,Demotermine1250288610252422021-11-06 12:44:00,25242,2021-11-06 12:43:37,"Tatü Tata , die Polizei ist da Webcam Leipzig URL Raus auf die Straßen USER 👉 Übersicht / Overview 👈",de
16072,Demotermine1250288610271542021-11-19 21:03:08,27154,2021-11-19 21:03:05,"Es ist Krieg in Rotterdam , Polizei Autos brennen , angeblich schießt Polizei URL Raus auf die Straßen USER 👉 Übersicht / Overview 👈",de
7174,Demotermine1250288610126252021-07-19 13:37:06,12625,2021-07-19 13:37:00,"Am Mittwoch 21.07.21 fährt von Zwönitz ein Hilftransport ins Hochwassergebiet . Wer diesen mit Sachspenden in Form von Lebensmitteln und Hygieneartikel oder Geldspenden unterstützen möchte , kann sich unter 01716731777 melden . Raus auf die Straße USER",de
22496,Demotermine12502886108062020-05-03 12:02:14,806,2020-05-03 12:02:13,Livestreams von den Demos sowie Nachbesprechungen findet man immer hier : URL USER - Bilder und Videos hochladen USER - Diskussion USER,de
4922,Demotermine1250288610273222021-11-20 12:32:08,27322,2021-11-20 12:32:04,"Gestern waren wir wieder mit der Kunstaktion "" Die Medien sind das Virus "" in Augsburg in der Innenstadt unterwegs . Zu der Aggression die uns entgegengebracht wurde haben wir auch positive Rückmeldungen mitgenommen , kritisch denkende Jugendliche ermutigt und zum offenen Mikrofon eingeladen . USER Raus auf die Straßen USER 👉 Übersicht / Overview 👈",de
2284,Demotermine1250288610309482021-12-09 00:26:17,30948,2021-12-09 00:26:14,In Dresden an der goldenen Pforte am Rathaus . # Freiheit # OhneAnmeldung 🌺 ➿ ElternStehenAuf e.V. ➿ 🌺 📱 USER 🌎 elternstehenauf.de Raus auf die Straßen USER 👉 Übersicht / Overview 👈,de
17745,Demotermine1250288610241052021-10-30 14:11:38,24105,2021-10-30 14:00:49,Damit du mit deinem neuen E-Auto besser zu den Demos kommst : Willkommen in der Kobaltmine . ! ! ️ Kommentare beachten ! ! ️ Raus auf die Straßen USER 👉 Übersicht / Overview 👈,de
17490,Demotermine1250288610245902021-11-01 16:59:48,24590,2021-11-01 17:00:20,Verleihung des goldenen Aluhutes 2021 & Verleihung der goldenen Spritze 2021 am 30. Oktober 2021 — Freedom Parade mit Captain Future URL 8:38 Raus auf die Straßen USER 👉 Übersicht / Overview 👈,de
6005,Demotermine1250288610208892021-10-09 14:14:59,20889,2021-10-09 14:15:59,Über 10.000 Menschen ziehen durch die Straßen Nürnbergs . Sie fordern das Ende der Coronamaßnahmen und Söders Rücktritt . Raus auf die Straßen USER 👉 Übersicht / Overview 👈,de
6867,Demotermine1250288610196892021-09-28 11:25:45,19689,2021-09-28 11:15:13,PROF . WILLIAM TOEL - BESUCH IN WESTSACHSEN AM 25.09.2021 — DER THÜRINGER 2.0 URL 1:03:36 Raus auf die Straßen USER 👉 Übersicht / Overview 👈,de
6037,Demotermine1250288610208572021-10-09 11:16:27,20857,2021-10-09 11:15:56,Griechische Parade mit und ohne Masken / Abstand 13.12 Uhr Info URL Raus auf die Straßen USER 👉 Übersicht / Overview 👈,de
21943,Demotermine125028861016632020-06-24 21:53:13,1663,2020-06-24 21:53:03,Hamburg . Rathausmarkt Eltern-Kind-Demo Freitag 26.juni von 14 bis 17:30 anmelder : URL wir fordern die ALTE NORMALITÄT USER - Bilder und Videos hochladen USER - Diskussion USER Fahren oder Mitfahren USER - Übernachten ? USER,de
2878,Demotermine1250288610299952021-12-04 14:30:31,29995,2021-12-04 14:30:28,🇦 🇹 Österreich - Zusendung von Aktivisten 04.12.2021 um 15 : 25 Uhr # rausausderblase Redaktionsteam via USER Raus auf die Straßen USER 👉 Übersicht / Overview 👈,de
2929,Demotermine1250288610299172021-12-04 08:22:04,29917,2021-12-04 08:21:43,"Einladung zur Demo in Innsbruck am Sonntag , den 05.12 um 14:00 - 17:00 # AT # So0512 # Innsbruck Raus auf die Straßen USER 👉 Übersicht / Overview 👈",de
6356,Demotermine1250288610204072021-10-04 19:41:43,20407,2021-10-04 19:42:24,⭐ ️ ⭐ ️ ⭐ ️ ⭐ ️ ⭐ ️ ⭐ ️ ⭐ ️ 😂 😂 😂 Facebook Domain wurde gehackt und zum Verkauf angeboten . Marc Zuckerberg ist stinksauer 😂,de
850,Demotermine1250288610192862021-09-25 13:33:55,19286,2021-09-25 13:33:44,"Die Kundgebung von der Basis startet nun doch erst um 16 Uhr , also Zeit sich nochmal kurz zu stärken oder eine Runde spazieren zu gehen ;) Berlin Raus auf die Straßen USER",de
4886,Demotermine1250288610273802021-11-20 14:13:40,27380,2021-11-20 14:13:37,"⏱ 20.11.2021 - 14 : 50 Uhr Der Zustrom an Menschen wird immer mehr , die Autobahnen werden kontrolliert und die Sonne lädt ALLE nach Wien ein ! Redaktionsteam via USER Raus auf die Straßen USER 👉 Übersicht / Overview 👈",de
4810,Demotermine1250288610275122021-11-20 18:32:07,27512,2021-11-20 18:32:04,🔵 Die Demo zieht wieder zurück zum Heldenplatz 🟥 Der Zug der Unermüdlichen bewegt sich wieder in Richtung Heldenplatz ! Die Stadt kommt heute nicht zur Ruhe . _ _ _ 🔵 Telegrammelite Raus auf die Straßen USER 👉 Übersicht / Overview 👈,de
9964,Demotermine1250288610147372021-08-23 16:21:53,14737,2021-08-23 16:20:08,"Wir treffen uns am 24.08. um 17 Uhr vorm Cafe Tässje . Ihr erkennt mich am "" dieBasis""-Shirt . 😎 Wir löchern ihn mit Fragen Reichelsheim USER USER 24082021 Raus auf die Straßen USER",de
9279,Demotermine1250288610159852021-08-29 11:20:04,15985,2021-08-29 11:20:10,"Umzug bei Kniprodestraße 13:16h Ein paar tausend Leute , Polizei bisher friedlich . Für mehr Infos folgen auf ... USER URL Raus auf die Straßen USER",de
16614,Demotermine1250288610261202021-11-11 05:46:39,26120,2021-11-11 05:46:11,We do what we do best - let ’s go make some noise 🙏 🏼 🏴 󠁧󠁢󠁳󠁣󠁴󠁿 # GB # Sat2011 # Glasgow Raus auf die Straßen USER 👉 Übersicht / Overview 👈,de
9178,Demotermine1250288610161632021-08-29 12:49:23,16163,2021-08-29 12:49:41,Da hätten wir seit 28. März 2020 eines anzubieten . Die fünf Ziele seither auf nichtohneuns.de Raus auf die Straßen USER,de
16525,Demotermine1250288610262852021-11-12 11:35:13,26285,2021-11-12 11:34:52,13 - 11 - 21 Grafton Street Dublin # IR # Sat1311 # Dublin Raus auf die Straßen USER 👉 Übersicht / Overview 👈,de
6862,Demotermine1250288610196942021-09-28 13:05:47,19694,2021-09-28 13:05:51,Kritik an Laschet wird lauter – Deutsche wollen Union in der Opposition — Epoch Times Nachrichten URL 7:01 Raus auf die Straßen USER 👉 Übersicht / Overview 👈,de
15250,Demotermine125028861076512021-03-16 08:09:59,7651,2021-03-16 08:09:06,"# dd1303 Ich war als Anwalt wieder unterwegs & die mediale "" Wahrheit "" , die heut über den DemoTag in Dresden zu lesen ist , ist blanker Hohn ! USER USER Raus auf die Straße USER",de
7553,Demotermine1250288610186642021-09-20 14:09:40,18664,2021-09-20 14:10:14,Live : Pathologen enthüllen Obduktionsergebnisse von verstorbenen Corona-Geimpften — Epoch Times Nachrichten URL 0:41 Raus auf die Straßen USER,de
15030,Demotermine125028861080312021-03-23 19:34:33,8031,2021-03-23 19:33:40,"Wir gehen auf die Straße in 👇 👇 👇 👇 👇 👇 Schweinfurt 97421 , 97422 , 97424 , 97426 Volksfestplatz USER 27032021 Raus auf die Straße USER",de
20844,Demotermine125028861031962020-10-16 07:17:41,3196,2020-10-15 23:11:06,Weitere Infos zu den heutigen Freitagsdemos Bad Mergentheim URL Göppingen URL - Mobivideo URL - Ruf der Trommeln URL Landshut URL Sinsheim URL Mit der Suche lässt sich in diesem Kanal jede Demo ganz einfach finden Eintragen USER Bilder und Videos hochladen USER - USER Fahren oder Mitfahren USER - Übernachten ? USER USER - USER - USER,de
1783,Demotermine1250288610316182021-12-13 14:05:29,31618,2021-12-13 14:05:26,11.12.2021 Köln - Köln ist aktiv - Rede von Andreas — PatriotOnTour URL 19:49 Raus auf die Straßen USER 👉 Übersicht / Overview 👈,de
4665,Demotermine1250288610277262021-11-21 10:56:51,27726,2021-11-21 10:53:17,""" Querdenker "" trauern um Ex-Polizist Karl Hilz URL Sie können auch zum Tod ihre faschistoide , kriminalisierende Hetze nicht lassen Telekom online kündigen | 👍 geprüfte Vorlage URL Raus auf die Straßen USER 👉 Übersicht / Overview 👈",de
9733,Demotermine1250288610151012021-08-28 07:39:55,15101,2021-08-28 07:38:52,Berlin ⚠ ️ WICHTIG FÜR ALLE DEMOKRATEN ⚠ ️ 📍 Neuer Startort : Weberwiese!!️ ( U-Bahn Weberwiese in unmittelbarer Nähe ) ⏱ Sammelbeginn : 11 Uhr ⏱ Start : 12 Uhr Dort findet eine angemeldete und nicht verbotene Versammlung statt . 💪 ❤ ️ # WirWerdenALLEdaSein # b2808 USER 28082021 Raus auf die Straßen USER,de
9171,Demotermine1250288610161762021-08-29 12:53:38,16176,2021-08-29 12:54:35,Gute Stimmung mit vielen Demonstranten und Ralf Ludwig und Dolores Cahill . ➡ ️ USER Raus auf die Straßen USER,de
15475,Demotermine125028861073862021-03-10 00:28:46,7386,2021-03-10 00:25:03,"Wer am 13.03.2021 nach Magdeburg fährt , kann zuvor auch bei einem Autokorso mitmachen .... Danach Kundgebung URL URL USER 13032021 Raus auf die Straße USER",de
13754,Demotermine125028861095122021-04-26 15:17:34,9512,2021-04-26 15:17:06,# Nachtwache während der Ausgangssperre . Wochentags 22 bis 5 Uhr . Markt in Halle . # ankerdemos für nächtliche Bewegungsfreiheit . Festung Halle . URL USER Raus auf die Straße USER,de
2830,Demotermine1250288610300632021-12-04 16:06:26,30063,2021-12-04 16:06:23,WIR GRÜßEN AUF DIESEM WEGE MAL GANZ HERZLICH ❤ ️ DIE POLIZEI AUF UNSEREN KANÄLEN ... USER Raus auf die Straßen USER 👉 Übersicht / Overview 👈,de
2913,Demotermine1250288610299362021-12-04 12:07:56,29936,2021-12-04 12:07:53,"⚠ ️ 1. UPDATE BERLIN ⚠ ️ Es sieht so aus , als ob die Menschen von Friedrichsfelde in Richtung Frankfurter Tor gehen . 🇩 🇪 FRIEDEN , FREIHEIT , DEMOKRATIE 🇩 🇪 Raus auf die Straßen USER 👉 Übersicht / Overview 👈",de
3387,Demotermine1250288610291522021-12-01 05:48:32,29152,2021-12-01 05:48:28,"Dietmar Heuritsch und Jürgen Meinhart sind zwei von vielen Firmenchefs , die keinesfalls eine Impfpflicht akzeptieren werden ! Sie geben ihren dutzenden Mitarbeitern extra Sonderurlaub , damit sie sich den Protesten am 1.12. anschließen : Ganze Sendung ansehen URL Raus auf die Straßen USER 👉 Übersicht / Overview 👈",de
12020,Demotermine1250288610117102021-06-17 15:50:52,11710,2021-06-17 15:50:07,"Demo "" Es reicht ! "" 19.06.2021 , Altmarkt Dresden 14 Uhr : Kundgebung 15:30 Uhr : Aufzug Redner : - Fidel Kastor - Yann Song King - Frank und Heinrich - Elijah Teeh - Matthias Bosch - Frank Hannig - Sandra Gabriel - Vertreter Gemeindeversammlung Zwönitz URL War der Beitrag interessant ? Dann lass einen 👍 da . Weitere News findest du hier : USER . USER 19062021 Raus auf die Straße USER",de
19120,Demotermine12502886105359,5359,2021-01-21 21:58:21,"Wie funktioniert Befreiung ? Auch wenn man nur ein Leben rettet , dann muss man sich darum kümmern ! Diskussionen : USER 😭 ❤ ️ 👍",de
7608,Demotermine1250288610185852021-09-19 09:25:36,18585,2021-09-19 09:25:17,"Demo "" Freie Linke "" in Halle , Teil 3 , Spaziergang durch die Stadt + Rückkehr zum Marktplatz,18.9.2021 — Sonne lacht - Blende acht ! URL 23:31 Raus auf die Straßen USER",de
708,Demotermine1250288610109202021-05-23 01:00:12,10920,2021-05-23 01:00:09,Thema Korrekturen im Journalismus | Presseklub N ° 14 der Wochenzeitung Demokratischer Widerstand — Demokratischer Widerstand URL 53:36 Raus auf die Straße USER,de
19265,Demotermine12502886103958,3958,2020-11-18 14:41:26,"Hallo Markus , die Polizei hat uns gerade am Reichstagsufee geräumt . Der Bundestag hat mit überwältigenden Mehrheit dem 3.Infektionsschutzgesetz zugestimmt ... Die Leute sollen sofort ALLE zum Bundesrat am Leipziger Platz kommen , dort wandert das Infektionsschutzgesetz als nächstes zur Abstimmung hin ... Danach geht es zum Bundespräsidenten zum Schloss Bellevue . Wir machen weiter !",de
2687,Demotermine1250288610303292021-12-06 07:08:26,30329,2021-12-06 07:06:58,"# Dresden # SN # Mo0612 Sächsischer Landtag Bernhard-von-Lindenau-Platz 1 , 01067 Dresden 0351 49350 URL Raus auf die Straßen USER 👉 Übersicht / Overview 👈",de
18167,Demotermine1250288610233472021-10-26 09:00:23,23347,2021-10-26 09:01:25,Mittlerweile hat so jeder seine Fragen an Sachsen OB's . Man sollte seine Stimme nutzen . # SN # Di2610 # Zwickau USER,de
9247,Demotermine1250288610160532021-08-29 11:56:35,16053,2021-08-29 11:57:07,Berlin 29.08.2021 um 13 : 55 Uhr Großer Zug jetzt auf Petersburger Str. vor Bersarin Platz ( nähe U Frankfurter Tor ) USER Raus auf die Straßen USER,de
22025,Demotermine125028861015632020-06-19 16:53:18,1563,2020-06-19 08:38:38,"Darmstadt Samstag , 20.06. Fahrradkorso zur Versammlung ☆ 14:30 Uhr Fahrrad-und Inliner-Korso : Vom Landesmuseum durch die Stadt zum Friedensplatz ☆ 15:30 Uhr Versammlung für Frieden und Freiheit auf dem Friedensplatz Kommt alle ! URL Kanal USER Infogruppe USER USER - Bilder und Videos hochladen USER - Diskussion USER Fahren oder Mitfahren USER",de
2299,Demotermine1250288610309312021-12-08 23:34:30,30931,2021-12-08 23:34:27,💯 💯 💯 Die Kirche steht auf . Immer mehr Pfarrer sagen ihre Meinung 🥰 Wir sind nicht alleine 💪 Wir sind Viele ❤ ️ Hammer Predigt von Pfarrer Martin Michaelis von der evangelischen Kirche Mitteldeutschland Lichterkette Sonneberg am 5.12.2021 URL ❤ ️ Unbedingt TEILEN ❤ ️ Ihr 🔻 wollt mehr 🔻 erfahren ❓ LK News 🔻 🔻 🔻 🇩 🇪 URL 🇩 🇪 LK News 🔺 🔺 🔺 Raus auf die Straßen USER 👉 Übersicht / Overview 👈,de
169,Demotermine125028861040962020-11-23 00:28:25,4096,2020-11-23 00:27:30,Am Montag ( 23.11. ) ❓ ! ? ️DISCO&CLUBS für UNGEIMPFTE für immer verbieten ? ❓ ! ? ️ Dann DISCO auf den Strassen 😂 😂 😂 .... WAIBLINGEN ROCKEN 📢 📢 💃 🏻 🕺 🏻 🍀 💃 🏻 🍀 🕺 🏻 💃 🏻 🔊 🔊 18:30 Uhr Alter Postplatz TEILEN - TEILEN - TEILEN ! ! Kommt ALLE ! ! 😏 23112020 USER,de
9077,Demotermine1250288610163282021-08-29 14:40:14,16328,2021-08-29 14:40:11,Am Kessel Kollwitzstr / Landauer — We The People - Wir sind der Souverän URL 11:21 Raus auf die Straßen USER,de
20026,Demotermine125028861042172020-11-28 10:18:53,4217,2020-11-28 10:16:34,"INFEKTIONSSCHUTZGESETZ - FLUCH ODER SEGEN ? Beginn : 14:00 Uhr Ende : 16:00 Uhr Versammlungsort : Europaplatz , 77815 Bühl / Baden Redner / Musik verschiedene Redebeiträge Telegram : URL Facebook URL USER 28112020",de
9534,Demotermine1250288610153922021-08-28 14:18:23,15392,2021-08-28 14:18:31,Blutig geschlagene Frau und der Verbrecher Weg-Lauf-Täter in Uniform mit Nummer erfasst Berlin 28082021 URL ⬆ ️ ⬆ ️ ⬆ ️ 🔼 🔼 🔼 ⬆ ️ ⬆ ️ ⬆ ️ 👉 Stuttgart Widerstand Grundrechte Freiheit Grundgesetz Demos 👈 Raus auf die Straßen USER,de
6569,Demotermine1250288610201162021-10-02 13:08:32,20116,2021-10-02 13:07:50,Die CoviZEI hat die Mikrobe noch immer nicht gefunden und sichert ab Raus auf die Straßen USER 👉 Übersicht / Overview 👈,de
621,Demotermine1250288610132002021-07-30 16:07:34,13200,2021-07-30 16:07:18,"Hier sieht man , wie gut die Masken- und Abstandsregeln letzen Samstag beim CSD eingehalten wurden . Mehr Bilder und Videos von mir davon auf meinem Kanal URL Raus auf die Straße USER",de
22445,Demotermine12502886108842020-05-08 12:29:35,884,2020-05-08 12:29:13,Vertraut bezüglich der Demos keinesfalls den Zwangsmedien USER Für erpresste Gebühren kann es keine Seriosität geben . Die Wirklichkeit sehen wir auf der Straße . USER - Bilder und Videos hochladen USER - Diskussion USER,de
3158,Demotermine1250288610295492021-12-02 22:46:44,29549,2021-12-02 21:56:54,📆 Testen bis der Arzt kommt ? WIR SAGEN NEIN ! ! 👉 🏻 mehr Infos dazu # Termin # BW # So0512 # Stuttgart Raus auf die Straßen USER 👉 Übersicht / Overview 👈,de
8139,Demotermine1250288610177302021-09-11 14:30:27,17730,2021-09-11 14:31:00,Eindhoven und Amsterdam 🇳 🇱 sind heute auch auf der Strasse ! 💙 Kostenlos abonnieren ! 🇨 🇭 USER Raus auf die Straßen USER,de
22023,Demotermine125028861015552020-06-19 03:45:10,1555,2020-06-19 03:45:10,Es wird gleich mehrere Demos geben - wir haben einen MEGA-Demotag für Euch vorbereitet : - Demo von QUERDENKEN711 15.30 - Aufzug vom Karlsplatz zur Demo 12:00 - Tanzen für die Grundrechte 18.30 Creative Caravan USER - Diskussion & Austausch USER - Bilder und Videos von Demos aus 711 / STUTTGART hochladen USER USER - Bilder und Videos hochladen USER - Diskussion USER Fahren oder Mitfahren USER,de
4906,Demotermine1250288610273412021-11-20 13:26:01,27341,2021-11-20 13:25:58,🔵 Ein Zug geht los ! 🟥 Von der FPÖ Kundgebung bewegt sich ein Zug Richtung Volkstheater und schließt sich der Gruppe am Ring an . _ _ _ _ 🔵 Telegramelite : URL Raus auf die Straßen USER 👉 Übersicht / Overview 👈,de
6599,Demotermine1250288610200872021-10-02 11:06:55,20087,2021-10-02 11:07:41,Schlossplatz Stuttgart ca 13.00 Uhr am 2.10.2021 Raus auf die Straßen USER 👉 Übersicht / Overview 👈,de
679,Demotermine1250288610234502021-10-27 01:00:32,23450,2021-10-27 01:00:56,"🐻 🚙 AUTOKORSO BERLIN Freitag 22. Oktober 2021 EIN KLEINER AUSSCHNITT VON DER EK : ⚠ ️Endkundgebung EK ⚠ ️ circa 19:55 Uhr im Wohngebiet am Parkplatz auf der Höhe Finsterwalder Str. 12 , 13435 Berlin 📌 URL FOLGEN : ✅ URL Raus auf die Straßen USER 👉 Übersicht / Overview 👈",de
14341,Demotermine125028861088102021-04-08 21:50:40,8810,2021-04-08 21:50:22,"🚙 🐻 Autokorso Berlin rollt solange durch die Hauptstadt , bis diese Corona-Diktatur beendet ist ! ! ! ! ! Folgen & mit rollen auf der Straße : ▶ ️URL USER Raus auf die Straße USER",de
22382,Demotermine12502886109862020-05-15 20:46:22,986,2020-05-15 18:22:38,"Ist die Demo zu begrenzt , hupt es sich unbegrenzt ... ( bitte nur dort , wo nicht meditiert wird ) USER - Bilder und Videos hochladen USER - Diskussion USER Fahren oder Mitfahren USER",de
22899,Demotermine125028861063762021-02-15 09:36:52,6376,2021-02-15 09:36:16,"Wenn Eltern nicht mehr in der Lage dazu sind , dann müssen sich die Kinder eben selbst schützen 😅 URL Glotze aus und Wirklichkeit sehen USER",de
9070,Demotermine1250288610163522021-08-29 14:44:53,16352,2021-08-29 14:45:12,+ + + Meldungen zufolge ist der Kollege Boris Reitschuster soeben von Windelbanden mit Polizeiaufdruck angegriffen worden . Strafanzeige gestellt . + + + # b2908 Raus auf die Straßen USER,de
15127,Demotermine125028861079172021-03-20 20:04:48,7917,2021-03-20 20:04:47,Kassel . # ks2003. Ein wunderschöner Tag . ❤ ️ USER - Diskussion & Austausch USER - Bilder und Videos von Demos aus 711 / STUTTGART hochladen USER Raus auf die Straße USER,de
20967,Demotermine125028861030422020-10-04 11:31:49,3042,2020-10-04 06:46:25,Weitere Infos zu den heutigen Demos Itzehoe URL Karlsruhe URL URL Konstanz URL URL URL URL URL Lindau URL Mahlow URL Olching URL Rauenberg URL Salem URL Würzburg URL Bilder und Videos hochladen USER - USER Fahren oder Mitfahren USER - Übernachten ? USER USER - USER - USER,de
17100,Demotermine1250288610252722021-11-06 14:00:14,25272,2021-11-06 13:59:53,"Es gibt wieder Mauern zwischen dem Volk , diesmal aus Polizisten USER Raus auf die Straßen USER 👉 Übersicht / Overview 👈",de
10852,Demotermine1250288610134202021-08-01 12:52:31,13420,2021-08-01 12:50:45,"Und schon macht die CoviZEI dem Verweilen ein Ende . Wird sie das Virus finden , indem sie als Superspreader eingreift ? USER Raus auf die Straße USER",de
12217,Demotermine1250288610115832021-06-12 00:25:44,11583,2021-06-12 00:24:53,Herzliche Einladung zur Demonstration am 12.6. in Leipzig mit anschließendem Umzug . USER 12062021 Raus auf die Straße USER,de
23203,Demotermine125028861060162021-02-06 21:56:58,6016,2021-02-06 21:55:32,Wir dürfen uns nicht verarschen lassen wir wollten in die Stadt und sind auf der B10 gelandet . Wir sind so viele gewesen . Egal hoffe nächste Woche wieder in die Innenstadt . Es bringt nichts Blumen und Bäume auf unser Anliegen aufmerksam zu machen . Mehr Denkanstöße USER Raus auf die Straße USER,de
13662,Demotermine125028861096322021-04-28 11:15:20,9632,2021-04-28 11:14:47,Am 29.04.21 um 18:30 Uhr in 74722 Buchen auf dem Musterplatz Es gelten die üblichen Auflagen . Wir freuen uns auf Euch ❤ ️ USER 29042021 Raus auf die Straße USER,de
2801,Demotermine1250288610301172021-12-04 22:32:30,30117,2021-12-04 22:32:18,"Italians chant "" people like us never give up "" as thousands hit the streets of Genoa against covid tyranny 🔥 Übersetzung : en-de Italiener singen "" Leute wie wir geben niemals auf "" , als Tausende gegen die Covid-Tyrannei auf die Straßen von Genua gehen‌‌ Raus auf die Straßen USER 👉 Übersicht / Overview 👈",de
6809,Demotermine1250288610197912021-09-29 03:16:56,19791,2021-09-29 03:17:28,"Berlin , 25.09.2021 - Es waren Viele und sie wählten die Freiheit ❗ 🕊 Am 25.09.2021 zogen FREIE LINKE mit verschiedenen Gruppen , Bündnissen und Einzelpersonen durch Berlin und setzten gemeinsam am Tag vor der Bundestagswahl ein Zeichen für Frieden , Freiheit und Demokratie . ✌ Danke , Berlin ! ✊ 🇻 🇳 Folgt uns auch auf : USER USER URL URL Raus auf die Straßen USER 👉 Übersicht / Overview 👈",de
197,Demotermine1250288610202462021-10-03 15:18:27,20246,2021-10-03 15:17:42,Hamburg Ernst-Merck-Str . / Vor der Kunsthalle Samstag den 09.10.2021 16:00 bis 18:00 Uhr Angemeldeter Aufzug Wir lassen uns nicht spalten ! # HH # Sa0910 Raus auf die Straßen USER 👉 Übersicht / Overview 👈,de
3984,Demotermine1250288610282652021-11-26 03:26:57,28265,2021-11-26 03:26:37,🟩🟩🟩🟩🟩 Demo für Frieden und Freiheit Fulda ⬜ ️ 27.11.21 / 14:00 Uhr Bahnhofsplatz ⬜ ️ Keine Zwei-Klassen-Gesellschaft 🟥 Impfgeschädigte berichten URL URL # HE # Sa2711 # Fulda Raus auf die Straßen USER 👉 Übersicht / Overview 👈,de
8893,Demotermine1250288610166022021-08-30 13:54:50,16602,2021-08-30 13:55:11,"# be2808 Berlin , Potsdamer Platz 18.27 Heiko Schönig schult nach . "" This is how Democracy looks like "" — Osnabrücker Sommer der Aufklärung URL 2:48 Raus auf die Straßen USER",de
3535,Demotermine1250288610288922021-11-30 00:10:36,28892,2021-11-30 00:10:10,I hon koi Bogg mehr - VidaLaTina in Stuttgart USER Raus auf die Straßen USER 👉 Übersicht / Overview 👈,de
2174,Demotermine1250288610311082021-12-10 15:15:13,31108,2021-12-10 15:15:10,""" KEINE IMPFPFLICHT FÜR SOLDATEN "" SCHILDER-DEMO vor der Hochstaufen Kaserne Bad Reichenhall 09.12.21 — BGL steht auf ! URL 1:52 Raus auf die Straßen USER 👉 Übersicht / Overview 👈",de
20194,Demotermine12502886104015,4015,2020-11-19 15:13:18,"Ich melde für heute Abend 18:00 eine Spontandemo Düsseldorf , vor den Bilker Arkaden an , für max 25 Teilnehmer ( dann brauchen wir keine Masken )",de
16385,Demotermine1250288610264902021-11-13 16:42:03,26490,2021-11-13 16:42:00,Dieser Herr steht bei jeder Demo in Strasbourg auf dem Balkon und unterstützt den Widerstand ! Résistance 💪 ❤ ️ 🇨 🇭 USER 🌐 gemeinsam-schweiz.ch Raus auf die Straßen USER 👉 Übersicht / Overview 👈,de
15489,Demotermine125028861073672021-03-09 13:28:02,7367,2021-03-09 13:27:14,Senftenberg-Brieske Autokorso Start Grubenstraße Nähe Premio USER 14032021 Raus auf die Straße USER,de
18001,Demotermine1250288610236632021-10-28 08:19:37,23663,2021-10-28 08:19:12,Auf geht's zum 71 Autocorso 🚗 🚙 🚗 🚙 🚗 🚙 🚗 🚙 🚗 🚙 Parkplatz ist über den Lodemannweg zu erreichen 🚗 🚙 🚗 🚙 🚗 🚙 🚗 🚙 🚚 # NI # Sa3010 # Hannover Raus auf die Straßen USER 👉 Übersicht / Overview 👈,de
5528,Demotermine125028861048252021-01-01 10:00:32,4825,2020-12-31 20:57:49,"Kernen im Remstal bei Stuttgart Ortsteil Rommelshausen am Rathaus Kundgebung mit anschließender Disco-Demo und Neujahrs-Feuerwerk Redner : Dr. Fiechtner Heute , 1. Januar 2021 Beginn : 18 Uhr Stettener Str. 12 , 71394 Kernen i. R. URL USER USER 01012021 Bilder und Videos hochladen USER - Termine in Textform USER Fahren oder Mitfahren USER - Übernachten ? USER USER - USER - USER",de
15957,Demotermine125028861068052021-02-25 21:23:39,6805,2021-02-25 21:20:52,Frankfurt am Main Zeilsheim Demozug Treffpunkt Welschgrabenstraße Ecke Klosterstraße ( Froschbrunnen ) USER 03032021 Bilder und Videos hochladen USER - Termine in Textform USER Fahren oder Mitfahren USER - Übernachten ? USER USER - USER - USER,de
17120,Demotermine1250288610252502021-11-06 12:59:33,25250,2021-11-06 12:57:57,"💥 Die Demo hat noch nicht einmal begonnen , da wird Captain Future schon von den Berliner Schergen abgeführt!!️ Dass die Berliner Aushilfs-Polizei auch in Leipzig nicht weiß , was Versammlungsfreiheit bedeutet , hat sie leider schon oft genug bewiesen . Raus auf die Straßen USER 👉 Übersicht / Overview 👈",de
5979,Demotermine1250288610209162021-10-09 18:32:32,20916,2021-10-09 18:32:24,🇫 🇷 Chambéry : vor dem Büro des Abgeordneten 9.10.2021 🍀 👍 USER Raus auf die Straßen USER 👉 Übersicht / Overview 👈,de
23546,Demotermine12502886109252020-05-12 19:01:04,925,2020-05-12 19:00:49,Samstag 16.05.2020 Frankfurt a / M - Spaziergang St. Katharinenkirche / Hauptwache Beginn 14.00 Uhr ! ! USER USER - Bilder und Videos hochladen USER - Diskussion USER,de
22798,Demotermine125028861064982021-02-18 14:14:31,6498,2021-02-18 14:04:22,Heilbronn Autokorso Aufstellung Hafenstraße Zufahrt nur über Karlsruher Straße ( Karl-Wüst-Straße gesperrt ) USER 21022021 Bilder und Videos hochladen USER - Termine in Textform USER Fahren oder Mitfahren USER - Übernachten ? USER USER - USER - USER,de
12048,Demotermine1250288610118012021-06-22 11:10:09,11801,2021-06-22 11:10:08,Berlin 01.08.2021 - Wir freuen uns auf Euch ! — Querdenken 441 - Oldenburg URL 1:05 Raus auf die Straße USER,de
18381,Demotermine1250288610229912021-10-24 10:44:15,22991,2021-10-24 10:43:51,Heute 24.10.2021 13:00 Salzburg Domplatz Protest gegen 3 G am Arbeitsplatz # AT # So2410 # Salzburg Raus auf die Straßen USER 👉 Übersicht / Overview 👈,de
8470,Demotermine1250288610171742021-09-05 15:30:12,17174,2021-09-05 15:29:00,❗ ️ ❗ ️ ❗ ️ 🔥 Eilmeldung 🔥 ❗ ️ ❗ ️ ❗ ️ Vor ca 30 Minuten wurde der Sohn eines Kameraden ins Gebüsch gezogen . Dort versuchten zwei schwarze Mitbürger den Sohn zu * vergewaltigen * ! ❗ ️AUS DIESEM GRUND FINDET HEUTE * AM HAUPTBAHNHOF * IN DESSAU UM * 19.00 UHR * EINE SPONTANDEMO STATT ❗ ️ Dringend in allen Kanälen teilen und noch dringender * zahlreich * erscheinen ❗ ️ ❗ ️ ❗ ️ URL USER 05092021 Raus auf die Straßen USER,de
3636,Demotermine1250288610287062021-11-28 09:15:05,28706,2021-11-28 09:15:02,"Stefan Schmidt erklärt , wie es diese Woche zur Neuauflage der Demos in Schwäbisch Gmünd kam . Desweiteren berichtet Stefan über die momentane Lage in Sachsen und gibt einen Ausblick auf die Zukunft . Nach der 111. Demo auf dem Marktplatz Schwäbisch Gmünd , 26.11.2021 Ein Beitrag von USER Video auch auf QD-Tube : URL Raus auf die Straßen USER 👉 Übersicht / Overview 👈",de
5888,Demotermine1250288610210242021-10-12 13:44:00,21024,2021-10-11 19:06:36,📆 GRUNDGESETZ MAHNWACHE ( ORTSGESPRÄCH ) 👉 🏻 mehr Infos dazu # Termin # BW # Mi1310 # Neckarsulm Raus auf die Straßen USER 👉 Übersicht / Overview 👈,de
20676,Demotermine12502886103389,3389,2020-10-25 18:14:08,"+ + + BREAKING NEWS + + + Unterlassene Hilfeleistung durch diesen Sanitäter in Berlin , nachdem ein Mensch schwer verletzt am Boden liegt ! 25.10.2020",de
21422,Demotermine125028861024182020-08-14 08:27:09,2418,2020-08-14 08:25:46,"München Musikalischer Umzug mit dem Ziel , auch Menschen zu erreichen , die an gewöhnlichen Demos nicht teilnehmen . USER Bilder und Videos hochladen USER - Termine in Textform 👉 USER mitteilen Fahren oder Mitfahren USER - Übernachten ? USER USER",de
10787,Demotermine1250288610135362021-08-01 18:40:46,13536,2021-08-01 18:40:34,Aktuell wohl mehrere hundert Grundrechte-Demonstranten auf dem Weg zum Alex USER Raus auf die Straße USER,de
9630,Demotermine1250288610152362021-08-28 12:13:14,15236,2021-08-28 12:13:40,"Politisch korrekte Demos erlaubt Berlins rot-rot-grüner Senat , unpassende werden verboten . Dieses Wochenende wieder diverse Anti-Corona-Maßnahmen-Kundgebungen . Dennoch wollen viele demonstrieren . Ich berichte live von vor Ort . URL Raus auf die Straßen USER",de
7697,Demotermine1250288610184132021-09-18 14:02:29,18413,2021-09-18 14:02:01,Stuttgart Spaziergang 18.9.2021 ca 15.50 Königstrasse es geht wieder Richtung Rotebühlplatz USER Raus auf die Straßen USER,de
5739,Demotermine1250288610212362021-10-13 18:58:57,21236,2021-10-13 18:58:35,Am 6.11.2021 wird erneut Geschichte geschrieben ! # LeipzigwirkommenAllewieder 🕊 weitere infos folgen in kürze ! USER # SN # Sa0611 # Leipzig Raus auf die Straßen USER 👉 Übersicht / Overview 👈,de
1922,Demotermine1250288610314362021-12-12 17:14:56,31436,2021-12-12 17:14:53,Rosenheim Live 12.12.2021 URL Infokanal : URL Kanal - Kinder Stehen Auf - Offiziell URL Chat 💭 URL Raus auf die Straßen USER 👉 Übersicht / Overview 👈,de
6430,Demotermine1250288610203112021-10-03 23:47:47,20311,2021-10-03 23:48:00,🇫 🇷 Pau 2.10.202 Demonstranten blockieren die Schiene am Banhof 💪 🍀 USER Raus auf die Straßen USER 👉 Übersicht / Overview 👈,de
2041,Demotermine1250288610312892021-12-11 22:40:19,31289,2021-12-11 22:40:16,"Riesen Freiheitsdemo für Demokratie und Grundrechte in Wien , 11.12.2021 — Manuel Muellner URL 4:43:09 Raus auf die Straßen USER 👉 Übersicht / Overview 👈",de
5244,Demotermine1250288610220772021-10-18 05:50:08,22077,2021-10-18 05:50:11,Liebich von mutmaßlicher Antifa-Fotografin angegriffen auf Pegida 7. Jahrestag # dd1710 — Sven Liebich URL 0:24 Raus auf die Straßen USER 👉 Übersicht / Overview 👈,de
4966,Demotermine1250288610272562021-11-20 09:15:11,27256,2021-11-20 09:15:07,USA : Police declare riot in Portland amid unrest over Rittenhouse verdict - 19.11.2021 — demonstration_live URL 0:46 Raus auf die Straßen USER 👉 Übersicht / Overview 👈,de
3117,Demotermine1250288610296422021-12-03 08:28:42,29642,2021-12-03 08:28:03,"01.12.2021 - Saarbrücken , Saarcenter . Terminloses Impfen beim * Elektronik-Fachmarkt ihres Vertrauens * . 💉 🤪 URL MediaMarkt Breslauer Str. 1a , 66121 Saarbrücken 0681 989100 URL Raus auf die Straßen USER 👉 Übersicht / Overview 👈",de
3816,Demotermine1250288610284852021-11-27 02:56:10,28485,2021-11-27 02:56:07,"Auch in der ältesten Stadt der Schweiz , in Chur zwingen die Vasallen den Schulkindern eine Maske anzuziehen . Die Kindern mit Ihren Eltern zusammen mit Freunden und den Helvetiatrychler haben heute 24.11.21 Lautstark ihren Unmut vor dem Regierungsgebäude kund getan . Vorlage zum Gesichtsverhüllungszwang : URL by URL Raus auf die Straßen USER 👉 Übersicht / Overview 👈",de
1050,Demotermine1250288610287742021-11-28 18:54:24,28774,2021-11-28 18:53:22,"🥁 🥁 🥁 🥁 🥁 🥁 🥁 🥁 🥁 🥁 🥁 🥁 Königs Wusterhausen am 22. November 2021 Wow , über 170 Menschen waren wir heute , danke dafür . 🙏 🏻 Wir sehen uns am kommenden Montag um 18.00 Uhr am Kirchplatz . ✌ ️🏼 😉 👋 🏼 🥁 🥁 🥁 🥁 🥁 🥁 🥁 🥁 🥁 🥁 🥁 🥁 Nächste Demo # Mo2911 # BB # KönigsWusterhausen Raus auf die Straßen USER 👉 Übersicht / Overview 👈",de
7758,Demotermine1250288610182462021-09-18 10:42:02,18246,2021-09-18 10:41:48,"Update aus Victoria , Park , Demo , Kinder , Neue Lockdowns , Media ist der Virus URL Raus auf die Straßen USER",de
6764,Demotermine1250288610198702021-09-29 23:44:51,19870,2021-09-29 23:43:48,Der nächste Genug ist Genug Aufzug i️ findet am 30.10.21 statt . Und wurde vom 09.10.21 auf den- > 30.10.21 nun endgültig verschoben . ⚠ ️ Ich freue mich auf euch ❤ ️ 😘 Wir sehen uns am 30.10.21 🎉 🎊 👍 Aller ❤ ️liebste Grüße sendet euch eure Dolli Berlin # BE # BLN # Sa3010 Raus auf die Straßen USER 👉 Übersicht / Overview 👈,de
3037,Demotermine1250288610297212021-12-03 16:10:26,29721,2021-12-03 16:08:45,"🎄 🎄 🎄 Gemeinsames Adventsingen am 04.12. auf dem Petriplatz in Buxtehude . 🎄 🎄 🎄 Bei dieser Veranstaltung wird es , im Gegenteil zum in unmittelbarer Nähe stattfindenden 2 G Weihnachtsmarkt , KEINE Spaltung und KEINE Ausgrenzung geben . Egal ob getestet , geimpft oder nicht geimpft . Jeder ist Willkommen! 👋 🎅 🏼 # NI # Sa0412 # Buxtehude Raus auf die Straßen USER 👉 Übersicht / Overview 👈",de
3558,Demotermine1250288610288562021-11-29 18:59:00,28856,2021-11-29 18:48:09,Ohne Anmeldung ! ! Ich stehe da nur so rum. ❤ ️ # BW # BY # Mi0112 # Ulm # NeuUlm Raus auf die Straßen USER 👉 Übersicht / Overview 👈,de
6282,Demotermine1250288610205162021-10-06 02:07:20,20516,2021-10-06 02:07:07,"🇫 🇷 Aufruf der Gewerkschaften zum Demonstrieren am 5.10.2021 👉 Demos fanden in ca 200 Städten statt 👉 Für bessere Gehälter , mehr Kaufkraft , gegen die in Kraft getretene Reform des Arbeitslosengeldes , und die drohende Reform der Rente URL USER Raus auf die Straßen USER 👉 Übersicht / Overview 👈",de
1864,Demotermine1250288610315222021-12-13 06:21:39,31522,2021-12-13 06:21:36,Best dressed for # ReclaimTheLine goes to these guys ! Raus auf die Straßen USER 👉 Übersicht / Overview 👈,de
9076,Demotermine1250288610162402021-08-29 13:44:50,16240,2021-08-29 13:44:48,"Berlin , 29.08.2021 - Polizei kommt zum Demozug ... USER # DanzigerStrasse Raus auf die Straßen USER",de
8700,Demotermine1250288610168552021-09-02 01:03:38,16855,2021-09-02 01:03:24,"🇫 🇷 Nizza Demo vor der Schulbehörde 1.9.2021 Schulbeginn heute 2.9.2021 ! 🗣 "" Kollaborateur "" USER Raus auf die Straßen USER",de
15534,Demotermine125028861073112021-03-08 03:19:48,7311,2021-03-08 03:17:41,"Halle an der Saale Markt MediaUnsere nächsten Demo-Termine in Halle . Kommt gern mal vorbei . Wo die aktuellen Livestreams gesendet werden , erfahrt Ihr meist kurzfristig auf dem Telegramkanal : URL Beitrag Die nächsten Halle-Demotermine erschien zuerst auf Politaufkleber . via Politaufkleber URL USER 08032021 - 13032021 - 22032021 - 27032021 Raus auf die Straße USER",de
8741,Demotermine1250288610167912021-09-02 06:48:11,16791,2021-09-01 20:30:17,📆 Kundgebung mit Aufzug 👉 🏻 mehr Infos dazu # Termin Düsseldorf USER 04092021 Mehr URL Raus auf die Straßen USER,de
17316,Demotermine1250288610249332021-11-03 16:20:48,24933,2021-11-03 15:23:07,"Hallo Leute , am kommenden Samstag , 6.11. bin ich in Leipzig bei der Demo dabei . Ich werde gegen 15.45 Uhr auf dem Bühnen-Fahrzeug ein kleines Ständchen geben . Wie bei fast jedem Auftritt wird etwas neues zu hören sein . Ich freue mich drauf und auf möglichst viele von Euch , Euer Yann . Der Yann-Song-King-Kanal : URL # SN # Sa0611 # Leipzig Raus auf die Straßen USER 👉 Übersicht / Overview 👈",de
18350,Demotermine1250288610230572021-10-24 19:30:34,23057,2021-10-24 19:29:54,Folgt uns auf Telegram 👇 URL # TH # Mo2510 # Nordhausen Raus auf die Straßen USER 👉 Übersicht / Overview 👈,de
9709,Demotermine1250288610151262021-08-28 10:21:42,15126,2021-08-28 10:22:52,"🇩 🇪 🧸 Berlin 28.08.2021 Erste Eindrücke um 12 : 00 Uhr 👁 Diese Bilder stammen aus der Dokumentationsgruppe URL Du kannst Deine eigenen Fotos und Videos auch dort hochladen . ! ! ️ Wer nicht in Berlin ist : helft mit , indem ihr mit dem Hashtag # b2808 die Videos auf Twitter verbreitet ( Anleitung siehe hier : URL ) Alexander Ehrlich Raus auf die Straßen USER",de
9165,Demotermine1250288610161832021-08-29 12:57:23,16183,2021-08-29 12:58:02,🇩 🇪 Demo-Berlin : Erhobener Schlagstock : Die Berliner Polizei und ihre Drohgebärden . # b2908 Raus auf die Straßen USER,de
9362,Demotermine1250288610158752021-08-29 10:01:06,15875,2021-08-29 10:01:24,🇩 🇪 Demo-Berlin : Circa 200 Menschen laufen über die Brunnenstraße . Es werden schnell mehr . # b2908 Raus auf die Straßen USER,de
16823,Demotermine1250288610256862021-11-07 13:44:51,25686,2021-11-07 13:44:48,"Impressionen von der Demo am 6.11.2021 in Hamburg "" wir lassen uns nicht spalten "" URL Raus auf die Straßen USER 👉 Übersicht / Overview 👈",de
3894,Demotermine1250288610283702021-11-26 19:23:59,28370,2021-11-26 19:19:31,"Baden – Demonstration gegen die Impfung Demonstration gegen die Impfung , Kinderimpfung und die Impfpflicht Es ist Zeit aufzustehen , bevor es zu spät ist ! # AT # Sa2711 # BadenNÖ Raus auf die Straßen USER 👉 Übersicht / Overview 👈",de
23832,Demotermine1250288610117032021-06-17 15:27:47,11703,2021-06-17 15:26:29,Demo durch Köln : Richter verwarnt Anführerin ... | GLONAABOT URL Details URL Raus auf die Straße USER,de
14893,Demotermine125028861081772021-03-26 01:14:28,8177,2021-03-26 01:14:27,Wunderbar schöne Stimmung auf der Demo in Kassel am 20.3. - Videos dürfen gerne weiterverbreitet werden Raus auf die Straße USER,de
7705,Demotermine1250288610183862021-09-18 13:41:40,18386,2021-09-18 13:41:25,Leipzig . 15:36 Uhr - Terror-Demo passiert den zentralen Augustusplatz . Es sind viele ANTIFA-Terroristen ! # le1809 Raus auf die Straßen USER,de
15184,Demotermine125028861065182021-02-21 10:40:07,6518,2021-02-19 02:23:30,Ravensburg Start Parkplatz Oberschwabenhalle Aktuelle Infos auf Telegram USER USER Videos- und Bilderupload USER USER 21022021 Bilder und Videos hochladen USER - Termine in Textform USER Fahren oder Mitfahren USER - Übernachten ? USER USER - USER - USER,de
7799,Demotermine1250288610182242021-09-18 09:50:00,18224,2021-09-18 09:50:18,🌍 GOOD MORNING WORLD 🌍 Melbourne is rising up ! We are sooo powerful ! URL Raus auf die Straßen USER,de
9006,Demotermine1250288610164382021-08-29 16:10:12,16438,2021-08-29 16:10:57,"Berlin est avec vous , nos amis . Berlin is with you our friends . Berlino è con voi , amici . Berlin ist mit seinen ( wahren ) Freunden . # b2908 # manifs28aout # manifs29aout # SaveOurRightsUK # roma2908 # CoronaFascism # wwd # EricClapton # AllDemocratsUnited Raus auf die Straßen USER",de
16300,Demotermine1250288610266732021-11-14 22:47:14,26673,2021-11-14 22:46:51,🇦 🇹 🇦 🇹 🇦 🇹 ! ! ️ Morgen bitte alle Ungeimpften für 1 Woche krank melden ! Wenn wir schon aus dem öffentlichen Leben ausgeschlossen werden dann braucht uns die Wirtschaft kommende Woche auch nicht ! ! ! ️ ! ! ️ TEILEN IN ALLE GRUPPEN ! ! ️ 🔴 Das Volk steht auf 🔴 20.11. in Wien 1 🔴 💥 TEILEN 💥 TEILEN 💥 TEILEN 💥 TEILEN 💥 👉 USER [ 14.11.2021 ] Raus auf die Straßen USER 👉 Übersicht / Overview 👈,de
11208,Demotermine1250288610129582021-07-25 15:15:18,12958,2021-07-25 15:15:18,QUERDENKEN615 - Bilanz aus 16 Monaten Freiheitsbewegung von Darmstadt hinaus in die Republik — FREEodw URL 3:13 Raus auf die Straße USER,de
4827,Demotermine1250288610274852021-11-20 17:35:19,27485,2021-11-20 17:35:16,Studenten werden festgesetzt Erlangen 20.11.21 Studenten stehen auf . — Weichreite TV URL 6:09 Raus auf die Straßen USER 👉 Übersicht / Overview 👈,de
14934,Demotermine125028861081432021-03-25 20:30:28,8143,2021-03-25 15:36:15,"📆 Für Solidarität , Demokratie und Selbstbestimmung 👉 🏻 mehr Infos dazu # Termin # QuerDenken ! USER 28032021 Raus auf die Straße USER",de
17327,Demotermine1250288610249072021-11-03 14:05:50,24907,2021-11-03 14:05:46,Rentenalter erhöhen : Ökonomen schlagen Ruhestand mit 68 vor — Epoch Times Nachrichten URL 4:36 Raus auf die Straßen USER 👉 Übersicht / Overview 👈,de
11248,Demotermine1250288610129002021-07-24 07:26:20,12900,2021-07-24 07:25:50,"👫 ❤ ️ SOLIDARISIERT & VERNETZT EUCH 👫 ❤ ️ 👬 staatenlos.info 👬 nod-deutschland.de | heimatschutzbewegung.de 🅦 🅔 🅑 staatenlos.info 🅦 🅔 🅑 deutsche-heimat.info 🅣 🅔 🅛 🅔 🅖 🅡 🅐 🅜 URL 🅣 🅔 🅛 🅔 🅖 🅡 🅐 🅜 URL 🅨 🅞 🅤 🅣 🅤 🅑 🅔 URL Nächste KUNDGEBUNG in Berlin unter freiem Himmel vor dem Reichstag 📢 am Samstag 24. Juli 2021 , ab 11 Uhr 💪 USER 24072021 Raus auf die Straße USER",de
15637,Demotermine125028861072022021-03-30 01:06:18,7202,2021-03-06 00:29:25,🇳 🇪 🇺 🇿 🇺 🇬 🇦 🇳 🇬 Spaichingen Marktplatz USER USER 10032021 - 17032021 - 24032021 - 31032021 Unterstützt die Neuen durch zahlreiche Teilnahme . Infos & Anregungen USER 🇳 🇪 🇺 🇿 🇺 🇬 🇦 🇳 🇬 Raus auf die Straße USER,de
2341,Demotermine1250288610308752021-12-19 06:20:35,30875,2021-12-08 14:22:14,USER # AT # BW # HE # RP # CH # NW # FR # NL # LI # So1912 Ergänzung URL Raus auf die Straßen USER 👉 Übersicht / Overview 👈,de
4611,Demotermine1250288610278202021-11-22 13:55:17,27820,2021-11-22 13:55:13,Nichtstun ist keine Alternative Leingarten steht auf - Brief an den Bürgermeister — Team Freiheit Brackenheim URL 2:47 Raus auf die Straßen USER 👉 Übersicht / Overview 👈,de
16582,Demotermine1250288610261672021-11-11 17:20:27,26167,2021-11-11 17:20:23,"Strafanzeige gegen Landesärztekammer : Verdacht auf Körperverletzung in 1,7 Mill . Fällen — QUERDENKEN 351 - Dresden URL 15:51 Raus auf die Straßen USER 👉 Übersicht / Overview 👈",de
10577,Demotermine1250288610138442021-08-06 04:02:15,13844,2021-08-06 04:02:14,"Aktuell an der Stelle in Berlin , an der dem Widerstandskämpfer Sascha "" El Chancho "" aus NRW , der bei einer Demonstration für die Freiheit am 01.08.2021 verstorben ist , gedacht wird ... USER Raus auf die Straße USER",de
18092,Demotermine1250288610234802021-10-27 03:00:24,23480,2021-10-27 03:01:42,💔 😢 😪 By God We ’ ll Have Our Home Again ! ⚔ ️ 🛡 USER - 🎙 Australia's Podcast . 🇦 🇺 AUSSIE STRONG . Raus auf die Straßen USER 👉 Übersicht / Overview 👈,de
4156,Demotermine125028861088362021-04-09 00:56:13,8836,2021-04-09 00:55:45,🚗 🚕 🚙 Autokorsos Berlin 🏎 🚐 🛻 West - Mo 18.00 Olympischer Platz Ost - Fr 18.00 U Hönow Süd - Mi 18.00 S Altglienicke Nord - Mo 18.00 S Pankow USER Raus auf die Straße USER,de
12958,Demotermine1250288610106952021-05-18 10:25:08,10695,2021-05-18 10:25:08,"Rede Michael Ballweg | Nürnberg | 15.05.2021 - Es ist Zeit , uns unsere Freiheit zurückzuholen . — QUERDENKEN 711 - Wir für das Grundgesetz URL 22:52 Raus auf die Straße USER",de
22561,Demotermine1250288610603,603,2019-11-03 15:18:51,Berlin sagt NEIN ! NATO-Militärtransporte durch Ost-Deutschland 04.11.2019 - Pariser Platz ( 18:00 bis 20:00 Uhr ) Sondermahnwache für Frieden : Atlantic Resolve - Sag NEIN zu US-Militärtransporten durch Deutschland an Russlands Grenzen URL,de
3574,Demotermine1250288610288402021-11-29 16:26:36,28840,2021-11-29 16:22:26,"Streik ab 29.11.2021 Hochschule für Wirtschaft und Umwelt Nürtingen-Geislingen ( HfWU ) Neckarsteige 6 - 10 , 72622 Nürtingen 07022 2010 URL # BW Ab # Mo2911 # Nürtingen Raus auf die Straßen USER 👉 Übersicht / Overview 👈",de
11219,Demotermine1250288610129312021-07-25 11:23:42,12931,2021-07-25 11:23:08,"DAS LAMBDA LÄSST SICH NICHT VERBIETEN 👉 🏻 Das zeigte auch ein Aktivist mit folgender Einsendung . Wir alle zeigen unseren Protest am 31.7. in Wien . Sei dabei und halt den Tag frei . 📌 Samstag , 31. Juli | Start : 16:00 Uhr | Albertinaplatz , 1010 Wien USER 31072021 Raus auf die Straße USER",de
3058,Demotermine1250288610297272021-12-03 16:25:12,29727,2021-12-03 16:25:09,"Interview mit Micha , Artur , Dirk und Ivan nach dem Urteil — QUERDENKEN 351 - Dresden URL 1:02:49 Raus auf die Straßen USER 👉 Übersicht / Overview 👈",de
8113,Demotermine1250288610177722021-09-17 19:38:59,17772,2021-09-12 11:48:38,"FREIHEIT MARSCH ! 18.09.2021 - 14 Uhr Landtag - Schloßplatz - Königstraße - Hauptbahnhof S21 STUTTGART Landeshauptstadt # KeinImpfzwang # KinderSchutz 👉 Durch die Innenstadt , zu den MEDIENHÄUSERN 🏢 📷 🏢 Wenn die Polizei nach einem Veranstaltungsleiter fragt : Es gibt keinen ! So ist auch niemand haftbar . Ihr wolltet nur spazieren 😉 ‌‌ Video URL USER 18092021 , 25092021 Raus auf die Straßen USER",de
8853,Demotermine1250288610166502021-08-31 03:36:08,16650,2021-08-31 03:26:31,DIE FRAUEN SIND JETZT AM RHEIN Warum es so viel bedeutet „ WALK AM RHEIN “ 28. Aug - 5. Sept. 2021 Alle Informationen findet ihr auf : URL Bleibe auf dem Laufenden und folge William Toel : ⬇ ️ ⬇ ️ ⬇ ️ ⬇ ️ ⬇ ️ URL Remember USER Deshalb USER Raus auf die Straßen USER,de
14193,Demotermine125028861089742021-04-12 11:53:51,8974,2021-04-12 11:53:25,"+ + + Rothenburg + + + Diesen Samstag ❗ ️Demo beginnt erst um 18 Uhr . 🎤 🎸 🎼 Es wird eine Rede geben und Live Musik . 🤝 Bitte teilen , damit alle Bescheid wissen , dass es erst um 18 Uhr beginnt . USER 17042021 Raus auf die Straße USER",de
2660,Demotermine1250288610303552021-12-06 12:21:21,30355,2021-12-06 12:18:45,"Frankfurt-Demo : "" Sie haben Angst vor uns "" - REPORTAGE [ POLITIK SPEZIAL ] — Politik Spezial - Stimme der Vernunft URL 13:05 USER Raus auf die Straßen USER 👉 Übersicht / Overview 👈",de
23358,Demotermine125028861058182021-02-02 08:57:48,5818,2021-02-02 08:06:23,"Übersicht Dienstag , 2.2.2021 Terminkalender URL Mehr Details Berlin URL Gera URL Gerlingen URL Günzburg URL Güstrow URL Naumburg URL Schwäbisch Gmünd URL Waiblingen URL Würzburg URL Landesverfassungsgericht Sachsen URL Termin mitteilen USER Raus auf die Straße USER",de
2580,Demotermine1250288610304492021-12-06 22:08:03,30449,2021-12-06 22:07:54,"Rede Dr. Daniel Langhans - Kurzer Bericht über die Teilnehmer einiger Veranstaltung im Umkreis an diesem Wochenende - Das Impf-Abo - Die Demokratische Kirche : URL - Rabi Amnon Yitzhak - Lied „ When Israel was in Egypt ‘ s Land “ ( URL ) Laichingen , 06.12.2021 , 19:18 Uhr Ein Film von USER Raus auf die Straßen USER 👉 Übersicht / Overview 👈",de
4963,Demotermine1250288610272632021-11-20 09:42:56,27263,2021-11-20 09:42:52,EU-Abgeordneter Maximilian Krah ( AfD ) ruft dazu auf gegen den Corona-Wahnsinn auf die Straße zu gehen ! 💪 🏻 Video darf gerne heruntergeladen und weiterverbreitet werden ! Folgt uns auf Telegram : URL Raus auf die Straßen USER 👉 Übersicht / Overview 👈,de
5219,Demotermine1250288610139802021-08-09 13:27:18,13980,2021-08-09 13:21:43,BBC Gebäude wird gestürmt . Demonstranten gegen IMPFUNGEN von Kindern und den Pass versuchen aufgrund der Lügen des BBC das Gebäude in Großbritannien zu stürmen . Menschen haben die Medien-Lügen und den propagierten Genozid satt . They won't be able to walk down the street . Nächste Demo gegen die Hass- und Hetzmedien des faschistischen Impfterror-Regimes : URL Raus auf die Straße USER,de
18622,Demotermine1250288610226432021-10-22 00:28:16,22643,2021-10-22 00:28:25,"Bleib standhaft ! Du bist nicht alleine , zusammen können wir großes Schaffen und auch diese Krise überstehen ! _ _ _ _ _ _ _ ♥ ️ _ _ _ _ _ _ _ Restiamo forti ! Non sei da sola , insieme possiamo fare grandi cose e superare questa crisi ! ( Cari amici della lingua italiana , vi prego di scusarmi . In futuro , i contenuti seguiranno anche in italiano ) Raus auf die Straßen USER 👉 Übersicht / Overview 👈",de
9340,Demotermine1250288610158872021-08-29 10:10:14,15887,2021-08-29 10:10:11,🇩 🇪 Demo-Berlin : Auf der Bernauer Straße fusionieren jetzt mehrere Demo-Züge ! # b2908 Raus auf die Straßen USER,de
10205,Demotermine1250288610143832021-08-17 17:20:55,14383,2021-08-17 17:20:28,Beitrag Geschenke und ihre Verpackung - Abschlusskundgebung 9. August 2021 in Brackenheim — Team Freiheit Brackenheim URL 5:52 Raus auf die Straße USER,de
18150,Demotermine1250288610233722021-10-26 10:37:30,23372,2021-10-26 10:38:14,Am Nationalfeiertag gehen wir für unsere Rechte auf die Straße . 🇦 🇹 🇦 🇹 🇦 🇹 👍 👍 👍 Raus auf die Straßen USER 👉 Übersicht / Overview 👈,de
3072,Demotermine1250288610297102021-12-03 14:40:29,29710,2021-12-03 14:40:26,"Liebe Polizisten Auch ihr seid , wenn ihr die Uniform ablegt , normale Bürger unseres Landes . Auch ihr werdet von der Regierung belogen und betrogen . Bitte nehmt es euch zu Herzen , denn wir sind alle im selben Boot . Nur GEMEINSAM sind WIR stark ! Raus auf die Straßen USER 👉 Übersicht / Overview 👈",de
17648,Demotermine1250288610234492021-10-27 00:57:51,23449,2021-10-27 00:57:25,"„ Die Beamtinnen und Beamten bekämen kein Entgelt , sondern einen Sold . Der Staat sei per GRUNDGESETZ verpflichtet , die Alimentation zu leisten . “ USER hat keine weiteren Fragen . URL URL Auch hier gilt das USER Raus auf die Straßen USER 👉 Übersicht / Overview 👈",de
2353,Demotermine1250288610308602021-12-08 13:05:19,30860,2021-12-08 13:05:16,"Kritische Situation : EINHAKEN - KETTE BILDEN So zeigt man Einheit und passiven , friedlichen Widerstand und macht sich nicht strafbar . Raus auf die Straßen USER 👉 Übersicht / Overview 👈",de
14076,Demotermine125028861091202021-04-15 02:00:00,9120,2021-04-15 01:59:43,"+ + + NOW + + = Flashmop in Aschaffenburg = = = = = = = = = = = Ausgangssperre ? Infektionsschutzgesetz ? Nicht mit uns . Aschaffenburg macht eine spontan Demo . Mit Musik , Trommeln und guter Laune , wecken 100 mutige die Stadt auf . Danke für die Zusendung URL = = = = = WirMachenAuf URL_de USER Raus auf die Straße USER",de
21551,Demotermine125028861022482020-08-01 23:39:04,2248,2020-08-01 21:24:54,"Demonstration Berlin - 1.8.2020. 16:45 Uhr , die Polizei beendet die Veranstaltung — KenFM URL 4:07 USER USER USER - Bilder und Videos hochladen USER - Diskussion USER Fahren oder Mitfahren USER - Übernachten ? USER",de
15811,Demotermine125028861066242021-02-22 01:45:35,6624,2021-02-22 01:42:53,Autokorso Ost vom 19.02. Berlin . Zur MP3 URL Mach einfach dein Ding USER Schluss mit der Fake-USER USER,de
7555,Demotermine1250288610186232021-09-20 00:03:58,18623,2021-09-20 00:03:47,"Thüringen , auch du musst dich trauen ! Folgt uns auf Telegram ⬇ ️ ⬇ ️ ⬇ ️ USER Raus auf die Straßen USER",de
1195,Demotermine1250288610323342021-12-18 18:22:07,32334,2021-12-18 18:22:00,🇦 🇹 St. Valentin ist heute auf der Strasse ! Folgt mir 🇨 🇭 URL Raus auf die Straßen USER 👉 Übersicht / Overview 👈,de
19605,Demotermine12502886104704,4704,2020-12-25 08:37:19,Frohe Weihnachten | Info zu den Demos 30.12./31.12.2020 via URL USER - Diskussion & Austausch USER - Bilder und Videos von Demos aus 711 / STUTTGART hochladen USER ~edited by 🤖,de
854,Demotermine1250288610174772021-09-08 13:33:04,17477,2021-09-08 13:33:14,"​​„Dies ist ein Tag für das brasilianische Volk , das uns sagen wird , welchen Weg wir einschlagen sollen ” , sagte Bolsonaro beim Auftakt der offiziellen Feierlichkeiten zum Unabhängigkeitstag . Raus auf die Straßen USER",de
19902,Demotermine125028861043572020-12-05 08:16:55,4357,2020-12-05 08:16:01,"Autokorso in Kassel , angezeigt und genehmigt . Wir freuen uns auf euch ! USER 09122020 - 15122020 Bilder und Videos hochladen USER - Termine in Textform USER Fahren oder Mitfahren USER - Übernachten ? USER USER - USER - USER",de
10725,Demotermine1250288610136522021-08-02 20:51:01,13652,2021-08-02 20:51:00,"Ein IQ von 90 ? 🤔 Doch so viel ? .. und echt doof , wenn ihn sich die komplette Einheit auch noch teilen muss . 🤡 ♦ ️ ♦ ️ ♦ ️ ♦ ️ ♦ ️ ♦ ️ ♦ ️ ♦ ️ Abonniert unseren Kanal URL ♦ ️ ♦ ️ ♦ ️ ♦ ️ ♦ ️ ♦ ️ ♦ ️ ♦ ️ Raus auf die Straße USER",de
16799,Demotermine1250288610257592021-11-08 17:40:07,25759,2021-11-08 17:40:24,Warum muss ich mich von Euch Nazi schimpfen lassen ? Seit wann demonstriert die Antifa für den Staat ? — Osnabrücker Sommer der Aufklärung URL 0:59 Raus auf die Straßen USER 👉 Übersicht / Overview 👈,de
7502,Demotermine1250288610187342021-09-21 00:50:05,18734,2021-09-21 00:49:26,"🇫 🇷 Mega-Flop Paris , Trocadero , 19.9.2021 🤡 Das Mega-Pro-Impfung und Pass Event 🤡 👉 Seit mehr als einem Monat geplant 👉 Abwarten welche Zahlen von den MSM genannt werden ! 🤡 Gestern waren laut MSM 80,000 auf der Strasse , in ganz Frankreich . Raus auf die Straßen USER",de
8148,Demotermine1250288610177162021-09-11 13:34:31,17716,2021-09-11 13:34:46,"11. September 2001 ! ShowAgenten Radio im Gespräch mit Friedemann Mack 20 Jahre nach 9 / 11 , HEUTE 16:00 Uhr ShowAgenten Radio . 🔻 🔻 🔻 🔻 🔻 🔻 🔻 🔻 🔻 🔻 URL 🔺 🔺 🔺 🔺 🔺 🔺 🔺 🔺 🔺 🔺 Raus auf die Straßen USER",de
9320,Demotermine1250288610159402021-08-29 10:53:13,15940,2021-08-29 10:53:14,"Demo-Berlin : Zwei Teilnehmer wurden festgesetzt und ihnen wird die Teilnahme an einer angeblich verbotenen Versammlung vorgeworfen . Auf Anfrage sagten die beiden Herren , dass selbst im Polizei-Ticker veröffentlicht gewesen sein soll , dass die Veranstaltung am Humboldt-Hain erlaubt gewesen sei . Raus auf die Straßen USER",de
18446,Demotermine1250288610229012021-10-24 04:47:36,22901,2021-10-24 04:46:37,Mensch ist Mensch ! NEIN am 28.11.2021 zum Covid-Zertifikat ! NEIN zur Spaltung der Gesellschaft ! ✊ 🏻 💜 # CH # So2811 # schweizweit Raus auf die Straßen USER 👉 Übersicht / Overview 👈,de
9590,Demotermine1250288610152862021-08-28 13:05:30,15286,2021-08-28 13:05:26,Demonstrationszug Prenzlauer Bern Berlin Demo 28.08.21 — Weichreite TV URL 8:49 Raus auf die Straßen USER,de
10550,Demotermine1250288610138902021-08-06 08:48:40,13890,2021-08-06 08:48:40,"Italien , Menschenflut brennt grünes Zertifikat ( Gesundheitspass ) zum Schrei nach Freiheit . Der italienische Staat will 30 Millionen Landsleute diskriminieren , hören wir . Mach weiter so , ohne Pause . # RadioSavana Raus auf die Straße USER",de
8189,Demotermine1250288610176632021-09-10 21:50:03,17663,2021-09-10 21:50:08,Meck Pomm gegen Angst- und Panikpolitik — Neubrandenburger Spaziergang URL 2:31 Raus auf die Straßen USER,de
16590,Demotermine1250288610261592021-11-11 14:00:27,26159,2021-11-11 14:00:24,"BREAKING : Berlin verlangt jetzt die Vorlage eines Impfpasses oder einen negativen Test , um an Demonstrationen im Freien teilnehmen zu können ! URL Raus auf die Straßen USER 👉 Übersicht / Overview 👈",de
1621,Demotermine1250288610318222021-12-15 00:02:29,31822,2021-12-14 23:48:46,Nächsten Montag 18:00 Uhr # NW # Mo2012 # Hattingen Raus auf die Straßen USER 👉 Übersicht / Overview 👈,de
7857,Demotermine1250288610181462021-09-17 15:43:26,18146,2021-09-17 15:36:15,Ausbreitung der 2G-Regel - nur echte Naturkatastrophen sind zufälliger ... Raus auf die Straßen USER,de
15284,Demotermine12502886107610,7610,2021-03-15 17:23:51,Hier gibt es heute wieder die Anti-Corona-Grundversorgung am Virus-Krankenwagen Leinfelden-Echterdingen URL USER,de
8056,Demotermine1250288610178382021-09-14 07:58:07,17838,2021-09-14 07:57:49,"Berlin , Berlin , wir fahren nach Berlin ! Berlin , es ist an der Zeit ! Diese Regierung hat fertig ! Der 18. September naht ! Macht euch bereit ! Ab 12 Uhr Treffpunkt flexibel ! Frieden-Freiheit-Souveränität ! 🕊 # Wirsinddersouverän # Wirsinddasvolk # Wirsindalledabei Folgt uns auf Telegram ⬇ ️ ⬇ ️ ⬇ ️ USER Raus auf die Straßen USER",de
7358,Demotermine1250288610147442021-08-23 23:39:51,14744,2021-08-23 23:39:39,"⚠ ⚠ ️ ⚠ ⚠ ️ ⚠ ⚠ ️ ⚠ ⚠ ️ Hatten wir sowas nicht schon einmal ? 🤔 🤔 ➡ ️ Wenn Söder seinen Kommentar löscht , lassen wir ihn halt um die Welt gehen 😉 Teilt es auf allen Medien , damit für jeden sichtbar ist , was für ein Faschist er ist 😉 🔥 🔥 🔥 🔥 🔥 🔥 🔥 🔥 🔥 🔥 USER USER Um das geht es , nicht um die Gesundheit ! ! ! Raus auf die Straßen USER",de
9327,Demotermine1250288610156222021-08-28 18:07:47,15622,2021-08-28 18:08:05,"20:05 Uhr , Tagesschau : „ In mehreren deutschen Städten haben Menschen für eine Luftbrücke nach Afghanistan demonstriert . “ Raus auf die Straßen USER",de
19117,Demotermine125028861053622021-01-21 22:27:27,5362,2021-01-21 22:27:26,Solidarität mit den Bürgern in Uniform . Gegen staatliche Instrumentalisierung der Polizei . 👉 🏻 Neuer Termin Bilder und Videos hochladen USER - Termine in Textform USER Fahren oder Mitfahren USER - Übernachten ? USER USER - USER - USER,de
19178,Demotermine125028861052922021-01-18 22:11:56,5292,2021-01-18 22:11:20,"Versammlung und lautstarker Protestumzug . Kiel Exerzierplatz , 21. Januar , 18:30 Uhr . Wer - wenn nicht wir ? Wann - wenn nicht jetzt ? USER 21012021 Bilder und Videos hochladen USER - Termine in Textform USER Fahren oder Mitfahren USER - Übernachten ? USER USER - USER - USER",de
13457,Demotermine12502886109164,9164,2021-04-15 12:20:03,+ + + WICHTIGER TERMIN + + + Alle am 16.04.2021 ab 09:00 Uhr zum Reichstag / Paul-Löbe-Haus nach Berlin ! URL,de
18334,Demotermine1250288610230762021-10-24 23:44:55,23076,2021-10-24 23:45:13,Massenproteste in Turin am 23.10.2021 gegen den Impfzwang — Weiterdenken-Marburg WDMR URL 1:23 Raus auf die Straßen USER 👉 Übersicht / Overview 👈,de
4799,Demotermine1250288610275232021-11-20 19:07:51,27523,2021-11-20 19:07:48,"Die Polizei macht schon wieder Stress hier . Angeblich haben sie nicht mitbekommen , daß wir ne Schweigeminute machen und haben sie gestört . Mal sehen wie es weitergeht . Jena 20.11.2021 URL Raus auf die Straßen USER 👉 Übersicht / Overview 👈",de
22711,Demotermine125028861066152021-02-21 23:47:37,6615,2021-02-21 23:47:00,Paris : Auseinandersetzungen zwischen Identitären und Gegendemonstranten — RT DE URL 0:40 USER Bei Demoverbot Aufstand ! USER,de
16507,Demotermine1250288610263112021-11-12 17:04:43,26311,2021-11-12 17:04:40,"Publizist Dr. Steidl über "" Demokratur "" : derzeitige antidemokratische Machtstrukturen — Antihygienista - Offene Gesellschaft Kurpfalz URL 25:35 Raus auf die Straßen USER 👉 Übersicht / Overview 👈",de
23838,Demotermine1250288610321722021-12-18 07:04:59,32172,2021-12-18 07:00:42,Die falsche Solidarität mit dem echten Faschismus ... URL Raus auf die Straßen USER 👉 Übersicht / Overview 👈,de
4627,Demotermine1250288610278002021-11-22 00:15:13,27800,2021-11-22 00:15:10,Wien 20.11.2021 Aktionstag für Freiheit und Rechtsstaatlichkeit ! | The world stands with Austria ! — # MAMAandME URL 21:21 Raus auf die Straßen USER 👉 Übersicht / Overview 👈,de
9189,Demotermine1250288610161472021-08-29 12:40:48,16147,2021-08-29 12:41:15,"+ + + JETZT Massenumzug Frankfurter Allee auf Strausberger Platz zu . Einer von vielen , einer der größten Umzüge . + + + # b2908 Raus auf die Straßen USER",de
11165,Demotermine1250288610130102021-07-26 12:53:29,13010,2021-07-26 12:53:28,"Einer von vielen LKWs , welche sich diese Stunden nach # Berlin bewegen 🎯 Danke . 🎯 DAS nennt man "" # Schwarmintelligenz "" ... liebe Frau Dr. Merkel . Und das mit den Vorteilen der # Basisdemokratie üben wir noch einmal zusammen , nicht wahr ? USER # lkw # berlin Raus auf die Straße USER",de
5754,Demotermine1250288610212212021-10-13 14:59:05,21221,2021-10-13 14:59:03,"URTEIL : VIER BZW . FÜNF JAHRE HAFT FÜR LINKSEXTREMISTEN PETZOLDT UND AKPINAR Paukenschlag in Stuttgart : Die beiden Linksextremisten Petzoldt und Akpinar wurden heute zu mehrjährigen Haftstrafen verurteilt , das Urteil ist noch nicht rechtskräftig . Mehr : URL Neue Fälle USER - Diskussion USER Termin mitteilen USER",de
6360,Demotermine1250288610204032021-10-04 19:18:20,20403,2021-10-04 19:18:20,Gewerkschaftsgründer : Chaos in französischen Krankenhäusern wegen Impfpflicht — Epoch Times Nachrichten URL 3:37 Raus auf die Straßen USER 👉 Übersicht / Overview 👈,de
17568,Demotermine1250288610244572021-11-01 13:45:10,24457,2021-10-31 20:21:52,"Heute waren wir mit den Helvetiatrychlern in Zermatt und haben ein starkes Zeichen der Solidarität gesetzt ! Danke an ALLE , die da waren . ✊ 🏻 💜 # freeIvan URL # Walliserkanne Raus auf die Straßen USER 👉 Übersicht / Overview 👈",de
23030,Demotermine125028861062162021-02-11 13:52:13,6216,2021-02-11 13:50:29,Feiert mit uns am 14.02.2021 um 13.45 Uhr in Limburg / Lahn einen MASKENBALL - Wider den Corona-Irrsinn ! Details URL Bilder und Videos hochladen USER - Termine in Textform USER Fahren oder Mitfahren USER - Übernachten ? USER USER - USER - USER,de
17263,Demotermine1250288610250192021-11-04 08:28:31,25019,2021-11-04 08:23:30,"Karla Kolumna ( Bettina Gorzolla ) im chinesischen Fernsehen ein "" must listen "" 😆 ab 1 Min . 40 Sek . URL Kurzlink : NTD 新唐人電視台 法輪功德國慕尼黑傳真相 民眾感動支持 2021年10月29日及30日 , 歐洲部分法輪功學員在德國南部名城慕尼黑集會遊行 , 向當地民眾講述法輪功真相 , 呼籲立即結束中共對法輪功學員長達22年的殘酷迫害。下面請看來自德國慕尼黑的報導 。 URL Raus auf die Straßen USER 👉 Übersicht / Overview 👈",de
14624,Demotermine125028861084982021-03-31 13:41:52,8498,2021-03-31 13:33:14,🇳 🇪 🇺 🇿 🇺 🇬 🇦 🇳 🇬 Das ist die zweite Kundgebung nach 6 Monaten im kleinen Marktheidenfeld . Ihr seid recht herzlich eingeladen . Liebe Grüße und Euch eine gesegnete Kar-Woche 🕊 USER USER 05042021 🇳 🇪 🇺 🇿 🇺 🇬 🇦 🇳 🇬 Raus auf die Straße USER,de
1926,Demotermine1250288610314462021-12-12 18:24:54,31446,2021-12-12 18:24:51,Heute Abend wurden sämtliche Grenzübergänge zwischen der Schweiz 🇨 🇭 und Österreich durch die Bürgerrechtsbewegungen besetzt . Danke an alle ❤ ❤ 🇨 🇭 🇵 🇫 🇨 🇭 🇵 🇫 🇨 🇭 🤝 🇵 🇫 🤝 🇵 🇫 🇨 🇭 🤝 🇵 🇫 🇨 🇭 # Allesindwillkommen URL Raus auf die Straßen USER 👉 Übersicht / Overview 👈,de
9403,Demotermine1250288610158122021-08-29 07:26:03,15812,2021-08-29 07:26:23,Pressefreiheit 28.08.2021 in Berlin Deutschland 😳 Kostenlos abonnieren ! 🇨 🇭 USER Raus auf die Straßen USER,de
3514,Demotermine1250288610289222021-11-30 01:37:33,28922,2021-11-30 01:37:27,"Chemnitzer Montagsspaziergang , 29.11.2021 👍 Über 500 Chemnitzer ließen es sich bei dem nass-kalten Wetter und OB Schulze ` s Drohkulisse nicht nehmen , um ein deutliches NEIN zur Willkür der Politik zu sagen ❤ ️ 💪 Raus auf die Straßen USER 👉 Übersicht / Overview 👈",de
20991,Demotermine125028861030142020-10-01 18:06:43,3014,2020-10-01 18:06:12,"Ein Forum für Freiheit und Menschenrechte in Potsdam Luisenplatz am 10.10.2020 ab 14:00 Uhr - Diverse Redner , diverse Organisationen . Geplant sind Bühnen , Stände und Liveübertragungen - Organisator # dieBasis USER Bilder und Videos hochladen USER - USER Fahren oder Mitfahren USER - Übernachten ? USER USER - USER - USER",de
10425,Demotermine1250288610140642021-08-11 02:59:11,14064,2021-08-11 02:57:22,"28.-29.08.2021 Berlin , Berlin , wir fahren nach Berlin ! 💥 🌅 Mehr URL USER 28082021 - 29082021 Raus auf die Straße USER",de
1122,Demotermine1250288610324362021-12-19 05:22:27,32436,2021-12-18 22:35:14,Brutale Polizeigewalt in Stuttgart gegen einen Unschuldigen . — RS InfoNews1 URL 3:47 USER Raus auf die Straßen USER 👉 Übersicht / Overview 👈,de
9304,Demotermine1250288610159652021-08-29 11:05:34,15965,2021-08-29 11:05:43,"Berlin 29.08.2021 um 13 : 04 Uhr Die Information über die Festnahme von RA Markus Haintz ist bestätigt , RA Dirk Sattelmaier ist informiert . USER Raus auf die Straßen USER",de
4346,Demotermine1250288610270592021-11-18 15:15:33,27059,2021-11-18 15:14:31,"Liebe Klardenker ! 🖤 🧡 🤍 Auch am Donnerstag versammeln wir uns wieder vor dem Rathaus in Burgau . Söder macht weiter , wir auch ! Grundrechte sind nicht verhandelbar ! NEIN zu 3 G ! NEIN zu 2 G ! 🧡 18:00 - 18:30 Uhr : Kundgebung 🧡 18:30 - 20:00 Uhr : Austausch & Diskussionsrunde Diese Woche kein Umzug . # BY # Do1811 # Burgau Raus auf die Straßen USER 👉 Übersicht / Overview 👈",de
19374,Demotermine125028861050402021-01-09 20:05:17,5040,2021-01-09 20:04:47,🎺 🎤 🎺 Horn for Hope 🎺 🎤 🎺 Sonntag 10.01.2021 - 11:00 Uhr Singen für die GrundGesetze auf dem Marktplatz in Aalen ... URL URL ☝ ️ ☝ ️ ☝ ️ USER 10012021 Bilder und Videos hochladen USER - Termine in Textform USER Fahren oder Mitfahren USER - Übernachten ? USER USER - USER - USER,de
9316,Demotermine1250288610159452021-08-29 10:56:06,15945,2021-08-29 10:56:27,Kreuzung B2 B96a 12:55h Ca 3000 Leute Für mehr Infos folgen auf ... USER URL Raus auf die Straßen USER,de
12230,Demotermine1250288610115722021-06-11 23:34:16,11572,2021-06-11 23:33:38,"In Reichelsheim gibt es zur Zeit eine Baustelle . Besucher der Versammlung , die aus Richtung Darmstadt / Dieburg / Reinheim / Otzberg kommen , werden gebeten , über Fränkisch-Crumbach zu fahren . Danke Reichelsheim USER USER 12062021 Raus auf die Straße USER",de
16477,Demotermine1250288610263532021-11-12 22:06:29,26353,2021-11-12 22:06:26,🇦 🇹 Linz 12.11.2021 Lautsprecher Durchsagespaziergang Danke an alle Teilnehmer Das Konzept zieht : wir haben mit 200 Teilnehmern begonnen und wurden unterwegs immer mehr # rausausderblase USER Raus auf die Straßen USER 👉 Übersicht / Overview 👈,de
7104,Demotermine1250288610193182021-09-25 15:05:34,19318,2021-09-25 15:03:32,"Hammer Stimmung hier in Uster 🥳 🇨 🇭 🎶 In diesem Wissensgeist-Interview erfahrt ihr mehr über die Künstler , die hier am 🥁 sind : URL ❤ ️ 🇨 🇭 USER 🌐 gemeinsam-schweiz.ch Raus auf die Straßen USER",de
339,Demotermine1250288610168802021-09-02 05:36:03,16880,2021-09-02 05:36:41,Seit der Machtergreifung der Nationalsozialisten waren damals 8 Jahre vergangen ... Heute scheint irgendwie alles schneller zu gehen . 👉 USER Raus auf die Straßen USER,de
5188,Demotermine1250288610221662021-10-19 01:09:42,22166,2021-10-19 01:09:07,🇦 🇹 Südtirol 🇮 🇹 trägt einen spürbaren Teil zur Sichtbarkeit der Unfreiheit bei 🇦 🇹 🇦 🇹 🇦 🇹 MEGADEMO.INFO 🇦 🇹 🇦 🇹 🇦 🇹 👉 26.10 in Wien 👈 GEMEINSAM für die FREIHEIT 🇦 🇹 🇦 🇹 🇦 🇹 🇦 🇹 🇦 🇹 🇦 🇹 🇦 🇹 🇦 🇹 🇦 🇹 🇦 🇹 🇦 🇹 🇦 🇹 🇦 🇹 # AT # Di2610 # Wien Raus auf die Straßen USER 👉 Übersicht / Overview 👈,de
20020,Demotermine125028861042252020-11-29 12:42:28,4225,2020-11-29 12:30:43,"Die Demos am heutigen Sonntag Terminkalender URL Weitere Infos Berlin URL Bregenz URL Düsseldorf URL Haag URL Heinsberg URL Illertissen URL Köln URL Münster URL Öhringen URL Schorndorf URL Weinheim URL Wittlich URL Für eine Vorschau auf Montag nach "" 30112020 "" suchen Termin mitteilen USER USER",de
12224,Demotermine1250288610115752021-06-11 23:50:48,11575,2021-06-11 23:49:58,"Samstag , 12. Juni , Emden Kundgebung + Aufzug . Bitte Töpfe und Löffel zum Lärm machen mitbringen . Schaut doch mal vorbei . USER 12062021 Raus auf die Straße USER",de
5449,Demotermine1250288610217342021-10-16 12:12:09,21734,2021-10-16 12:12:30,"Eine einfache Möglichkeit für den Protest beim Einkaufen 😀 ✌ ️ Einfach mal den Chip im Wagen vergessen 😉 Ulrich Beinert hat den ersten Teil des Videos gemacht . Ich weiß gar nicht , wieso ich nicht früher auf die Idee kam ein Video zu machen 😅 URL Für mehr Werbevideos folgen auf ... USER Chips gibt es hier ... 👇 👇 👇 Raus auf die Straßen USER 👉 Übersicht / Overview 👈",de
16965,Demotermine1250288610254642021-11-06 19:05:16,25464,2021-11-06 19:05:52,Kundgebung in Chur am 6. November 2021 🇨 🇭 🕊 🔔 Video by USER Vielen Dank ❤ ️ ❤ ️ 🇨 🇭 USER 🌐 gemeinsam-schweiz.ch Raus auf die Straßen USER 👉 Übersicht / Overview 👈,de
926,Demotermine1250288610152912021-08-28 13:09:17,15291,2021-08-28 13:08:31,Der Zug biegt von Alt Moabit links ab in die Stromstraße Richtung Charlottenburg / Wilmersdorf und damit grob Richtung Potsdamer Platz URL Raus auf die Straßen USER,de
12053,Demotermine1250288610117952021-06-21 12:57:04,11795,2021-06-21 12:55:07,Kundgebung Bad Segeberg 23.06.2021 Achtung : Beginn um 18 h Danke für das Verteilen und für Eure Unterstützung ! CoVID 19 ist Geschichte ! USER 23062021 Raus auf die Straße USER,de
22009,Demotermine125028861015812020-06-19 21:15:37,1581,2020-06-19 20:55:03,"Wer mit seinem Smartphone live in die Sendung kommen möchte , erfährt USER wie einfach das geht . USER USER - Bilder und Videos hochladen USER - Diskussion USER Fahren oder Mitfahren USER",de
16228,Demotermine1250288610268612021-11-15 13:56:51,26861,2021-11-15 13:54:58,"Danke Döbeln ! Immer mehr Gastwirte machen den Unsinn , dieser Regierung nicht mehr mit ! Unterstützt diese mutige Familie aus Döbeln . Zollt ihn somit den Respekt , den sie in dieser Zeit wahrlich verdienen ! Folgt uns : USER "" Black Horse "" Döbeln - Gaststätte & Pension St.-Georgen-Straße 16A , 04720 Döbeln URL Raus auf die Straßen USER 👉 Übersicht / Overview 👈",de
9034,Demotermine1250288610164002021-08-29 15:26:38,16400,2021-08-29 15:27:42,Alexanderplatz füllt sich bereits für angemeldete und nicht-verbotene Demonstration der Demokratiebewegung . # b2908 Raus auf die Straßen USER,de
1557,Demotermine1250288610319012021-12-15 16:27:30,31901,2021-12-15 16:27:02,"BIELEFELD Nächste Demo : 17.12.21 , 18.00 Uhr , auf dem Kesselbrink , Bielefeld Mehr im Telegramkanal von USER ❤ ️🤍 💚 USER 💚 🤍 ❤ ️ # NW # Fr1712 # Bielefeld Raus auf die Straßen USER 👉 Übersicht / Overview 👈",de
10970,Demotermine1250288610132512021-07-31 00:00:10,13251,2021-07-30 23:39:41,"Die beste Muddi , im besten Deutschland aller Zeiten . Es hat nichts mit nichts zu tun . Vgl . USER Raus auf die Straße USER",de
5671,Demotermine1250288610156042021-08-28 17:40:26,15604,2021-08-28 17:40:58,"Berlin , Nettelbeckplatz - 28.08.2021 2. Marktplatz der Demokratie ✊ 🇻 🇳 URL USER Raus auf die Straßen USER",de
22439,Demotermine12502886108942020-05-08 17:53:02,894,2020-05-08 17:52:43,"Sebnitz in der sächsischen Schweiz geht am Montag , den 11. Mai 18.30 Uhr spazieren . Friedlicher Spaziergang Treffpunkt Marktplatz . USER USER - Bilder und Videos hochladen USER - Diskussion USER",de
12982,Demotermine1250288610106712021-05-17 08:06:33,10671,2021-05-17 08:05:36,"Unterstützt uns beim Montagsspaziergang in Rotenburg und lasst uns gemeinsam den Rotenburgern zeigen , dass wir eine nette , friedliche , bunte Truppe sind ! ! ! Die Wahrheit kommt immer irgendwann ans Licht ! 🕊 🕊 🕊 Verbreitet diese Einladung gerne weiter ! USER 17052021 Raus auf die Straße USER",de
1658,Demotermine1250288610317842021-12-14 12:25:51,31784,2021-12-14 12:25:33,# Nürnberg # BY # Di1412 # Mi1512 # Do1612 # Fr1712 # Sa1812 # Wochenplan Raus auf die Straßen USER 👉 Übersicht / Overview 👈,de
2297,Demotermine1250288610309322021-12-08 23:39:29,30932,2021-12-08 23:36:06,! ! ️300 Teilnehmer beim Montagspaziergang Bamberg - die Menschheit wird mehr und mehr wach und hat keine Lust mehr sich spalten zu lassen 🥰 ❤ ️ Raus auf die Straßen USER 👉 Übersicht / Overview 👈,de
69,Demotermine1250288610153372021-08-28 13:48:44,15337,2021-08-28 13:49:10,🧸 👨 ‍ ⚕ ️ Heiko Schöning am Nettelbeckplatz 28.08.2021 um 15 : 47 Uhr Massiv Polizei am Nettelbeckplatz nach Eintreffen Heiko Schöning USER Raus auf die Straßen USER,de
15476,Demotermine125028861073852021-03-10 09:38:33,7385,2021-03-10 00:16:01,"📆 Für Frieden , Freiheit und Wahrheit 👉 🏻 mehr Infos dazu # Termin # QuerDenken ! Nürtingen Ochsenbrunnen USER 11032021 Raus auf die Straße USER",de
17567,Demotermine1250288610244582021-11-01 14:12:55,24458,2021-10-31 21:29:39,Abstimmen 👇 👇 👇 👇 URL # Walliserkanne Weiterer Beitrag zuvor von extern ( ohne Hashtag ) URL Raus auf die Straßen USER 👉 Übersicht / Overview 👈,de
17678,Demotermine1250288610242512021-10-31 00:12:13,24251,2021-10-31 00:12:40,New Zealand rising up against their authoritarian government . USER Raus auf die Straßen USER 👉 Übersicht / Overview 👈,de
893,Demotermine1250288610710,710,2020-02-10 19:52:35,​​Infostand : Demokratie schützen Am kommenden Samstag von 15 - 17 Uhr stehen wir mit unserem Infostand „ Demokratie schützen “ auf dem Hanns-Hartmann-Platz in Köln . Kommt vorbei ! USER,de
14827,Demotermine125028861082672021-03-27 07:54:43,8267,2021-03-27 07:53:36,Kirchdorf a. d. Krems Spaziergang Treffpunkt vor dem Rathaus USER 27032022 Raus auf die Straße USER,de
7476,Demotermine1250288610187902021-09-21 12:09:15,18790,2021-09-21 12:10:14,Liberale Partei gewinnt – Trudeau aber ohne klare Mehrheit — Epoch Times Nachrichten URL 4:43 Raus auf die Straßen USER,de
12181,Demotermine1250288610116262021-06-14 13:13:53,11626,2021-06-14 13:13:52,Abschlussrede Öhringen von Florian auf seinem Friedensboot und Sonja auf der Bühne Und am Ende ist ein Filmtrailer für den 1.8.2021 Berlin zu sehen . Eine Eigenproduktion von USER URL Raus auf die Straße USER,de
6163,Demotermine1250288610206532021-10-07 20:53:11,20653,2021-10-07 14:00:49,67098 Bad Dürkheim Parkplatz vor dem Riesenfass Montag 11. Oktober 21 # RP # Mo1110 # BadDürkheim Raus auf die Straßen USER 👉 Übersicht / Overview 👈,de
11215,Demotermine1250288610129442021-07-25 14:22:35,12944,2021-07-25 14:22:34,"🌈 GANZ GENAU ! ! 🌈 In diesem indoktrinierten BRD-System wird mit zweierlei Maß gemessen ! 🤢 🤮 🚙 🐻 Autokorso Berlin rollt solange durch die Hauptstadt , bis diese Corona-Diktatur beendet ist ! ! ! ! ! Folgen & mit rollen auf der Straße : ✅ ▶ ️URL ⬇ ️ FOLGEN & TEILEN ⬇ ️ ✅ URL ✅ URL ✅ URL ✅ URL ✅ URL ✅ URL Raus auf die Straße USER",de
2219,Demotermine1250288610310772021-12-09 20:15:10,31077,2021-12-09 20:15:07,"# Corona Aktuell : Im Gespräch mit # AndreasHeisler , # StefanMillius & # GeraldBrei — CWL Media Group URL 1:03:11 Raus auf die Straßen USER 👉 Übersicht / Overview 👈",de
9367,Demotermine1250288610158672021-08-29 09:55:13,15867,2021-08-29 09:55:07,Berlin Demo : Wir starten ! Wir haben einen Demozug organisiert . — MatthiasBL URL 0:24 Raus auf die Straßen USER,de
15482,Demotermine125028861073742021-03-09 22:56:14,7374,2021-03-09 22:54:06,"Stuttgart Königstraße 78 , Jack Wolfskin Store Übersicht URL USER 12032021 Raus auf die Straße USER",de
6668,Demotermine1250288610199952021-10-01 12:35:02,19995,2021-10-01 12:12:19,Stuttgart Feuer im Bus Depot am nächsten Tag 1.10.2021 - Warum breitete sich das Feuer so heftig aus ? USER Raus auf die Straßen USER 👉 Übersicht / Overview 👈,de
18551,Demotermine125028861033142020-10-22 08:36:10,3314,2020-10-22 08:34:46,Großdemo : Save the date – 7.11.2020 Leipzig – 13:00 Uhr Augustusplatz neuer # Termin 👉 auf KenFM.de USER 07112020 Bilder und Videos hochladen USER - USER Fahren oder Mitfahren USER - Übernachten ? USER USER - USER - USER,de
7034,Demotermine1250288610193952021-09-26 20:37:00,19395,2021-09-26 20:37:19,"🟩🟩🟦🟦🟥🟥🟧🟧 Ihr Lieben die ersten Stunden nach der Bundestagswahl sind rum ! ! ! ️Wir alle fiebern ! ! ️ Unter diesem Link könnt ihr die Ergebnisse verfolgen 👉 🏽 URL ! ! ️nicht erschrecken , es sind erst ca.15 von 299 Wahlkreisen ausgezählt . Es steht also noch nichts fest und es ist noch alles möglich ! ! ️ 🟩🟩🟦🟦🟥🟥🟧🟧",de
2934,Demotermine1250288610299112021-12-04 08:10:10,29911,2021-12-04 08:10:07,Johanna über selektive Informationsweitergabe nicht nur bei Corona — Offene Gesellschaft Kurpfalz URL 22:18 Raus auf die Straßen USER 👉 Übersicht / Overview 👈,de
8543,Demotermine1250288610170872021-09-04 15:24:56,17087,2021-09-04 15:01:12,"Stuttgart Grundrechte Spaziergang Hauptbahnhof - CITYRING Leere Gegenfahrbahn , weil Freiheits-Spaziergänger unterwegs ✊ 🤝 ✊ 04092021 URL ⬆ ️ ⬆ ️ ⬆ ️ 🔼 🔼 🔼 ⬆ ️ ⬆ ️ ⬆ ️ 👉 Stuttgart Widerstand Grundrechte Freiheit Grundgesetz Demos 👈 Flagge : Königreich Württemberg Raus auf die Straßen USER",de
1550,Demotermine1250288610319032021-12-15 16:30:14,31903,2021-12-15 16:30:11,Auf die Strasse — FPS Freie Presse Sauerland URL 1:25 Raus auf die Straßen USER 👉 Übersicht / Overview 👈,de
14526,Demotermine125028861086142021-04-08 17:16:19,8614,2021-04-03 13:05:46,"📆 Die Maßnahmen stehen in keinem Verhältnis mehr - Schützt unsere Kinder , unsere älteren Mitbürger , uns Menschen ! ! ! 👉 🏻 mehr Infos dazu # Termin # QuerDenken ! Schorndorf Marktplatz USER USER Videos USER Flyer Discodemo URL USER 09042021 Raus auf die Straße USER",de
18194,Demotermine1250288610233152021-10-26 05:33:55,23315,2021-10-26 05:34:59,OBERHAVEL STEHT AUF ! ! 25.10.2021 MONTAGSDEMO 📌 GoogleMaps : Schloßplatz Oraninienburg URL ⬇ ️ FOLGEN & TEILEN ⬇ ️ ✅ URL Raus auf die Straßen USER 👉 Übersicht / Overview 👈,de
10535,Demotermine1250288610139062021-08-07 09:11:14,13906,2021-08-07 07:09:56,"Keine Demo , keine Kundgebung - nur wir . # b2808 # b2908 URL Mehr zu Querdenken-711 STUTTGART - Peertube : URL | Web : URL | Twitter : URL | Telegram : USER USER 28082021 - 29082021 Raus auf die Straße USER",de
8882,Demotermine1250288610166192021-08-30 18:30:12,16619,2021-08-30 18:30:23,Mag der Polizist das Herz nicht ? 😅 Ist halt eine Tasche mit Doppelherz 🤣 Für mehr Infos folgen auf ... USER Raus auf die Straßen USER,de
12996,Demotermine1250288610105932021-05-15 09:53:07,10593,2021-05-15 09:50:07,"🟡🟡🟡🟡🟡🟡🟡🟡🟡🟡🟡🟡🟡 Sammelpunkt des Umzuges 13:30 : Kreuzung Torstraße / Friedrichstraße bis runter Friedrichstraße auf Höhe Oranienburger Straße . Bei Bedarf wird die Fläche bis zum U-Bahnhof Oranienburger Tor erweitert . Bringt alles mit , was Krach macht und seid laut ! Wir freuen uns drauf euch morgen zu sehen . 🟡🟡🟡🟡🟡🟡🟡🟡🟡🟡🟡🟡🟡 Übersicht URL USER 15052021 Raus auf die Straße USER",de
10209,Demotermine125028861014378,14378,2021-08-17 17:06:48,"Die neue „ SA “ ruft auf Plakaten zur Verfolgung , Internierung und Zwangsimpfung von Ungeimpften auf ! „ Er ist wieder da ! “ USER Die umfassendsten Infos USER Werde USER jetzt !",de
13091,Demotermine1250288610104912021-05-14 04:41:40,10491,2021-05-14 04:41:39,"ich will wieder FREI sein , deshalb werde ich solange kämpfen bis ich diese ( meine ) Freiheit wieder habe . UNSER MOTTO HEISST ALLE AN PFINGSTEN NACH BERLIN EUER JOSEF Raus auf die Straße USER",de
5054,Demotermine1250288610223982021-10-20 03:57:57,22398,2021-10-20 03:58:53,🔥 irgendwo in Aschebersch 17.10.21 🔥 🚘 AutoKorso Aschaffenburg steht auf 🚘 Live Performance mal anders 😎 😂 -Ich hab nen Traum- 👉 🏼 URL ! ! ️Folgt mir auf meinen Kanälen!!️ URL Raus auf die Straßen USER 👉 Übersicht / Overview 👈,de
6469,Demotermine1250288610202572021-10-03 15:50:01,20257,2021-10-03 15:50:12,Berlin : Tanz-Demo für den Erhalt der Clubkultur / 3.10.21 / 17:19 — TimeForTruth TV URL 6:01 Raus auf die Straßen USER 👉 Übersicht / Overview 👈,de
11809,Demotermine1250288610121172021-07-03 15:35:14,12117,2021-07-03 15:35:13,"Update : Montagsdemo ohne Maske + ohne Abstand , Strafverfahren und Hauptsacheverfahren — QUERDENKEN 351 - Dresden URL 6:15 Raus auf die Straße USER",de
18674,Demotermine1250288610225282021-10-21 02:08:09,22528,2021-10-21 02:09:19,"Zertifikatspflicht : Gastrobranche verzeichnet Umsatzeinbussen « Die Besucherzahlen gehen seit der Zertifikatseinführung deutlich zurück » , sagt Moritz Rogger vom Verband Gastro-Luzern . 🔗 Artikel ( Nau.ch ) Nach über einem Monat Zertifikatspflicht ist klar : Das Zertifikat ruiniert Betriebe und vernichtet Arbeitsplätze ! URL Raus auf die Straßen USER 👉 Übersicht / Overview 👈",de
9317,Demotermine1250288610159422021-08-29 10:53:21,15942,2021-08-29 10:53:32,29.08. / ca 12:50 Uhr Polizei kann das Aufzugverbot nicht wirklich durchsetzen USER Raus auf die Straßen USER,de
12675,Demotermine1250288610110492021-05-25 21:37:41,11049,2021-05-25 21:36:01,"* Brandenburg steht auf * Jeden Montag auf dem Neustädtischen Markt in Brandenburg / Havel . Wäre klasse wenn man Unterstützung auch von außerhalb bekommen würde , das wir die komplette Innenstadt Dicht machen ... Beste Grüße aus BRB / Havel Zum VENETZEN : URL Achtet auf den Austauschkanal USER 31052021 - 07062021 - 14062021 - 21062021 - 28062021 Raus auf die Straße USER",de
6669,Demotermine1250288610199942021-10-01 08:07:41,19994,2021-10-01 08:08:46,SCHWURBEL TV AM 01.10.2021 🍌 BJÖRN BANANE SONGS ZUM DOWNLOAD & STREAM UNTER : URL Paypal : URL Demoklamotten unter : URL Kanäle folgen : URL URL URL Raus auf die Straßen USER 👉 Übersicht / Overview 👈,de
13260,Demotermine1250288610101822021-05-08 04:32:43,10182,2021-05-08 00:15:31,📆 FREIHEIT VON NATUR AUS HÄLT EIN LEBEN LANG 👉 🏻 mehr Infos dazu # Termin # QuerDenken ! Mehr URL Raus auf die Straße USER,de
1664,Demotermine1250288610317772021-12-14 10:15:13,31777,2021-12-14 10:15:10,Über 4000 Demonstranten in Rostock ! ! ! — Nebuca MV URL 7:13 Raus auf die Straßen USER 👉 Übersicht / Overview 👈,de
22218,Demotermine125028861012792020-06-03 15:28:50,1279,2020-06-03 15:28:49,"Friedliche Kundgebung mit Ignorance Meditation 💛 🕊 Gesundheit | Grundrechte | Demokratie 90 min - Kundgebung mit offenem Mikro 30 min - Ignorance Meditation Potsdam am Brandenburger Tor , Samstag , 06.06.2020 , 15:30 Uhr Komm vorbei , sei dabei und bring dich ein - wir sind nicht allein . 👥 🗣 USER USER - Bilder und Videos hochladen USER - Diskussion USER Fahren oder Mitfahren USER",de
15233,Demotermine125028861076672021-03-16 13:50:29,7667,2021-03-16 13:46:46,"Kassel Autokorso , 19.03.2021 Start Parkplatz Süd Damaschkestraße Zum Event URL USER 19032021 Raus auf die Straße USER",de
17005,Demotermine1250288610253542021-11-06 15:58:47,25354,2021-11-06 15:59:53,"❤ ️ ❤ ️ ❤ ️ AN ALLE DEMOKRATEN ❤ ️ ❤ ️ ❤ ️ Wie wir soeben gehört haben , hat sich ähnlich wie letztes Jahr ein Aufzug auf der Goethestraße Richtung Bahnhof in Bewegung gesetzt , der vorm Bahnhof von der Polizei gestoppt wurde . Die Menschen rufen wohl der Polizei zu , diesen friedlichen Prostet durchzulassen!!️ 💪 🇩 🇪 FRIEDEN , FREIHEIT , DEMOKRATIE 🇩 🇪",de
19497,Demotermine12502886104879,4879,2021-01-03 19:50:15,"London : Piers Corbyn bei Demonstration gegen Lockdown verhaftet — RT DE URL 0:45 USER USER hat meistens Strafanzeigen , Bußgelder , Verletzungen und Vermögensschäden zur Folge . Bild- und Videobeweise daher sofort einsenden USER",de
23722,Demotermine1250288610160612021-08-29 12:03:16,16061,2021-08-29 12:03:32,+ + + Beobachter sind der Ansicht : Heute kann eine siegreiche Schlacht geschlagen und das Regime auf Schlagseite gestellt werden . + + + # 2908 Raus auf die Straßen USER,de
6608,Demotermine1250288610200812021-10-02 09:46:33,20081,2021-10-02 09:37:35,Endlich dürfen wir wieder durch die Stadt marschieren . Das wurde uns jetzt fast ein Jahr verboten . Der Spaziergang beginnt um 17Uhr . Freue mich auf euch 🙏 ❤ ️ Köln URL # NW # Sa0210 Raus auf die Straßen USER 👉 Übersicht / Overview 👈,de
19603,Demotermine12502886104729,4729,2020-12-27 08:32:22,Tanz den Dr. Fiechtner Auf YouTube und Soundcloud bereits zensiert Nächster Tanz URL Zur ganzen Demo-Mucke unzensiert URL USER Gelöschte Inhalte hochladen USER URL ( Aufrubar auch ohne App - bitte außerhalb Telegram teilen ),de
838,Demotermine1250288610108942021-05-22 00:39:49,10894,2021-05-22 00:39:45,Friedliche Demonstrationen in der Paderborner Innenstadt 👉 🏻 Neuer Beitrag Raus auf die Straße USER,de
1998,Demotermine1250288610313542021-12-12 06:17:31,31354,2021-12-12 06:17:28,"Ireland 🇮 🇪 Anti Pandemic BS , Anti WAX Passport 🔥 Every Message Counts Now 👇 👊 Raus auf die Straßen USER 👉 Übersicht / Overview 👈",de
18887,Demotermine125028861056572021-01-29 19:01:22,5657,2021-01-29 19:00:27,"Google löscht KenFM-App aus dem Play Store Google hat unsere App aus dem Play Store verbannt , da angeblich Inhalte gegen deren Richtlinien verstoßen . Es heißt : „ Wir lassen .. weiterlesen auf KenFM.de USER USER USER",de
10805,Demotermine1250288610135152021-08-01 16:32:04,13515,2021-08-01 16:32:03,"Berlin , 01.08.2021 - StasiFA-Fotograf belästigt während Demozug Demonstranten der Freien Linken USER Raus auf die Straße USER",de
16197,Demotermine1250288610247392021-11-03 00:07:58,24739,2021-11-03 00:07:51,"Wir dachten immer wir wären es , die "" rechte Propaganda und Fakenews "" publizieren ! ? 🤷 🏻‍ ♂ ️ Dabei seid Ihr es , liebe Ü60'er , die Hass und Hetze verbreiten ! 😱 Danke Frau Esken , für diesen eindrucksvollen Tweet ! Bitte abonniert und teilt Erfurt zeigt Gesicht sowie unseren YouTube-Kanal : URL Raus auf die Straßen USER 👉 Übersicht / Overview 👈",de
15802,Demotermine12502886107002,7002,2021-03-01 23:13:07,"Unsere Fragen zum Ende der Disco-Demo an die „ Bundesregierung “ Fellbach , 01.03.2021 Eine Eigenproduktion von USER Über eine kleine Anerkennung freue ❤ ️ ich mich immer URL",de
2909,Demotermine1250288610299412021-12-04 13:00:03,29941,2021-12-04 12:59:01,"Auch an diesem Sonntag dem 05.12. sind wir mit dem offenen Mikrofon von 12:00 -14:30 im Wittelsbacher Park . Eine Möglichkeit zum Austausch , zur Vernetzung , zum Kennenlernen , um seine Sorgen und auch Hoffnungen in dieser Zeit miteinander zu teilen . Zieht euch warm an und kommt vorbei ! # BY # So0512 # Augsburg Raus auf die Straßen USER 👉 Übersicht / Overview 👈",de
8386,Demotermine1250288610173432021-09-06 20:49:09,17343,2021-09-06 20:50:08,DANSER ENCORE auf dem DOMPLATZ ZU ERFURT am 04.09.2021 — DER THÜRINGER 2.0 URL 9:00 Raus auf die Straßen USER,de
10563,Demotermine1250288610138532021-08-06 04:27:32,13853,2021-08-06 04:27:31,✅ EINE FRAGE DER EHRE „ WALK AM RHEIN “ 28.08.2021 - 05.09.2021 Alle Informationen findest du auf : URL Raus auf die Straße USER,de
4823,Demotermine1250288610274892021-11-20 17:56:44,27489,2021-11-20 17:56:41,London calling .... No vaccine passports 👊 🏻 🇬 🇧 🏴 󠁧󠁢󠁥󠁮󠁧󠁿 Raus auf die Straßen USER 👉 Übersicht / Overview 👈,de
782,Demotermine1250288610163082021-08-29 14:24:30,16308,2021-08-29 14:24:36,+ + + ACHTUNG Zug Marienburger soll wohl Ecke Prenzlauer gestoppt werden . + + + # b2908 Raus auf die Straßen USER,de
2869,Demotermine1250288610300022021-12-04 14:46:12,30002,2021-12-04 14:46:09,# Hamburg 04.12.21 # Cuxhaven ist dabei ! # HH0412 USER Raus auf die Straßen USER 👉 Übersicht / Overview 👈,de
8944,Demotermine1250288610165252021-08-29 19:49:16,16525,2021-08-29 19:50:07,"# be2808 "" Tag der Freiheit "" 14.33Uhr "" # Querdenker "" vor dem Hauptbahnhof Berlin — Osnabrücker Sommer der Aufklärung URL 1:39 Raus auf die Straßen USER",de
12015,Demotermine1250288610118392021-06-23 00:55:16,11839,2021-06-23 00:55:15,"Berlin 01. , 08. , und 29.08.2021 - Sommer der Freiheit - Spendenaufruf Anny von den Youngsters — Querdenken 762 Lörrach URL 0:33 Raus auf die Straße USER",de
22675,Demotermine125028861063142021-02-14 07:38:39,6314,2021-02-14 07:38:06,"Die österreichischen Ärztekammern Steiermark und Wien haben vor Verletzungen gewarnt , die bei einem Abstrich aus dem Nasenrachen entstehen können . Es lägen bereits Berichte über Schädelbasisperforationen und Liquorfisteln vor . Als Perforation bezeichnet man eine Durchstoßung oder Durchbohrung des Gewebes . URL USER USER USER",de
6811,Demotermine1250288610197892021-09-29 02:54:11,19789,2021-09-29 02:27:25,Höhenfeuer auf der Rüslen 1 in Nebikon zum 29.9. um 20:30 mit Tee vom Garten URL # CH # Mi2909 # Nebikon Raus auf die Straßen USER 👉 Übersicht / Overview 👈,de
18576,Demotermine125028861055992021-01-28 12:43:23,5599,2021-01-28 12:32:33,"Wir sind jetzt live vom 3. Protesttag der Deutschen Landwirte in Berlin , welche ums Überleben kämpfen . Live ab 10 Uhr . 📌 Links : URL Folgt uns auf : USER USER USER Partner vom IKB - Info Welle IKB | CHAT | Fun Details USER USER",de
6191,Demotermine1250288610206302021-10-07 07:17:05,20630,2021-10-07 07:17:31,"🔥 ! ! ️Weil sie sich als Lehrer nicht impfen ließen , wurden sie entlassen . Die Antwort folgte mit dieser Demonstration "" Fuck Joe Biden ... !""!!️ 🔥 URL ⬆ ️ ⬆ ️ ⬆ ️ 🔼 🔼 🔼 ⬆ ️ ⬆ ️ ⬆ ️ 👉 Stuttgart Widerstand Grundrechte Freiheit Grundgesetz Demos 👈 Raus auf die Straßen USER 👉 Übersicht / Overview 👈",de
20925,Demotermine125028861017702020-06-30 01:51:35,1770,2020-06-30 01:12:57,Tornesch Fahrt zum Korso Hamburg am 4. Juli 2020 USER Treffpunkt : Aral Autohof Tornesch Lise-Meitner-Allee 3 25436 Tornesch 9 Uhr USER USER - Bilder und Videos hochladen USER - Diskussion USER Fahren oder Mitfahren USER - Übernachten ? USER,de
3442,Demotermine1250288610290512021-11-30 09:30:08,29051,2021-11-30 09:30:05,29.11.2021 | 18:00 # Memmingen leuchtet | Darf Helge sprechen ? — # MAMAandME URL 7:28 Raus auf die Straßen USER 👉 Übersicht / Overview 👈,de
148,Demotermine1250288610287552021-11-28 15:51:39,28755,2021-11-28 15:51:36,Ein sehr schöner und sehr grosser Trauermarsch ( nicht zuende gefilmt ) ... zu EHREN von ... 🔥 ❤ ️ 🔥 KARL HILZ ❤ ️ 🖤 ❤ ️ München 28112021 - 1400 URL ⬆ ️ ⬆ ️ ⬆ ️ 🔼 🔼 🔼 ⬆ ️ ⬆ ️ ⬆ ️ 👉 Stuttgart Widerstand Grundrechte Freiheit Grundgesetz Demos 👈 Raus auf die Straßen USER 👉 Übersicht / Overview 👈,de
10116,Demotermine1250288610145102021-08-19 15:49:25,14510,2021-08-19 15:48:25,"Am Samstag den 21.08.21 findet in Buchloe Bahnhofsvorplatz wieder eine Demo zum Thema Impfzwang , Impffreiheit , Grundrechte von 11:00 Uhr bis 12:30. Es wird eine Kundgebung mit Meinungsbasar . USER 21082021 Raus auf die Straße USER",de
17313,Demotermine1250288610249522021-11-03 15:57:01,24952,2021-11-03 15:57:27,"Nun ist die Katze aus dem Sack ? Tierarzt Wieler : "" Wir werden selbstverständlich alle Menschen auf Dauer boostern müssen ! "" ✌ ️& ❤ ️ USER USER",de
11436,Demotermine1250288610125572021-07-18 21:52:34,12557,2021-07-18 21:52:11,"Ihr Lieben , mehr denn je brauchen die Welt , unser Land Frieden , Freiheit , Selbstbestimmung , Wahrheit und Gerechtigkeit . Und dafür stehen wir auch morgen , 19.7. um 19 Uhr am Neuen Markt in Kaufbeuren- Neugablonz ! Bitte kommt zahlreich ! Wir freuen uns auf Euch ! ❤ ️ USER 19072021 Raus auf die Straße USER",de
22632,Demotermine1250288610226892021-10-22 03:04:52,22689,2021-10-22 03:04:27,In unserem Nachbarland wird inzwischen Klartext gesprochen ! URL USER Raus auf die Straßen USER 👉 Übersicht / Overview 👈,de
22244,Demotermine125028861012352020-06-01 08:23:59,1235,2020-06-01 08:22:29,Heute 06406 Bernburg 19:00 Uhr Karlsplatz-Weltzeituhr Spaziergang USER USER - Bilder und Videos hochladen USER - Diskussion USER Fahren oder Mitfahren USER,de
6900,Demotermine1250288610196352021-09-27 20:23:35,19635,2021-09-27 20:24:10,Gewaltbereit ? Bewaffneter linksextremer Schweizer ohne Maske schockt Olaf Scholz in der Wahlnacht ! 👉 🏻 Neuer Beitrag USER Erfahrungen und Diskussion USER,de
15655,Demotermine125028861071762021-03-05 21:00:39,7176,2021-03-05 20:58:24,"Kiel Autokorso Start Parkplatz Famila Kiel-Wik , Prinz-Heinrich-Straße 20 USER 07032021 Raus auf die Straße USER",de
10234,Demotermine1250288610143492021-08-16 17:10:29,14349,2021-08-16 17:10:28,"Kampf um den Tanz 2 , von Hanfparade bis Drachen̶b̶̶e̶̶r̶̶g̶wald , Genug ist Genug , Landeswaldgesetz — Freedom Parade mit Captain Future URL 12:22 Raus auf die Straße USER",de
11306,Demotermine1250288610127432021-07-21 21:21:24,12743,2021-07-21 21:20:36,"🆘 ️ 🆘 ️ 🆘 ️ 🆘 ️ 🌊 🌊 🌊 🌊 🌊 🌊 🌊 🌊 🆘 ️ 🆘 ️ 🆘 ️ 🆘 ️ BITTE TEILEN Wir brauchen mediale Aufmerksamkeit , da einige Leute unsere Hilfe verhindern wollen . Aloisiusschule Ahrweiler Blankartstraße 13 53474 Bad Neuenahr-Ahrweiler Tel. : 02641 / 3386 Fax : 02641 / 900894 Mobil : 0173 / 6598373 Kontakt auch unter : kinder-schuetzenUSER URL_schuetzen Raus auf die Straße USER",de
1727,Demotermine1250288610316822021-12-14 02:15:45,31682,2021-12-14 02:15:42,🖤 🤍Wir sind das Volk ! Greiz am heutigen Abend ! Nur noch 5 Tage bis Greiz!🤍 🖤 Freie Jugend : Folgt uns auf Telegram ! URL Raus auf die Straßen USER 👉 Übersicht / Overview 👈,de
23603,Demotermine125028861061,61,2018-11-21 11:39:56,"Marco Kandel : Bitte in diese Gruppe gehen und in der obersten Umfrage möglichst Kandel eingeben , für alle , die unsere Demo unterstützen oder den für euch nächstgelegenen Ort ! URL",de
17972,Demotermine1250288610237142021-10-28 18:35:06,23714,2021-10-28 18:34:57,"Linksextreme , Antifa Terrorgruppen und VERDI im Gleichschritt bei Aufmarsch in Köln : URL URL Raus auf die Straßen USER 👉 Übersicht / Overview 👈",de
1540,Demotermine1250288610319212021-12-15 20:49:19,31921,2021-12-15 20:46:00,"Rathaus Lennestadt-Altenhundem , Samstags um 12:00 Spaziergang , jeder ist für sich selbst verantwortlich , URL # NW # Sa1812 # Sa2512 # Lennestadt Raus auf die Straßen USER 👉 Übersicht / Overview 👈",de
6148,Demotermine1250288610206762021-10-07 21:01:52,20676,2021-10-07 21:02:36,"Bern - Schweiz hängt offiziell die Great Reset Fahne aus ! ! ! ! ! ! Mehr Informationen : Kanal : URL HINTER CORONA STEHEN SATANISTEN , FREIMAURER , ROTARIER , LIONS CLUBS USER",de
12239,Demotermine125028861011515,11515,2021-06-11 08:11:21,Wir brauche aktuell Eure solidarische Unterstützung . Aus Gründen . Wir müssen in stärkere Abwehr investieren . Das kostet . Also sucht Euch gern ein paar Sachen aus . URL,de
6562,Demotermine1250288610201232021-10-02 13:21:16,20123,2021-10-02 13:21:10,"Auf dem Schlossplatz Stuttgart , 02.10.2021 , 13:35Uhr Eine Eigenproduktion von USER Raus auf die Straßen USER 👉 Übersicht / Overview 👈",de
18880,Demotermine125028861056552021-01-29 18:03:42,5655,2021-01-29 18:03:21,"China testet per Analabstrich auf Coronavirus T-ONLINE vom 27.01.2021 , 16:42 Uhr Wenn das der Spahn erfährt kommt das auch zu uns . Hey Chris , das wäre doch was für dich .. nicht drängeln .. 😂 😂 😂 😂 USER",de
9142,Demotermine1250288610162332021-08-29 13:35:28,16233,2021-08-29 13:36:42,"Liebe Alle , im ZDF wurde gerade behauptet , dass wir in Richtung Reichstag unterwegs wären . Das ist falsch ! ! ! Wir halten großen Abstand zum Reichstag . Wir sind KEINE Statisten des ZDF ! Wir sehen uns auf der Straße 🤠 🤠 🤠 Team Karl Raus auf die Straßen USER",de
10721,Demotermine1250288610136572021-08-02 22:15:17,13657,2021-08-02 22:15:16,"Berlin 2021 : "" Wenn ich bei Fridays for Future mitmachen würde , wäre es entspannter . "" — Osnabrücker Sommer der Aufklärung URL 1:38 Raus auf die Straße USER",de
2633,Demotermine1250288610303882021-12-06 15:53:54,30388,2021-12-06 15:50:38,WICHTIG : Anfahrt zum Autokorso 06.12.2021 — QUERDENKEN 351 - Dresden URL 2:40 # SN # Mo0622 # Mo1312 # Mo2012 # Mo2712 # Dresden # montags Raus auf die Straßen USER 👉 Übersicht / Overview 👈,de
14984,Demotermine125028861080832021-03-24 03:11:45,8083,2021-03-24 03:10:01,Offenburg Autokorso Start Platz der Verfassungsfreunde URL USER 27032021 Raus auf die Straße USER,de
6213,Demotermine1250288610206012021-10-06 13:39:52,20601,2021-10-06 13:40:16,Quo vadis Deutschland ? Klaus Kelle | 6. Vollversammlung der wahren Schwarmintelligenz — Epoch Times Nachrichten URL 14:25 Raus auf die Straßen USER 👉 Übersicht / Overview 👈,de
14952,Demotermine125028861081182021-03-24 23:55:32,8118,2021-03-24 23:54:50,Moin in die Runde ❣ Samstag um 13 Uhr am Rathaus in Henstedt-Ulzburg geben wir Kindern eine Stimme ! 💟 Mach mit ❣ 😇 👋 👋 USER 27032021 Raus auf die Straße USER,de
1484,Demotermine1250288610319892021-12-16 19:35:14,31989,2021-12-16 19:35:11,Demo „ München steht auf “ Ludwigstraße Impressionen - 15.12.21 — Klardenker URL 12:11 Raus auf die Straßen USER 👉 Übersicht / Overview 👈,de
9117,Demotermine1250288610162502021-08-29 13:48:07,16250,2021-08-29 13:48:13,+ + + ACHTUNG EINKESSELUNGSVERSUCH AUF DANZIGER . Beobachter empfehlen möglicherweise schnelle Bewegung in Seitenstraßen . Andere plädieren auf schnellen Durchbruch . + + + # b2809 Raus auf die Straßen USER,de
20221,Demotermine12502886103939,3939,2020-11-18 12:09:40,"Der Einsatz der Wasserwerfer wurde nicht als Zwangsmittel angedroht und angekündigt , allein das macht die Maßnahme rechtswidrig , das kenne ich ja persönlich schon aus Frankfurt .",de
16977,Demotermine1250288610254302021-11-06 17:58:46,25430,2021-11-06 17:58:45,Der Richard-Wagner-Platz füllt sich ! Einige Spaziergänge sind derzeit in der Stadt gekesselt - der Rest bewegt sich zum Richard-Wagner-Platz . Es gibt stetigen Zulauf ! FREIE SACHSEN : Folgt uns bei Telegram ! USER Raus auf die Straßen USER 👉 Übersicht / Overview 👈,de
15885,Demotermine125028861069012021-02-27 16:23:13,6901,2021-02-27 16:22:23,Berlin Brandenburger Tor ! ! ️!!️!!️ EILMELDUNG ! ! ️!!️!!️ ! ! ️TEILEN ÜBERALL ! ! ️ ➡ ️ ALLE NACH BERLIN ➡ ️ WENN UNRECHT ZU RECHT WIRD - WIRD WIDERSTAND ZUR PFLICHT ! ! ️ USER USER # lillythueringen USER USER USER 27022021 Bilder und Videos hochladen USER - Termine in Textform USER Fahren oder Mitfahren USER - Übernachten ? USER USER - USER - USER,de
11004,Demotermine1250288610117402021-06-18 17:27:14,11740,2021-06-18 17:26:45,"Genehmigte Demo "" Es reicht ! "" - Motto : "" Die Würde des Menschen ist unantastbar "" am 19.06.2021 , 14.00 Uhr , Altmarkt , Dresden . Es wird ein Vertreter der FREIEN LINKEN sprechen . USER USER 19062021 Raus auf die Straße USER",de
8814,Demotermine1250288610167092021-09-01 04:21:38,16709,2021-08-31 19:55:30,"📆 „ LIEBEN , LACHEN , LEBEN OHNE MASKE , OHNE SPRITZE ! “ 👉 🏻 mehr Infos dazu # Termin Oldenburg USER 04092021 Raus auf die Straßen USER",de
14989,Demotermine125028861080782021-03-27 09:34:29,8078,2021-03-24 02:39:34,Pfullendorf Seepark Aktuelle Infos auf Telegram USER USER Videos- und Bilderupload USER Webbasiert zum Teilen z.B. per Mail URL USER USER 27032021 Raus auf die Straße USER,de
22844,Demotermine125028861064462021-02-17 10:46:48,6446,2021-02-17 10:41:14,"SO MACHT MAN DAS ! Sollten alle Bauern tun , nicht nur bei Lidl ... USER USER Infoticker USER So geht Protest USER",de
16684,Demotermine1250288610258362021-11-09 17:04:21,25836,2021-11-09 17:04:18,Berlin - Lautstarker Auftakt gegen die mögliche Zerschlagung des DB-Konzerns : Über 200 Kolleginnen und Kollegen demonstrierten im Vorfeld der zweitätigen Bundeskonferenz der Eisenbahn- und Verkehrsgewerkschaft ( EVG ) in Nürnberg für den Erhalt des integrierten Bahn-Konzerns . 👉 🏻 Neuer Beitrag Raus auf die Straßen USER 👉 Übersicht / Overview 👈,de
7437,Demotermine1250288610188392021-09-21 23:23:43,18839,2021-09-21 23:22:45,"! ! ️ Impfbus ! ! ️ 22.9 11:00 kommt der Impfbus zur Waldorfschule Tübingen Kommt Leute , wir setzen ein Zeichen . USER 22092021 Raus auf die Straßen USER",de
9467,Demotermine1250288610155022021-08-28 16:04:42,15502,2021-08-28 16:04:57,Hunderte Kritiker der Corona-Politik demonstrieren in Berlin — RT DE URL 0:40 USER Raus auf die Straßen USER,de
14956,Demotermine125028861081152021-03-24 22:57:10,8115,2021-03-24 22:57:10,! ! ️ 👆 Das wird gerade unter den Geschäfts-Inhabern in Plauen verteilt 👏 Formiert sich langsam Widerstand ? 🤔 Hier den offiziellen Frieden rockt Kanal abonnieren 👇 URL_rockt_offiziell Raus auf die Straße USER,de
9310,Demotermine1250288610158982021-08-29 10:18:13,15898,2021-08-29 10:18:36,+ + + Aufzüge Ruppiner Straße / Bernauer Straße gehen jetzt zusammen . U BERNAUER STRASSE + + + # b2908 Raus auf die Straßen USER,de
4292,Demotermine12502886104146,4146,2020-11-25 03:50:24,"Demo-Termine von URL Zum Redaktionsschluss um 00:00 Uhr , wurden für den heutigen Tag folgende Demotermine gemeldet : 🔴 Mittwoch , 25. November 2020 ▶ ️ DE , Berlin , Bundeskanzleramt ( Kundgebung ) 🕑 18:00 ▶ ️ DE , Berlin , Reichstag ( Demonstration ) 🕑 09:00 ▶ ️ DE , Pforzheim , Kiehnlestr . 5 ( Spaziergang ) 🕑 17:00",de
16783,Demotermine1250288610257342021-11-08 12:20:02,25734,2021-11-08 12:20:05,The world is waking up ! Updates - URL Open1 Chat - URL Website - Open1.uk Raus auf die Straßen USER 👉 Übersicht / Overview 👈,de
16148,Demotermine1250288610270252021-11-18 10:05:23,27025,2021-11-18 10:05:19,Pläne : Bis zu fünf Jahre Haft für Impfnachweis-Fälschung — Epoch Times Nachrichten URL 2:31 Raus auf die Straßen USER 👉 Übersicht / Overview 👈,de
10281,Demotermine1250288610142682021-08-14 08:40:17,14268,2021-08-14 08:40:17,RA Ringeisen in Mannheim : Standhaft bleiben gegen Corona-Regeln bei Kinder- & Arbeitsschutzrecht — Offene Gesellschaft Kurpfalz URL 19:04 Raus auf die Straße USER,de
21708,Demotermine125028861020262020-07-15 22:46:45,2026,2020-07-15 22:45:36,BITTE TEILEN - heute Vormittag vor dem Gebäude der Landesregierung NRW - spontane Demonstration gegen die Befürwortung von Ausgangssperren und Ausreiseverboten . USER USER - Bilder und Videos hochladen USER - Diskussion USER Fahren oder Mitfahren USER - Übernachten ? USER,de
22097,Demotermine125028861014682020-06-13 10:12:54,1468,2020-06-13 10:12:28,"🚨 Miltenberg am Main "" Versammlung für die bedingungslosen Grundrechte und freie Impfentscheidung "" Sonntag 14.06.2020 um 16 Uhr am Busparkplatz / Hallenbad . Gemeinsam sind wir stark . 💪 Impfkrischer Gesundheitsstammtisch Miltenberger USER USER - Bilder und Videos hochladen USER - Diskussion USER Fahren oder Mitfahren USER",de
12324,Demotermine1250288610114662021-06-09 03:40:29,11466,2021-06-09 03:39:38,"Zwickau 🎸 🎸 🎸 🎸 🎸 🎸 🎸 🎸 🎸 🎸 🎸 🎸 Bringt kurze politische Beiträge mit , so 2 bis 5 Minuten , daß sie gut zwischen die Musik passen 👍 URL 🎸 🎸 🎸 🎸 🎸 🎸 🎸 🎸 🎸 🎸 🎸 🎸 USER 12062021 Raus auf die Straße USER",de
16932,Demotermine125028861066642021-02-23 10:15:16,6664,2021-02-23 10:14:39,"Israel : Corona-Impfrate nahe 50 Prozent - Geimpfte erhalten "" Grünen Pass "" — RT DE URL 1:48 USER Nicht mit uns USER",de
4352,Demotermine1250288610277142021-11-21 09:29:52,27714,2021-11-21 09:23:18,Jetzt : Telegram-Livestream mit Pfarrer Tscharntke URL Alternativ URL USER Raus auf die Straßen USER 👉 Übersicht / Overview 👈,de
9922,Demotermine1250288610147862021-08-25 01:33:41,14786,2021-08-25 01:33:40,"Jetzt Bogen ( vor ) bestellen 📨 Ab kommenden Donnerstag , 26.8.21 verschicken wir neben der Stopp-Impfpflicht Initiative auch Bogen für die Bargeld-Initiative . 👉 🏼 promoUSER ( Anzahl , Name Initiative , Adresse ) 👉 🏼 Information Initiative 👉 🏼 Kanal Initiative Freiheitliche Bewegung 🇨 🇭 URL URL Raus auf die Straßen USER",de
7965,Demotermine1250288610179902021-09-15 18:35:14,17990,2021-09-15 18:35:27,Dr. Heinrich Fiechtner bezieht Stellung zur feindlichen Übernahme seines Telegram-Kanals im Zuge der Auseinandersetzung zwischen Anonymous und Attila Hildmann Sein neuer Kanal : URL Komplettes Video : URL,de
10458,Demotermine1250288610140272021-08-10 05:20:18,14027,2021-08-10 05:20:17,Live : Montagsdemo Dresden 09.08.2021 — Querdenken 351 - Zweitkanal URL 1:15:44 Raus auf die Straße USER,de
7371,Demotermine1250288610189262021-09-22 22:34:59,18926,2021-09-22 22:35:13,Norman ‘ s Prognose für das Ende der Krise — Markus Huck B.P. in spe URL 1:23 Raus auf die Straßen USER,de
14574,Demotermine125028861085652021-04-05 23:42:00,8565,2021-04-02 10:37:28,"📌 Am 17.04.2021 ist in Heidelberg eine Demo mit dem Motto "" Offenes Mikrofon für Kinder und Eltern mit anschließendem Demozug"" ❗ ️ ⚠ ️Um 13 Uhr 🕐 bei der Schwanenteichanlage / Stadtbücherei Heidelberg ⚠ ️ Redner : Tina Romdhani Ulrich Becker Grundschullehrerin Youngsters Überraschungs-Redner Offenes Mikrofon 🎤 USER 17042021 Raus auf die Straße USER",de
17833,Demotermine1250288610239342021-10-29 13:08:35,23934,2021-10-29 13:08:11,Wie immer Mittwochs am Denkmal .... # NW # Mi0311 # Hagen Raus auf die Straßen USER 👉 Übersicht / Overview 👈,de
9281,Demotermine1250288610160002021-08-29 11:29:53,16000,2021-08-29 11:30:06,"Berlin Demo- Zusammenschluß der Zug wird immer länger . Immer mehr , immer mehr . — MatthiasBL URL 1:59 Raus auf die Straßen USER",de
6160,Demotermine1250288610206582021-10-07 14:20:20,20658,2021-10-07 14:20:16,Die dunklen Ursprünge des Kommunismus Ep . 4 : Aufstieg der globalen Tyrannei — Epoch Times Nachrichten URL 13:05 Raus auf die Straßen USER 👉 Übersicht / Overview 👈,de
1639,Demotermine1250288610318042021-12-14 22:27:49,31804,2021-12-14 22:27:12,"Auf geht's zum 78 Autocorso 🚗 🚙 🚗 🚙 🚗 🚙 🚗 🚙 Parkplatz ist über den Lodemannweg zu erreichen 🚗 🚙 🚗 🚙 🚗 🚙 für dieses Jahr erstmal der letzte Autocorso , Es geht am 8.1 2022 dann weiter 🚗 🚙 🚗 🚙 🚗 🚙 # NI # Sa1812 # Hannover Raus auf die Straßen USER 👉 Übersicht / Overview 👈",de
9289,Demotermine1250288610159592021-08-29 11:01:47,15959,2021-08-29 11:02:06,Berlin 29.08.2021 um 13 : 00 Uhr Polizei begleitet und sichert den Zug auf der Danziger Straße in Richtung Osten . Keine Polizeisperre in Sicht . USER Raus auf die Straßen USER,de
0,Demotermine1250288610159712021-08-29 11:10:12,15971,2021-08-29 11:11:25,"Berlin 29.08.2021 um 13 : 10 Uhr In ungefähr 20 Minuten wird der Zug die U-Bahn-Station "" Frankfurter Tor "" erreichen . Wer noch Gesellschaft braucht : das ist die Chance , den Zug zu finden . USER Raus auf die Straßen USER",de
7333,Demotermine1250288610189762021-09-23 18:07:47,18976,2021-09-23 18:08:28,🟦🟩🟧🟥🟦🟩🟧🟥🟦🟩🟧 Bücherverbrennung im Jahre 2021 Flyeralarm hat die Impf-Broschüre derBasis nicht gedruckt und den Auftrag storniert ! ! ️!!️!!️ Herzlich willkommen in der NWO 🟧🟩🟥🟦🟧🟩🟥🟦🟧🟩🟥 USER Gelöschte Inhalte hochladen USER URL ( Aufrubar auch ohne App - bitte außerhalb Telegram teilen ),de
6182,Demotermine1250288610206402021-10-07 08:50:09,20640,2021-10-07 08:50:14,Berlin Berlin TV steht vor Gericht — Hürdenflug URL 9:34 Raus auf die Straßen USER 👉 Übersicht / Overview 👈,de
14330,Demotermine125028861067282021-02-24 22:10:56,6728,2021-02-24 22:09:24,"Straßenschilder Darmstadt - Appell an die Menschlichkeit : wir halten dem Feierabendverkehr Schilder mit lieben , ermutigenden oder zum Nachdenken anregenden Worten entgegen ❤ Mehr Infos unter Kanal : URL 🍀 Mitbringen : SEHR GROSSE Schilder 🍀 🙏 🏻 USER 26022021 Bilder und Videos hochladen USER - Termine in Textform USER Fahren oder Mitfahren USER - Übernachten ? USER USER - USER - USER",de
9670,Demotermine1250288610151632021-08-28 10:54:17,15163,2021-08-28 10:54:10,28.08.2021 um 11 : 40 Uhr keine Probleme bisher bei der Afghanistan-Demo von Philipp Schnurr im Mauerpark / Atrium ( siehe URL ) Raus auf die Straßen USER,de
9349,Demotermine1250288610157732021-08-29 00:07:08,15773,2021-08-29 00:05:29,NACH DER BUNDESTAGSWAHL KOMMT DIE ZWANGSIMPFUNG ! 💉 🌪 🚨 ! ! ️ BITTE KOMMENTIEREN ! ! ️ Mehr USER Raus auf die Straßen USER,de
10504,Demotermine1250288610139502021-08-08 14:17:04,13950,2021-08-08 14:16:39,"Die Welt braucht Frieden , Freiheit , Selbstbestimmung , Wahrheit und Gerechtigkeit . Dafür gehen wir auch am Montag , 9.8. , wieder auf die Straße . Beginn ist um 19 Uhr am Neuen Markt in Kaufbeuren-Neugablonz statt . Wir zählen auf Euch ! 💪 ❤ ️ USER 09082021 Raus auf die Straße USER",de
22550,Demotermine1250288610634,634,2019-12-13 00:31:16,"Thüringer aufgepasst ! Am Sonnabend bringen wir unsere Forderungen "" Überfremdung stoppen ! Kriminelle Ausländer raus ! "" wieder auf die Straße .",de
17219,Demotermine1250288610251162021-11-04 18:03:10,25116,2021-11-04 18:02:29,"Freitag , 05.11.21 ab 18 Uhr , 91126 Schwabach , Martin-Luther-platz - Wir demonstrieren - sei auch Du dabei ❤ Mein BILD-Artikel wird Thema sein und des "" Königs neue Befehle "" # BY # Fr0511 # Schwabach Raus auf die Straßen USER 👉 Übersicht / Overview 👈",de
18688,Demotermine1250288610225542021-10-21 03:47:05,22554,2021-10-21 03:48:06,"Da Kino mittlerweile als Familie zum Luxus gehört und der Umbau anscheinend nicht soviel kostete , dass man auf Gäste verzichten kann .......... Es bestätigt sich immer mehr , wenn das Virus 90 cm über dem Boden nur noch ansteckend ist , würden 60 % der deutschen auf allen Vieren laufen ! "" Vorgaben vom Land ... bitten hierfür um Verständnis . "" URL Raus auf die Straßen USER 👉 Übersicht / Overview 👈",de
11056,Demotermine1250288610131722021-07-30 08:39:09,13172,2021-07-30 08:39:09,Fassungslos ... 😧 Nürnberger Volksfest möchte diesen Samstag Kinder her locken um sich impfen zu lassen als Dankeschön kriegt man drei Gutscheine für drei Attraktionen Und die ersten zehn Impflinge kriegen 50. Volksfest Taler im Wert von 50.€ Schämt euch ! USER Raus auf die Straße USER,de
8715,Demotermine1250288610168172021-09-01 23:50:49,16817,2021-09-01 23:50:20,Bern 🇨 🇭 🔔 🇨 🇭 Vorankündigung 🇨 🇭 🔔 🇨 🇭 Genaueres folgt nach der kommenden und unsäglichen Pressekonferenz vom Mittwoch den 02.09.2021 USER 02092021 Raus auf die Straßen USER,de
4431,Demotermine1250288610281112021-11-24 13:10:51,28111,2021-11-24 13:10:15,"Ein Eis Café in Hamburg Ottensen EISFABRIK Bahrenfelder Str. 233 , 22765 Hamburg URL Raus auf die Straßen USER 👉 Übersicht / Overview 👈",de
6032,Demotermine1250288610208612021-10-09 11:44:50,20861,2021-10-09 11:44:36,Abschluss und Nationalhymne / Griechische Parade Info URL Raus auf die Straßen USER 👉 Übersicht / Overview 👈,de
7762,Demotermine1250288610183002021-09-18 12:11:47,18300,2021-09-18 12:12:24,Tokyo marches for freedom ! 18.09.21. ✊ ❤ ️ 🇯 🇵 Updates : URL Open1 Chat : URL Website : Open1.uk Raus auf die Straßen USER,de
14736,Demotermine125028861083562021-03-29 08:44:25,8356,2021-03-29 08:44:24,Ein kleines Mädchen macht einfach nicht mehr mit ! ❤ ️ ❤ ️ ❤ ️ 🚨 Schickt das Video an alle eure Kontakte ! Abonniert bitte unseren Kanal : URL Verbreitet unsere Inhalte und Wissen für den Frieden ☀ ️ 🕉 Raus auf die Straße USER,de
16861,Demotermine1250288610256602021-11-07 12:23:52,25660,2021-11-07 12:14:33,"Schaumburg , Illinois on Sunday , November 7th at 12 p.m . # illinois # il # healthfreedom # USA # Sun0711 # Schaumburg Raus auf die Straßen USER 👉 Übersicht / Overview 👈",de
16784,Demotermine1250288610257742021-11-08 21:55:20,25774,2021-11-08 21:55:16,"Leipzig Reloaded , Polizei & Allerlei , Corona Demo am 06. Nov. 2021 — Freedom Parade mit Captain Future URL 34:02 Raus auf die Straßen USER 👉 Übersicht / Overview 👈",de
20646,Demotermine125028861034352020-10-28 19:26:52,3435,2020-10-28 19:24:11,Ort : Boizenburg / Elbe Kirche am Markt Datum / Uhrzeit : 02.11.2020 15:00 - 16:00 Uhr Anlass : Spaziergang zur Stärkung der Abwehrkräfte - Gedankenaustausch zu Corona- Pandemie USER 01112020,de
7228,Demotermine1250288610191422021-09-24 11:19:45,19142,2021-09-24 11:19:46,✅ Diese Mutter spricht vielen aus der Seele . Genug ist genug ! Diese Kandidaten sind die falschen ! Raus auf die Straßen USER,de
4785,Demotermine1250288610275462021-11-20 19:55:50,27546,2021-11-20 19:55:47,🇦 🇹 Österreich - Wien ⏱ 20.11.2021 - 20 : 35 Uhr Überblick von einem Demoumzug in Wien heute Nachmittag . Mehr als 45 Minuten in Zeitraffer . Redaktionsteam via USER Raus auf die Straßen USER 👉 Übersicht / Overview 👈,de
6003,Demotermine1250288610208872021-10-09 13:53:23,20887,2021-10-09 13:53:42,Studenten stehen auf . Demo am 09. Oktober 2021 in Dresden . Studenten marschieren durch Dresden USER Raus auf die Straßen USER 👉 Übersicht / Overview 👈,de
17062,Demotermine1250288610253162021-11-06 14:59:35,25316,2021-11-06 14:59:28,"Leipzig , 06.11.2021 - Rufe gegen Mini-Gegendemo am Rand : "" Alle zusammen gegen den Faschismus ! "" USER Raus auf die Straßen USER 👉 Übersicht / Overview 👈",de
12369,Demotermine1250288610114042021-06-08 11:28:03,11404,2021-06-08 11:27:04,"Achtung ⚠ Demonstration wird Abgesagt ! Wir haben als Orga Team beschlossen , das wir keine Demos mehr anmelden werden ! Wir sagen klar Nein zu den Auflagen die uns vorgegeben werden . Deshalb , neuer Termin , wir fahren nach Plauen ! Lasst uns die Freie Sachsen und den Bürgermeisterkandidaten Thomas Kaden unterstützen ! USER USER 11062021 Raus auf die Straße USER",de
8575,Demotermine1250288610170392021-09-03 12:00:07,17039,2021-09-03 12:00:08,HALLO HAUPTSTADT ( am Morgen vom 24.08.2021 ) mit Captain Future — Freedom Parade mit Captain Future URL 2:57 Raus auf die Straßen USER,de
14117,Demotermine125028861090652021-04-14 04:45:11,9065,2021-04-14 04:45:10,"🥁 🥁 🥁 🥁 🥁 🥁 🥁 🥁 🥁 🥁 🥁 🥁 🥁 🥁 🥁 🥁 🥁 5. Schnipsel Was in der Gegend lief einst vom Band , wurd 89 weltbekannt . 👇 👇 👇 17.04. Wo ? 👇 👇 👇 URL Raus auf die Straße USER",de
4281,Demotermine1250288610133342021-08-01 07:13:05,13334,2021-08-01 07:11:16,🗓 Protestmarsch – Salzburg # Termin USER 01082021 - 08082021 - 15082021 - 22082021 - 29082021 Raus auf die Straße USER,de
13758,Demotermine125028861017732020-06-30 01:50:37,1773,2020-06-30 01:22:35,"Sternfahrt Ludwigsburg zur Demo nach Stuttgart am 4. Juli 2020 USER Park + Ride ( Mitfahrgelegenheit ) Ludwigsburg Süd , Möglinger Str. , 71636 Ludwigsburg Abfahrt 13.00 Uhr Korso wird angeführt von Michaela Hartmann USER USER - Bilder und Videos hochladen USER - Diskussion USER Fahren oder Mitfahren USER - Übernachten ? USER",de
466,Demotermine1250288610139922021-08-10 00:17:23,13992,2021-08-10 00:15:59,"Autokorso heute am Dienstag den 10. August wie immer ab 17:30 Uhr ( Start ca 18:30 Uhr ) vom Parkplatz "" Neues SC Stadion "" . Route diesmal : Freiburg - Ebringen - Pfaffenweiler - Ehrenkirchen - Staufen - Ballrechten-Dottingen - Heitersheim - Eschbach - Bad Krozingen - Hartheim ( Endpunkt ) . Wir freuen uns auf euch ! USER 10082021 Raus auf die Straße USER",de
6733,Demotermine1250288610199182021-09-30 06:02:27,19918,2021-09-30 06:02:31,"❣ ️ AUFRUF AN ALLE ❣ ️ Dieser Aufkleber wird an allen Ladentüren angebracht , die diese Meinung vertreten ❤ ️ 🙏 🏻 ❤ ️ TEILEN TEILEN TEILEN ❣ ️ ❣ ️ ❣ ️ Entweder online bestellten ... URL ... oder auf unseren Montagsdemos holen ! Weitere News findest du hier : USER . Raus auf die Straßen USER 👉 Übersicht / Overview 👈",de
19257,Demotermine12502886105141,5141,2021-01-14 14:43:25,"😂 😁 🔥 Das Rednerpult von Nancy Pelosi steht wieder im Kapitol , nachdem ein Randalierer letzte Woche damit abgehauen ist und es fast auf eBay für über 90.000 Dollar verkauft hätte . 🔥 🔥 Teile diesen Beitrag mit deinen Freunden Mehr Informationen 👇 👇 👇 👇 USER",de
16927,Demotermine1250288610255182021-11-07 04:19:52,25518,2021-11-07 04:20:19,LIVE : Zwickau / D - Kundgebung zu Ehren der NSU-Opfer am Jahrestag der Enttarnung - 06.11.2021 — demonstration_live URL 2:17:11 Raus auf die Straßen USER 👉 Übersicht / Overview 👈,de
9163,Demotermine1250288610161852021-08-29 12:59:32,16185,2021-08-29 12:59:31,Berlin 29.08.2021 um 14 : 58 Uhr Info vom Potsdamer Platz . Große Polizeipräsenz zwischen Potsdamer Platz und Leipziger Platz ist durch die Polizei komplett abgesperrt . USER,de
6729,Demotermine1250288610199202021-09-30 06:08:43,19920,2021-09-30 06:07:22,"Der nächste Multikorso mit Auto- , Zweiradfahrern und Fußgängern in der Landeshauptstadt Düsseldorf wird am 09.10.2021 stattfinden . Das steht bereits fest . MP3 URL Raus auf die Straßen USER 👉 Übersicht / Overview 👈",de
9229,Demotermine1250288610160782021-08-29 12:10:31,16078,2021-08-29 12:10:27,"+ + + Weiterer Zug bildet sich : Frankfurter Tor auf Berliner Rathaus weiter , Zielrichtung Alexanderplatz . + + + # b2908 Raus auf die Straßen USER",de
1964,Demotermine1250288610313952021-12-12 10:51:25,31395,2021-12-12 10:50:59,"# dus1812 Aufruf zur Demo gegen den drohenden Impfzwang - in Düsseldorf , nächste Woche Samstag ! # NW # Sa1812 # Düsseldorf Raus auf die Straßen USER 👉 Übersicht / Overview 👈",de
1862,Demotermine1250288610315232021-12-13 06:24:46,31523,2021-12-13 06:24:21,Pforzheim Montag 13.12.21 18:00 Uhr Kienlestr . 25 # BW # Mo1312 # Pforzheim Raus auf die Straßen USER 👉 Übersicht / Overview 👈,de
101,Demotermine1250288610316282021-12-13 15:30:39,31628,2021-12-13 15:30:36,"🇩 🇪 🇩 🇪 🇩 🇪 ! ! ️Es gibt etwa 280000 Landespolizisten In Deutschland , nur ein Teil kann bei Demos eingesetzt werden . Wird bundesweit überall demonstriert kommen die mit Bußgeldern oder anderen Maßnahmen gar nicht mehr hinterher . 👉 USER 12.12.2021 Raus auf die Straßen USER 👉 Übersicht / Overview 👈",de
37,Demotermine1250288610161112021-08-29 12:24:12,16111,2021-08-29 12:25:08,Polizei dein Freund und Helfer Berlin Demo 29.08.21 — Weichreite TV URL 4:00 Raus auf die Straßen USER,de
3864,Demotermine1250288610284082021-11-27 00:05:00,28408,2021-11-26 23:12:32,📆 Niemand hat das Recht zu gehorchen . ~ Hannah Arendt 👉 🏻 mehr Infos dazu # Termin # BW # So2811 # Öhringen Raus auf die Straßen USER 👉 Übersicht / Overview 👈,de
4915,Demotermine1250288610273072021-11-20 12:04:38,27307,2021-11-20 12:04:35,"📢 + + + Live - Feed + + + 📢 Die zwei Hochbanner "" Großer Austausch , Great Reset - Stoppt den Globalistendreck "" und "" Heimatschuz statt Mundschutz "" dominieren die Demo und ernten Applaus von den Demonstraten . Raus auf die Straßen USER 👉 Übersicht / Overview 👈",de
15823,Demotermine125028861069772021-03-01 12:56:54,6977,2021-03-01 12:56:00,2. Autokorso Nürnberg Samstag 06.03.2021 ! ! ️ Treffpunkt 14:00 Uhr Meistersingerhalle Nürnberg weitere Infos zur Route & Auflagen Folgen USER USER 06032021 Bilder und Videos hochladen USER - Termine in Textform USER Fahren oder Mitfahren USER - Übernachten ? USER USER - USER - USER,de
7176,Demotermine1250288610192252021-09-25 10:04:02,19225,2021-09-24 20:50:27,Meck Pomm für einen offenen Umgang mit Impfnebenwirkungen / 27.09 - 29.09. — Neubrandenburger Spaziergang URL 4:36 Rostock - Greifswald - Güstrow - Wolgast - Teterow - Wismar - Neubrandenburg # MV # Mo2709 # Di2809 # Mi2909 Videosicherung und Details URL Raus auf die Straßen USER,de
10775,Demotermine1250288610135522021-08-01 20:22:21,13552,2021-08-01 19:49:07,Alexanderplatz / Memhardstraße Eine Eigenproduktion von USER Zum Platzverweis ( Zettel ) URL Raus auf die Straße USER,de
10793,Demotermine1250288610135322021-08-01 16:59:53,13532,2021-08-01 16:59:52,"Berlin , 01.08.2021 - Polizei geht gegen Demonstranten vor USER USER hat meistens Strafanzeigen , Bußgelder , Verletzungen und Vermögensschäden zur Folge . Bild- und Videobeweise daher sofort einsenden USER Raus auf die Straße USER",de
22277,Demotermine12502886108492020-05-07 11:16:44,849,2020-05-07 11:16:43,KenFM nimmt die Einladung an ! Wir sehen uns in Stuttgart ! — KenFM URL 1:10 USER USER USER - Bilder und Videos hochladen USER - Diskussion USER,de
9176,Demotermine1250288610161702021-08-29 12:51:48,16170,2021-08-29 12:51:58,Zug stößt bald auf einen weiteren Umzug 😀 🤙 Für mehr Infos folgen auf ... USER Raus auf die Straßen USER,de
564,Demotermine1250288610198822021-09-30 02:01:48,19882,2021-09-30 02:01:07,SWINDON FREEDOM RALLY CHANNEL Invite Link : URL SWINDON FREEDOM RALLY CHAT Invite Link : URL # GB # Sat0910 Raus auf die Straßen USER 👉 Übersicht / Overview 👈,de
14990,Demotermine125028861080772021-03-24 02:36:52,8077,2021-03-24 02:32:06,🇳 🇪 🇺 🇿 🇺 🇬 🇦 🇳 🇬 Riedlingen Menschenreihe Ziegelhüttenstraße ab Kreisel Gammertinger Straße USER 27032021 🇳 🇪 🇺 🇿 🇺 🇬 🇦 🇳 🇬 Raus auf die Straße USER,de
20297,Demotermine125028861038692020-11-18 03:34:01,3869,2020-11-15 23:20:50,"Vergleich Not von Volk , Pandemie , Bundestag , Reichstag , Deutsches Reich , Infektionsschutzgesetz , Adolf Hitler , Jens Spahn Bilder und Videos hochladen USER - Termine in Textform USER Fahren oder Mitfahren USER - Übernachten ? USER USER - USER - USER",de
22534,Demotermine1250288610700,700,2020-01-30 21:09:19,"Kommt gerne nächste Woche Mittwoch nach Frankfurt ! Zur “ Free Julian Assange “ Mahnwache : Am 05.02.2020 von 17:00 - 19:00 Uhr , am Brockhausbrunnen auf der Zeil 87 , in Frankfurt am Main . Nähere Informationen vom Team in Frankfurt : URL",de
6207,Demotermine1250288610206052021-10-06 14:26:29,20605,2021-10-06 14:17:17,"Am Samstag den 9.10. haben wir wieder den Infostand am DOM in Würzburg . Bitte kommt dort hin und holt euch die Flyer für die Aktion "" LANDTAG ABBERUFEN "" Wenn jeder hier in der Gruppe nur 100 Flyer in die heimischen Briefkästen verteilt , wird das ein Erfolg!!! 💪 💪 💪 ❤ ️ USER # BY # Sa0910 # Würzburg Raus auf die Straßen USER 👉 Übersicht / Overview 👈",de
1175,Demotermine1250288610323612021-12-18 19:11:11,32361,2021-12-18 19:10:58,Es werden immer mehr ! ! ! Schwerin 18.12.2021 2300 Menschen Raus auf die Straßen USER 👉 Übersicht / Overview 👈,de
23426,Demotermine125028861022952020-08-04 22:30:39,2295,2020-08-04 22:30:24,- BERLIN - # ZSM20 ruft alle Gruppen zum Reichstag 15. August 2020 11. - 0. Uhr USER USER - Bilder und Videos hochladen USER - Diskussion USER Fahren oder Mitfahren USER - Übernachten ? USER,de
7229,Demotermine1250288610191412021-09-24 11:17:53,19141,2021-09-24 11:17:12,Kiel | Fr. 24.9 | 19 Uhr | Party |Steinschlange an der Kiellinie 24092021 # SH Raus auf die Straßen USER,de
16773,Demotermine1250288610257282021-11-08 11:56:16,25728,2021-11-08 11:56:41,"Ich grüße euch , Da ich zur Zeit auf YT gesperrt und das letzte Video entfernt wurde , hier die Version vom gestrigen Tag an der Straße in Oppach : URL Raus auf die Straßen USER 👉 Übersicht / Overview 👈",de
21067,Demotermine125028861029152020-09-21 20:01:02,2915,2020-09-21 20:01:01,Sinsheim USER Freitag 25.09.2020 17.00 - 19.00 Uhr Carola von Wippern - Heilpraktikerin Thorsten Volz Michael Höveler-Müller - Schulbegleiter Musik von DoJo feat . Gabi & Thomas Burgplatz Sinsheim URL Weitere Infos : URL ◇ Demotermine ○ WiderstandAktiv ● Infokanal Bilder und Videos hochladen USER - USER Fahren oder Mitfahren USER - Übernachten ? USER USER - USER - USER,de
15433,Demotermine125028861074412021-03-10 19:03:21,7441,2021-03-10 19:03:21,"Mifahren zu den Demos URL Busreisen und Fahrten mit 7-,9- und Zwölfsitzern könnt ihr USER ebenfalls einsenden Raus auf die Straße USER",de
21617,Demotermine125028861021522020-07-23 18:42:27,2152,2020-07-23 18:41:44,"Auch am Samstag , 25. Juli , wieder in Kaufbeuren , am Obstmarkt von 15:30 Uhr bis 16:30 Uhr Ignorance-Meditation für Frieden , Freiheit und Selbstbestimmung . Die Veranstaltung findet bei jedem Wetter statt . Ich freue mich auf Euer Kommen ! USER USER - Bilder und Videos hochladen USER - Diskussion USER Fahren oder Mitfahren USER - Übernachten ? USER",de
14047,Demotermine125028861091562021-04-15 15:26:24,9156,2021-04-15 08:25:16,📆 Im Einklang mit dem Wandel 👉 🏻 mehr Infos dazu # Termin # QuerDenken ! Mehr URL Zur Disco-Demo URL Raus auf die Straße USER,de
1266,Demotermine1250288610322402021-12-18 14:52:49,32240,2021-12-18 14:52:23,"Flensburg : Wir haben gehört , dass am Zob sich wohl ein Spaziergang gebildet hat , der Richtung Norden unterwegs ist . Raus auf die Straßen USER 👉 Übersicht / Overview 👈",de
13376,Demotermine1250288610100122021-05-05 08:36:58,10012,2021-05-05 08:36:57,✅ KURZREPORTAGE mit Impressionen vom 01.05.2021 aus Weimar im Gespräch mit : - RA Alexander Christ - RA Friedemann Däblitz - RA Viviane Fischer - Polizeipressesprecherin - Veteran für Recht / Freiheit - Freunden und Familien Weitere Videos unter : URL Raus auf die Straße USER,de
6681,Demotermine1250288610199782021-09-30 22:34:56,19978,2021-09-30 22:35:19,"LATE NIGHT TALK MIT ALBERT KNOBEL:""Ich war schon im Gefängnis und Berset noch nicht ! "" — Wissensgeist - Nicole Hammer URL 32:23 Raus auf die Straßen USER 👉 Übersicht / Overview 👈",de
1668,Demotermine1250288610317732021-12-14 08:19:39,31773,2021-12-14 08:07:52,"Ravensburg , 13.12.2021 Link # Highlight Video-Link für jeden Internet-Browser wie Chrome , Firefox , Safari , Edge außerhalb Telegram URL ( zum Abspielen ist Telegram nicht erforderlich , funktioniert wie YouTube ) Raus auf die Straßen USER 👉 Übersicht / Overview 👈",de
1724,Demotermine1250288610316852021-12-14 02:34:18,31685,2021-12-14 02:29:10,"📌 Ravensburg Demo 📌 Trotz abgesagter Demo weil man sich mit dem Ordnungsamt nicht einig wurde , fanden ca. 2000 Menschen zu einem friedlichen Spaziergang zusammen . Es gab kein Stress mit der Polizei . Nur Menschen die zusammen gegen diese Diktatur vorgehen ! Wir sind viele . Wir werden immer mehr . Steht auf vernetzt euch . Wir sind nicht alleine . Raus auf die Straßen USER",de
15009,Demotermine125028861080552021-03-24 00:49:19,8055,2021-03-24 00:48:13,"5.Fackellauf der Freiheit am 28.03.21 in 74357 Bönnigheim . . Beginn 19Uhr Ende 20 Uhr Mit Abschlusskundgebung . Adresse Hauptstraße / am Schloss auf dem Parkplatz Bleichwiese . Telegramkanal USER YouTube URL . BITTE TEILEN UND VERBREITEN , WIR BRAUCHEN JEDEN EINZELNEN VON EUCH ! . # Demo # Demotermin # Demotermine # Demonstration USER USER 28032021 Raus auf die Straße USER",de
8649,Demotermine1250288610169202021-09-02 08:47:25,16920,2021-09-02 08:47:07,🔷 POLIZEIGEWALT 🔷 MIT TON VON EINSATZLEITER - EINSTEINUFER BERLIN # b2908 Quelle Tonaufnahme : URL Telegram-Kanal 🔷 URL oder in der App Telegram USER USER Raus auf die Straßen USER,de
20688,Demotermine125028861033712020-10-30 00:37:25,3371,2020-10-23 22:18:26,Stuttgart-Böblingen 30.10.2020 USER Kinder die etwas sagen möchten bitte PN an USER USER 30102020 Achtung Neuer Versammlungsort USER Bilder und Videos hochladen USER - USER Fahren oder Mitfahren USER - Übernachten ? USER USER - USER - USER,de
20420,Demotermine125028861037212020-11-10 23:00:40,3721,2020-11-10 23:00:27,""" Die Revolution darf nicht stattfinden "" – Uwe Steimle zu Querdenken in Leipzig — RT Deutsch URL 18:57 USER USER Bilder und Videos hochladen USER - Termine in Textform USER Fahren oder Mitfahren USER - Übernachten ? USER USER - USER - USER",de
3975,Demotermine1250288610282822021-11-26 04:46:49,28282,2021-11-26 04:46:46,"🌺 ✨ ✨ ❤ ️ ✨ ✨ ❤ ️ ✨ ✨ 🌺 Ein wundervolles Herzenslied : 🌺 ✨ ✨ ❤ ️ ✨ ✨ ❤ ️ ✨ ✨ 🌺 Aus meim Herzn kummt dieser Segen für den Planeten und für alles Leben . Die Liebe , sie darf sich erheben . ( Philipp Ham Kuman "" Aus meim Herznkummt "" ) 🌙 USER Raus auf die Straßen USER 👉 Übersicht / Overview 👈",de
10242,Demotermine1250288610143352021-08-16 12:11:34,14335,2021-08-16 12:10:57,"Kundgebung alle 2 Wochen Ort : Bad Segeberg , Marktplatz Termin : Mittwoch , 18.08.2021 um 18 h Habt Mut ! Nur das wird zu uns kommen , was wir für unsere Entwicklung brauchen , nicht mehr und nicht weniger ! Vernetzt Euch analog vor Ort . Herzlichen Dank für die Unterstützung und das Verteilen ! 🌸 💜 🌴 ❤ ️ 🌻 USER 18082021 Raus auf die Straße USER",de
18400,Demotermine1250288610229832021-10-24 10:04:14,22983,2021-10-24 10:05:20,Dr. Gunter Frank über Corona . Fakten gegen Hysterie . — Antihygienista - Offene Gesellschaft Kurpfalz URL 33:45 Raus auf die Straßen USER 👉 Übersicht / Overview 👈,de
18765,Demotermine1250288610224362021-10-20 06:05:35,22436,2021-10-20 06:00:35,Stuttgarter DEMO # Pinnwand # Pforzheim URL # Reutlingen URL # Stuttgart - No Green Pass URL - Disco-Auto URL - Autokorso URL Raus auf die Straßen USER 👉 Übersicht / Overview 👈,de
10047,Demotermine1250288610145912021-08-22 02:38:55,14591,2021-08-22 02:38:55,Zusammenstöße und Festnahmen – Demo in Melbourne gegen Corona-Maßnahmen — RT DE URL 0:44 USER Raus auf die Straßen USER,de
16950,Demotermine1250288610254822021-11-06 20:04:52,25482,2021-11-06 20:04:41,"Bildtext : Frag einen Bestatter , es gibt keine Pandemie . USER ▫ ️ Raus auf die Straßen USER 👉 Übersicht / Overview 👈",de
4502,Demotermine1250288610279982021-11-23 17:46:26,27998,2021-11-23 17:46:23,Studenten wehren sich gegen die Zweiklassengesellschaft ! STUDIERENDE FÜR GRUNDRECHTE # Grundrecht # Selbstbestimmung # Meinungsvielfalt # NEINzurAusgrenzung # zusammenhalt Raus auf die Straßen USER 👉 Übersicht / Overview 👈,de
19184,Demotermine125028861029992020-09-30 09:37:15,2999,2020-09-30 09:22:18,"Demo-Termine von URL Zum Redaktionsschluss um 00:00 Uhr , wurden für den heutigen Tag folgende Demotermine gemeldet : 🔴 Mittwoch , 30. September 2020 ▶ ️ Graz , Hauptplatz ( Meditation ) 🕑 18:00 ▶ ️ Berlin , Bundeskanzleramt ( Kundgebung ) 🕑 18:00 Landau URL Stuttgart URL Bilder und Videos hochladen USER - USER Fahren oder Mitfahren USER - Übernachten ? USER USER - USER - USER",de
10664,Demotermine1250288610137342021-08-04 04:39:16,13734,2021-08-04 04:39:06,Bild des Tages . 🥰 Foto wurde von Milly am 1.8.21 vor der Siegessäule aufgenommen . Raus auf die Straße USER,de
10686,Demotermine1250288610136592021-08-02 22:45:17,13659,2021-08-02 22:45:16,"# be1821Trommeln & "" Die Regierung hat Ramona , die Regierung muss weg ! "" — Osnabrücker Sommer der Aufklärung URL 6:29 Raus auf die Straße USER",de
9870,Demotermine1250288610148582021-08-25 13:00:18,14858,2021-08-25 13:00:17,Aufruf an alle Eltern : Schützt eure Kinder ! — QUERDENKEN 351 - Dresden URL 5:21 Raus auf die Straßen USER,de
6860,Demotermine1250288610197002021-09-28 14:05:51,19700,2021-09-28 14:05:45,Mit Söder hätte Union mehr als 30 Prozent geholt – Grüne sind keine Volkspartei — Epoch Times Nachrichten URL 3:56 Raus auf die Straßen USER 👉 Übersicht / Overview 👈,de
2044,Demotermine1250288610312852021-12-14 07:33:40,31285,2021-12-11 22:22:54,"Danke für diesen tollen zusammenschnitt . Das war eine großartige Demonstration . Ihr wart alle friedlich und super engagiert ! Meine Kinder haben den Weihnachtsmann-Helfer gefeiert . Danke für euch ALLE ♥ ️ URL Hamburg , 11.12.2021 # Highlight Raus auf die Straßen USER 👉 Übersicht / Overview 👈",de
14949,Demotermine12502886108122,8122,2021-03-25 00:23:10,"Wir haben mal wieder ein kleines Update für Euch . Ein Demotermin in der Einzelansicht , ist ab sofort auch mit mobilen Endgeräten abrufbar . Damit reagieren wir auf Anfragen der Nutzer , Termine Barrierefrei zur Ansicht zur Verfügung stellen zu können . So schaut das Beispiel dann aus : URL",de
1899,Demotermine1250288610314752021-12-13 01:40:32,31475,2021-12-13 01:40:29,"~Teil 1~ Mobile Weihnachtsmarkt- 🎄 Tour 12.12.21 in Berlin City ❤ ️ Schön wars , schaut selbst 😘 1000 Dank Boris für s 🎥 Filmen 🙏 😇 Aller ❤ ️liebste Grüße sendet euch Dolli USER Raus auf die Straßen USER 👉 Übersicht / Overview 👈",de
13951,Demotermine125028861092702021-04-19 07:16:51,9270,2021-04-19 07:16:02,Ab dem 19.04.2021 werden wir wieder regelmäßig die Montagsdemo am Wendedenkmal durchführen . Ab 17 Uhr stehe ich mit einem kleinen Programm zur Oberbürgermeisterwahl dort vor Ort Rede und Antwort . Ab 18 Uhr informieren wir wie gewohnt unsere Plauener Bürger und Gäste über aktuelle Themen .... USER 19042021 Raus auf die Straße USER,de
15490,Demotermine125028861073662021-03-27 03:32:11,7366,2021-03-09 13:25:37,! ! ️!!️ BITTE ÜBERALL TEILEN ! ! ️!!️ KUNDGEBUNG IN PASSAU für ein selbstbestimmtes Leben am 28.03.2021 ab 14 Uhr Im Klostergarten Telegram ➡ ️ USER USER USER USER USER USER USER USER # Bayernstehtzamm # schlussmitdemlockdown # maskeab # Merkelmussweg # Södermussweg # Heimat # Patriot # Widerstand # Freiheit URL Video URL USER 28032021 Raus auf die Straße USER,de
8465,Demotermine1250288610172312021-09-06 04:03:07,17231,2021-09-06 03:58:15,"Liebe Demokraten ❤ ️ Wir sehen uns am Mittwoch auf der Straße 😉 🗣 🎉 🎉 USER München , Karl-Stützel-Platz , 18 Uhr USER 08092021 Raus auf die Straßen USER",de
5775,Demotermine1250288610211932021-10-13 06:23:50,21193,2021-10-13 06:22:49,Düsseldorf Kombikorso USER USER # NW # So1710 # Düsseldorf Raus auf die Straßen USER 👉 Übersicht / Overview 👈,de
4512,Demotermine1250288610279722021-11-23 15:51:25,27972,2021-11-23 15:51:17,Politisch korrekter Sarkasmus künstlerisch nicht wertvoll!!️ Lasst die Kinderlein kommen egal ob Divers oder Pervers . Wir haben Platz!!️ URL Raus auf die Straßen USER 👉 Übersicht / Overview 👈,de
11763,Demotermine1250288610121552021-07-05 10:16:06,12155,2021-07-05 10:16:06,"Stuttgart , 03.07.2021 Schwaben unter sich - ein lebenslustiges Völkchen , immer zum sportlichen Wettkampf bereit . USER Raus auf die Straße USER",de
19686,Demotermine12502886104547,4547,2020-12-15 04:29:19,"Warum werden wir so stark von der Regierung bekämpft und dauernd als Verschwörungstheoretiker , rechte und sonst noch alles abgestempelt ? Weil sie genau das wissen . Aber wir geben nicht auf ☝ 🏻 😊 . USER URL",de
16182,Demotermine1250288610269312021-11-17 18:21:30,26931,2021-11-17 18:21:27,🔥 EILT 🔥 2G-Regel bietet gespritzten SklavInnen Jobs Bewerbungen werden im Kommentarbereich USER entgegengenommen . Abo 📌 Voraussetzung .,de
4996,Demotermine1250288610205052021-10-06 00:39:04,20505,2021-10-06 00:39:35,Die Polizei in Slowenien Hauptstadt Ljubljana ist gewaltsam gegen Demonstrierende eines Corona-Protests vorgegangen . 👉 🏻 Neuer Beitrag Raus auf die Straßen USER 👉 Übersicht / Overview 👈,de
10021,Demotermine1250288610146402021-08-22 14:45:50,14640,2021-08-22 14:45:49,Wenn Du das nächste Mal ausgehst ... ... nimm einfach eine Leiter mit ... ... dann kommst Du überall kostenlos rein 💪 🤩 Echt lustig 😂 😂 😂 Mehr auf 👉 USER 🌷 🌷 🌷 # Lustiges Raus auf die Straßen USER,de
2454,Demotermine1250288610307092021-12-08 02:33:53,30709,2021-12-08 02:33:18,"📣 GET YOURSELF DOWN TO MANCHESTER SAT 11TH DEC AND SHOW YOUR SUPPORT 📣 11AM ETIHAD CAMPUS , SPORTCITY , MANCHESTER M11 📣 Support their channel URL # GB # Sat1112 # ManchesterGB Raus auf die Straßen USER 👉 Übersicht / Overview 👈",de
7232,Demotermine1250288610191372021-09-24 11:07:07,19137,2021-09-24 11:07:31,"Hier liegt die Messlatte schon ziemlich hoch 💪 , jeder FÜNF und wir erreichen viele ! ! Zur Zeitung URL Die umfassendsten Infos USER Werde USER jetzt !",de
15178,Demotermine125028861077462021-03-27 10:18:55,7746,2021-03-18 11:36:04,Bamberg Autokorso Start Parkpkatz Fuchs-Park-Stadion Anfahrt Pödeldorfer Straße USER USER 19032021 Raus auf die Straße USER,de
5773,Demotermine1250288610211902021-10-13 06:08:03,21190,2021-10-13 06:07:20,Auch in Oschatz gehen jeden Montag Bürger auf die Straße . Vielleicht auch Du ? ! FREIE SACHSEN Leipzig / Nordsachsen : USER # SN # Mo1810 # Mo2510 # Oschatz Raus auf die Straßen USER 👉 Übersicht / Overview 👈,de
5922,Demotermine1250288610209912021-10-11 06:48:25,20991,2021-10-11 06:46:52,"📆 Mama , Papa , Oma , Opa , "" Wie lange wollt Ihr das noch mitmachen "" 👉 🏻 mehr Infos dazu # Termin # BW # So1710 # SchwäbischGmünd Raus auf die Straßen USER 👉 Übersicht / Overview 👈",de
19735,Demotermine12502886104499,4499,2020-12-12 16:23:46,# Fakenews - die Teams von # Querdenken711 und # Querdenken341 erfreuen sich bester # Gesundheit Hier ein Update von Querdenken-341 Leipzig USER - Diskussion & Austausch USER - Bilder und Videos von Demos aus 711 / STUTTGART hochladen USER ~edited by 🤖,de
7988,Demotermine1250288610179612021-09-15 13:31:42,17961,2021-09-15 13:31:19,"Am 20.09.2021 ist Weltkindertag ! Freiheit und Impfstopp für ALLE Kinder dieser Welt ! Leipziger Friedens und Freiheitsbewegung ! Montag , 19 Uhr Richard-Wagner-platz Teilt diesen Aufruf ! Folgt uns auf Telegram ⬇ ️ ⬇ ️ ⬇ ️ USER USER 20092021 Raus auf die Straßen USER",de
16923,Demotermine1250288610255442021-11-07 05:53:23,25544,2021-11-07 05:52:51,"COOLANGATTA [ NSW / QLD BORDER ] # ReclaimTheLine Australia , 11 / 7 Raus auf die Straßen USER 👉 Übersicht / Overview 👈",de
19777,Demotermine12502886104504,4504,2020-12-13 10:19:45,💉 🦠 CORONA-IMPFWAHNSINN : „ Wir machen Menschenexperimente.”🧍 👉 Alle Anhörungen gibt ’s auf USER und hier als Video-Dateien . 👉 USER Übernehmen wir Verantwortung für die Aufklärung ! 💪 # impfkritik via USER,de
6337,Demotermine1250288610204522021-10-05 10:19:41,20452,2021-10-05 10:17:12,# Gera geht Spazieren ! Heute 19 Uhr auf dem Marktplatz in Gera . Folgt uns auf Telegram ⬇ ️ ⬇ ️ ⬇ ️ URL # TH # Di0510 # Di1210 # Di1910 # Di2610 Raus auf die Straßen USER 👉 Übersicht / Overview 👈,de
2411,Demotermine1250288610307862021-12-08 06:28:26,30786,2021-12-08 06:28:23,"Martin Kemp stars in new propaganda commercial as Santa getting his ' booster ' . This regime is ruining everything we know and love . Martin Kemp spielt die Hauptrolle in einem neuen Propaganda-Werbespot als Weihnachtsmann , der seinen "" Booster "" bekommt . Dieses Regime ruiniert alles , was wir kennen und lieben . USER",de
11166,Demotermine1250288610119862021-06-29 13:52:58,11986,2021-06-29 13:52:44,"LONDON - Nächster Schlag gilt direkt dem britischen Parlament . Die Ankündigung bringt auf den Punkt , man hat im Parlament mit tierischer Mentalität zu tun . Wovor haben wir noch Angst ? Mehr Informationen : Kanal : URL HINTER CORONA STEHEN SATANISTEN , FREIMAURER , ROTARIER , LIONS CLUBS 19072021 Raus auf die Straße USER",de
15906,Demotermine125028861068632021-02-26 15:09:28,6863,2021-02-26 15:06:18,Der stille Konvoi Von Görlitz über die B99 nach Zittau und von da über die B96 nach Bautzen der-stille-konvoi.de USER 27022021 Bilder und Videos hochladen USER - Termine in Textform USER Fahren oder Mitfahren USER - Übernachten ? USER USER - USER - USER,de
14931,Demotermine125028861081452021-03-25 21:12:03,8145,2021-03-25 16:36:03,"📆 Wir sind HIER - Wir sind LAUT , weil man uns die FREIHEIT klaut ! - Kundgebung und Aufzug mit Ruf der Trommeln 👉 🏻 mehr Infos dazu # Termin # QuerDenken ! Öhringen Marktplatz USER 28032021 Raus auf die Straße USER",de
16219,Demotermine1250288610268852021-11-15 19:00:16,26885,2021-11-15 19:00:13,Fensterln im 2 G Karneval in Köln am 11.11.2021 mit Captain Future & G. Punkt von der Glühweinpolizei — Freedom Parade mit Captain Future URL 27:34 Raus auf die Straßen USER 👉 Übersicht / Overview 👈,de
9235,Demotermine1250288610160842021-08-29 12:11:17,16084,2021-08-29 12:11:56,"Berlin , 29.08.2021 - Weidenweg Tausende Demonstranten wohin man blickt .... USER Raus auf die Straßen USER",de
18220,Demotermine1250288610232642021-10-26 02:43:25,23264,2021-10-26 02:42:40,☝ 🏻 📣 !!️TODAY!!️ 📣 ☝ 🏻 Calling all Rebels On Roundabouts ! # GB # Tue2610 # Chessington Raus auf die Straßen USER 👉 Übersicht / Overview 👈,de
6081,Demotermine1250288610207822021-10-09 02:50:23,20782,2021-10-09 02:48:41,"Ihr Lieben , wie jeden Samstag , meditieren wir auch morgen , 9.10. , um 15:30 Uhr am Obstmarkt in der Fußgängerzone für Frieden , Freiheit , Wahrheit und Selbstbestimmung . Möge die Dunkelheit in dieser Welt dem Licht weichen ! 🌟 Wir freuen uns auf Euch ! ❤ ️ # BY # Sa0910 # Kaufbeuren Raus auf die Straßen USER 👉 Übersicht / Overview 👈",de
4540,Demotermine1250288610279152021-11-23 03:03:56,27915,2021-11-23 03:02:30,# Perth # AUS # Sat2711 # Sat0412 # Sat1112 # Sat1812 Raus auf die Straßen USER 👉 Übersicht / Overview 👈,de
7254,Demotermine1250288610191052021-09-24 07:19:35,19105,2021-09-24 07:20:11,Teil 3 - Kommt mit Blumen nach Bern — Wissensgeist - Nicole Hammer URL 21:45 Raus auf die Straßen USER,de
3091,Demotermine1250288610296822021-12-08 22:26:34,29682,2021-12-03 12:33:29,5.12.21 99974 Mühlhausen 19.00 Uhr # TH # So0512 # Mühlhausen Raus auf die Straßen USER 👉 Übersicht / Overview 👈,de
20915,Demotermine125028861031072020-10-09 14:03:04,3107,2020-10-09 13:32:54,"❗ ️Wir haben einen ganz besonderen Gast , auf den wir uns alle sehr freuen : HNO-Arzt Horst Müller aus Weinheim ❗ ️Wann ? Samstag , 10.10.2020 14:30 auf dem Platz der Alten Synagoge in Freiburg ! Wir freuen uns auf Euch ❗ ️ ❤ ️ 🙏 🏼 USER USER Bilder und Videos hochladen USER - USER Fahren oder Mitfahren USER - Übernachten ? USER USER - USER - USER",de
10228,Demotermine1250288610143532021-08-16 22:42:11,14353,2021-08-16 22:42:10,🚨 NURSES PROTEST AGAINST VACCINE MANDATES IN PHOENIX ARIZONA ! ( What Us Patriots Do ) Raus auf die Straße USER,de
16776,Demotermine1250288610257872021-11-09 08:30:22,25787,2021-11-09 08:30:19,""" Sind Sie Presse ? "" "" Sind Sie Polizei ? "" & lustiger "" Neulinker "" , der kam um "" ein Gesicht zu machen "" — Osnabrücker Sommer der Aufklärung URL 2:30 Raus auf die Straßen USER 👉 Übersicht / Overview 👈",de
5463,Demotermine1250288610217132021-10-16 03:19:48,21713,2021-10-16 03:20:10,Diskriminierung und Ausgrenzung aus hygienischen Gründen ? Interview mit Rabbi Michael Barclay — We The People - Wir sind der Souverän URL 8:59 Raus auf die Straßen USER 👉 Übersicht / Overview 👈,de
12760,Demotermine1250288610109442021-05-23 04:23:01,10944,2021-05-23 04:23:00,"Pastor Tscharnke über die Gründe , weshalb sich Menschen impfen lassen . Wahre und mahnende Worte .... Quelle : URL PS . Pastor Tscharnke wird im Internet auch vehement angegriffen . Bewundernswert wie er dem offensichtlich standhält . Es ist ein hybrider Krieg - ein Informationskrieg und unsere Gegner beherrschen ( noch ) die Massenmedien . Noch ! Raus auf die Straße USER",de
6015,Demotermine1250288610208782021-10-09 13:21:12,20878,2021-10-09 13:22:00,09.10.2021 Nürnberg - In Erinnerung an den Nürnberger Kodex 🍀 🕊 💫 👍 🏻 😉 Raus auf die Straßen USER 👉 Übersicht / Overview 👈,de
9901,Demotermine1250288610148142021-08-25 07:27:13,14814,2021-08-25 07:22:49,"SPD Frankfurt am Main 26082021 Berlin 27082021 Marburg 02092021 Berlin 03092021 Peine , Göttingen , Braunschweig 04092021 Leipzig 05092021 Worms 11092021 München , Regensburg , Weiden 18092021 USER Raus auf die Straßen USER",de
13912,Demotermine125028861093312021-04-21 12:37:17,9331,2021-04-21 12:37:17,"Aktuell in Berliner Tiergarten . Die Polizei versucht zu verhindern , dass so viele Menschen wie möglich sich der Demo am Brandenburger Tor anschließen . Es kommt zu immer mehr Festnahmen ! USER hat meistens Strafanzeigen , Bußgelder , Verletzungen und Vermögensschäden zur Folge . Bild- und Videobeweise daher sofort einsenden USER Raus auf die Straße USER",de
22109,Demotermine125028861014522020-06-12 13:57:45,1452,2020-06-12 13:57:17,"ZEIG DEIN GESICHT FÜR DIE GRUNDRECHTE OFFENBURG "" Platz der VERFASSUNGSFREUNDE "" 13.06.20 15:30 Uhr USER USER - Bilder und Videos hochladen USER - Diskussion USER Fahren oder Mitfahren USER",de
7470,Demotermine1250288610188002021-09-21 13:05:10,18800,2021-09-21 13:05:39,Merkel hat den USA einen „ rüden Tritt ans Knie “ verpasst — Epoch Times Nachrichten URL 3:22 Raus auf die Straßen USER,de
15218,Demotermine125028861076872021-03-17 11:53:51,7687,2021-03-17 09:32:11,"Kundgebung mit anschl . Lichterumzug am 18.03.21 in 74722 Buchen Beginn : 18:00 Uhr auf dem Musterplatz Maske oder Attest / 1,5 m Abstand USER 18032021 Raus auf die Straße USER",de
11311,Demotermine1250288610127342021-07-21 11:05:35,12734,2021-07-21 11:05:34,"4. Gewalt zur Regierung übergelaufen : "" Stellung zur Verteidigung der # Demokratie gänzlich geräumt "" — Osnabrücker Sommer der Aufklärung URL 15:06 Raus auf die Straße USER",de
5988,Demotermine1250288610209062021-10-09 18:16:43,20906,2021-10-09 18:15:05,Demo angemeldet und findet statt . Genauere Infos folgen DAS VOLK SAGT - ES REICHT ! ! ! # AT # Di1210 # Wien # Demoanmeldung Raus auf die Straßen USER 👉 Übersicht / Overview 👈,de
7894,Demotermine1250288610180942021-09-16 10:57:58,18094,2021-09-16 10:56:28,Karlsruhe mit Baerbock und Kretschmann Corona-Faschisten niemals unbegleitet lassen ! USER 22092021 Raus auf die Straßen USER,de
18526,Demotermine1250288610227922021-10-23 20:17:38,22792,2021-10-23 13:14:06,Stuttgart : Die freie Linke ist pro Impfung und für Umweltschutz Richtigstellung URL ! ! ️ Kommentare beachten ! ! ️ Raus auf die Straßen USER,de
11367,Demotermine1250288610126392021-07-19 17:17:12,12639,2021-07-19 17:17:11,""" Tag der Freiheit "" : Ende der Corona-Beschränkungen in England — RT DE URL 1:26 USER Raus auf die Straße USER",de
12318,Demotermine1250288610114762021-06-09 19:19:36,11476,2021-06-09 19:17:50,"Hallo liebe Friedensboten 🕊 ️ Wir suchen noch viele , viele Friedenslichter um den Rhein zu erleuchten . Checkt doch bitte mal die Website oder geht auf unseren Telegram-Chat . Lasst uns friedliches Zeichen setzen , das nicht übersehen werden kann . Von Herzen friedliche und freiheitliche Grüße ✨ 🕊 ️ ❤ ️ ✌ ️ ✨ 🕯 ️ 🕯 ️ 🕯 ️ 🕯 ️ 🕯 ️ 🕯 ️ 🕯 ️ 🕯 ️ 🕯 ️ 🕯 ️ 🕯 ️ USER 17072021 Raus auf die Straße USER",de
6378,Demotermine1250288610203852021-10-04 10:50:16,20385,2021-10-04 10:50:14,Brisante Finanzdokumente könnten Politiker in Erklärungsnot bringen — Epoch Times Nachrichten URL 7:29 Raus auf die Straßen USER 👉 Übersicht / Overview 👈,de
8600,Demotermine1250288610169702021-09-02 18:59:53,16970,2021-09-02 19:00:10,"be2808 "" Inside Berlin "" vom Klimacamp zum Alexanderplatz , Demo durch die Stadt zum Potsdamer Platz — Osnabrücker Sommer der Aufklärung URL 35:17 Raus auf die Straßen USER",de
19484,Demotermine125028861048922021-01-04 08:21:06,4892,2021-01-04 08:17:42,"Nürnberg Fürther Str. 77 Mahnwache für die Gastronomie , Kunst & Kultur USER dienstags 05012021 - 12012021 - 19012021 - 26012021 Bilder und Videos hochladen USER - Termine in Textform USER Fahren oder Mitfahren USER - Übernachten ? USER USER - USER - USER",de
9600,Demotermine1250288610152772021-08-28 12:50:40,15277,2021-08-28 12:51:15,"Straßburg , Place de la Republic Start Aufzug 28.08.2021 Ein Film von USER Raus auf die Straßen USER",de
18418,Demotermine1250288610229482021-10-24 07:51:21,22948,2021-10-24 07:52:04,23.10.2021 Eberbach Musikdemo Zwei Lieder von Doris und Jochen Für mehr Berichte folgen auf ... USER URL Raus auf die Straßen USER 👉 Übersicht / Overview 👈,de
6162,Demotermine1250288610156692021-08-28 19:13:39,15669,2021-08-28 19:13:29,"So , heute verabschiede ich mich . Danke an alle , die dabei waren , es war der Wahnsinn ! Selbst wenn es nichts an der Politik ändert , zeigt es , dass wir trotz allem zusammenhalten und es gibt unfassbar viel Energie ! Film mit allen Eindrücken kommt ! Over and out . URL Raus auf die Straßen USER",de
17137,Demotermine1250288610252262021-11-06 09:57:37,25226,2021-11-06 09:58:16,"CO2 arme Anreise aus Belfaux , so sieht die Energiebilanz des Bundesrat besser aus . Raus auf die Straßen USER 👉 Übersicht / Overview 👈",de
12551,Demotermine1250288610112002021-05-31 10:18:03,11200,2021-05-30 20:09:32,Gruss an Linksterroristin Lina Engel vor dem Frauenknast in Chemnitz Hintergrund Teil 1 URL Hintergrund Teil 2 URL Video Teil 2 URL Video Teil 3 URL Brief an Lina URL Mehr URL Raus auf die Straße USER,de
14789,Demotermine125028861082522021-03-27 08:24:18,8252,2021-03-27 04:15:40,"REFORM-PROGRAMM für Deutschland ! Solidarisiere dich und sei dabei ! Samstag , 27.3.2021 - 11:00 Versammlung unter freiem Himmel - optional mit Befreiung aus der BRD-Okkupationsverwaltung . Vor dem Reichstag 📢 staatenlos.info 🔑 🅛 🅘 🅥 🅔 🅣 🅘 🅒 🅚 🅔 🅡 staatenlos.info 🅦 🅔 🅑 deutsche-heimat.info 🅣 🅔 🅛 🅔 🅖 🅡 🅐 🅜 URL 🅣 🅔 🅛 🅔 🅖 🅡 🅐 🅜 URL 🅨 🅞 🅤 🅣 🅤 🅑 🅔 t.ly/7RTR ( staatenlos.info2 ) USER 27032021 Raus auf die Straße USER",de
1267,Demotermine1250288610322392021-12-18 14:47:09,32239,2021-12-18 14:47:06,"18.12.2021 Frankfurt Die Menschen laufen ... Wenn es keine geordneten Umzug gibt , dann halt einen ungeordneten . Für mehr Berichte folgen auf ... USER Raus auf die Straßen USER 👉 Übersicht / Overview 👈",de
3115,Demotermine1250288610296442021-12-03 08:40:02,29644,2021-12-03 08:39:40,"Friedlich für Freiheit ! Gemeinsam . Egal ob geimpft oder ungeimpft . Bis Sonntag , Ihr Lieben 👍 ❤ ️ 💪 # NW # So0512 # Köln Raus auf die Straßen USER 👉 Übersicht / Overview 👈",de
10397,Demotermine1250288610140982021-08-11 06:02:54,14098,2021-08-11 06:02:33,"Wir werden immer mehr und wir waren nicht zu überhören 🥁 💪 Chemnitzer Montagsspaziergang , am 9.8.21 , Danke an alle , die dabei waren 🙏 USER Raus auf die Straße USER",de
22545,Demotermine12502886106622020-01-06 10:44:41,662,2020-01-06 04:27:39,Bauernproteste am 06.01.20 in Kloster Seeon zu erwarten Stefan Bauer Am 06.01.20 trifft sich die CSU im Kloster Seeon . Schon jetzt sieht man aufgeregte Vorbereitungen . Neben Annegret Kramp-Karrenbauer sollen auch die Bauern kommen . Ab 09:00 Uhr soll es losgehen . 03.01.2020 01:11 USER URL,de
16489,Demotermine1250288610263402021-11-12 20:35:01,26340,2021-11-12 20:34:30,"🚨 Salzburg , 13.11. 15.00 Uhr 🚨 🚨 Der genaue Treffpunkt wird auf Telegram bekanntgegeben um 13.00 Uhr 🚨 📢 Sei laut für die Freiheit ! 🗽 ⬇ ️Folgt mir auf Telegram ⬇ ️ URL # AT # Sa1311 # Salzburg Raus auf die Straßen USER 👉 Übersicht / Overview 👈",de
866,Demotermine1250288610160982021-08-29 12:17:31,16098,2021-08-29 12:18:11,Berlin 29.08.2021 um 14 : 17 Uhr Versuchte Blockade der Polizei und mehrere Festnahmen an der Spitze des großen Zugs am Bersarinplatz . Zu viele Demonstranten . Durchbruch . USER Raus auf die Straßen USER,de
12632,Demotermine1250288610111042021-05-27 05:50:07,11104,2021-05-27 05:50:06,"Jetzt sprechen die Lehrer ! ( QUERDENKEN-911 Nürnberg , 26.05.2021 ) — QUERDENKEN-911 Nürnberg URL 59:11 Raus auf die Straße USER",de
17312,Demotermine1250288610249542021-11-03 16:18:33,24954,2021-11-03 16:16:24,"Zwischenmeldung , 18 Uhr geht's los URL # ST # Mi0311 # Halle USER Raus auf die Straßen USER 👉 Übersicht / Overview 👈",de
891,Demotermine125028861028222020-09-15 11:09:57,2822,2020-09-15 11:07:33,"Heute Dienstag , 15. September 2020 2596AA Niederlande Den Haag 12:00 Uhr Malieveld Demonstration Bilder und Videos hochladen USER - USER Fahren oder Mitfahren USER - Übernachten ? USER USER - USER - USER",de
8090,Demotermine1250288610177922021-09-13 03:20:11,17792,2021-09-13 03:20:11,""" Pandemie der Ungeimpften "" ? Gleichgeschaltete Impfzidenz-Propaganda — Weiterdenken-Marburg WDMR URL 0:28 Raus auf die Straßen USER",de
10582,Demotermine1250288610138362021-08-06 03:22:29,13836,2021-08-06 03:22:17,"Die Entstehungsgeschichte der Bundesrepublik und des Grundgesetzes in 1 Minute . Noch Fragen , weshalb es Artikel 146 gibt und weswegen das GG eben keine Verfassung ist ? Es wird Zeit für eine erste und echte Demokratie auf diesem Planeten ! URL Raus auf die Straße USER",de
4951,Demotermine1250288610272812021-11-20 10:44:16,27281,2021-11-20 10:43:06,🔵 FPÖ-Bühne beim MW steht schon - 20.11. Wien 🟥 Die FPÖ hat ihre Bühne beim Museumsquartier schon aufgebaut und beschallt Umstehende und die massiv vorhandene Presse mit Techno . _ _ _ _ 🔵 Telegramelite : URL Raus auf die Straßen USER 👉 Übersicht / Overview 👈,de
22901,Demotermine125028861063422021-02-14 23:54:49,6342,2021-02-14 23:54:00,⚠ ️ ⚠ ️ ⚠ ️ ⚠ ️ ⚠ ️ ⚠ ️ ⚠ ️ ⚠ ️ ⚠ ️ ⚠ ️ ⚠ ️ ⚠ ️ MONTAG 15.FEBRUAR 2021 AUTOKORSO-START : ! ! ️!!️AM OLYMPIASTADION!!️!!️ AUF DEM OLYMPISCHEN PLATZ 19:00 UHR GOOGLE MAPS : URL ⚠ ️ ⚠ ️ ⚠ ️ ⚠ ️ ⚠ ️ ⚠ ️ ⚠ ️ ⚠ ️ ⚠ ️ ⚠ ️ ⚠ ️ ⚠ ️ USER 15022021 Bilder und Videos hochladen USER - Termine in Textform USER Fahren oder Mitfahren USER - Übernachten ? USER USER - USER - USER,de
9138,Demotermine1250288610162372021-08-29 13:40:54,16237,2021-08-29 13:41:09,"Berlin 29.08.2021 um 15 : 38 Uhr Wie wir alle wissen , ist der Reichstag ein Ort , wo sich regelmäßig gewaltbereite , gefährliche Antidemokraten versammeln . Es sei dahingestellt , ob draußen oder drinnen ... Wir jedenfalls haben dort nichts verloren . Soll das ZDF doch seinen Film mit bezahlten Schauspielern drehen , nicht mit uns . USER Raus auf die Straßen USER",de
14352,Demotermine125028861087852021-04-08 09:35:24,8785,2021-04-08 09:28:30,Schwabach Martin-Luther-Platz Morgen 9.4.2021 um 18 Uhr . Wir freuen uns auf Euch ❤ ️ 👍 USER 09042021 Raus auf die Straße USER,de
8738,Demotermine1250288610167942021-09-01 21:44:53,16794,2021-09-01 21:45:14,Schikanöse Polizeikontrolle eskaliert : Polizeigewalt gegen Marburger Camper in Berlin — Weiterdenken-Marburg WDMR URL 11:09 Raus auf die Straßen USER,de
4353,Demotermine1250288610172222021-09-06 03:13:44,17222,2021-09-06 03:14:33,"Am 02.09.2021 fand in Speyer eine Kundgebung mit 300 Menschen gegen die andauernden Verfassungsbrüche der Kommunal- , Landes und Bundesregierung statt . Alles Details und Videos gibt es hier , und bald auch auf Youtube . URL Raus auf die Straßen USER",de
4475,Demotermine1250288610280462021-11-24 01:40:16,28046,2021-11-24 01:40:13,Marty McKay - Linda Kratky - Schwiz wach uf - Grossdemonstration Zürich - 20.11.21 — Wissensgeist - Nicole Hammer URL 6:03 Raus auf die Straßen USER 👉 Übersicht / Overview 👈,de
15050,Demotermine125028861080092021-03-23 03:50:02,8009,2021-03-23 03:45:55,Menschen stehen auf - 20.3.2021 - Zusammenfassung Kassel - Amsterdam - London - Brüssel Raus auf die Straße USER,de
7865,Demotermine1250288610181362021-09-17 14:10:00,18136,2021-09-17 14:10:20,"Montagsdemo # Osnabrück 13.9.2021 : "" Ich habe Angst vor einem faschistischen System "" — Osnabrücker Sommer der Aufklärung URL 5:15 Raus auf die Straßen USER",de
2282,Demotermine1250288610309502021-12-09 00:31:46,30950,2021-12-09 00:31:22,"Tausende Münchner lassen sich NICHT von Gewalt bereiten behelmten Polizisten provozieren und drehen um ! singend:""Ohne Helm und ohne Knüppel seid ihr nichts "" 8.12.2021 Raus auf die Straßen USER 👉 Übersicht / Overview 👈",de
3446,Demotermine1250288610290472021-11-30 07:30:03,29047,2021-11-30 07:30:00,"Jérôme Schwyzer - Präsident Lehrernetzwerk Schweiz Es ist toll , wenn immer mehr Lehrer Gesicht zeigen und sich anfangen zu wehren . Das Schöne jetzt : wir nicht mehr alleine , wir sind vieeeeleee 🎊 💪 👏 🏻 Kanal abonnieren : URL Raus auf die Straßen USER 👉 Übersicht / Overview 👈",de
18591,Demotermine1250288610226942021-10-22 03:47:23,22694,2021-10-22 03:47:24,Hier ein neues Design von uns ! ! ! ️!!️!!️Teilen!!️!!️!!️ Folgt uns auf Telegram ⬇ ️ ⬇ ️ ⬇ ️ URL Raus auf die Straßen USER 👉 Übersicht / Overview 👈,de
15341,Demotermine125028861075422021-03-13 20:59:11,7542,2021-03-13 20:59:11,"Aktivist Mann ( Mateo ) in Hannover abgeführt Weitere Verhaftung mit Gegenwehr + Statement Aktivist Mann aus Polizeimaßnahme heraus Demo 13.03. Hannover , Landeshauptstadt Niedersachsen 👇 🏻 USER USER USER hat meistens Strafanzeigen , Bußgelder , Verletzungen und Vermögensschäden zur Folge . Bild- und Videobeweise daher sofort einsenden USER Raus auf die Straße USER",de
4043,Demotermine1250288610281742021-11-25 13:35:14,28174,2021-11-25 13:35:11,Texas verklagt Biden-Regierung erneut : Migrantenwelle zieht Richtung US-Grenze — Epoch Times Nachrichten URL 5:26 Raus auf die Straßen USER 👉 Übersicht / Overview 👈,de
10903,Demotermine1250288610133632021-08-01 09:50:26,13363,2021-08-01 09:50:26,"Eschenallee - Ecke Reichsstraße # b0108 URL — KenFM.de ( USER Aug 1 , 2021 USER Raus auf die Straße USER",de
17867,Demotermine1250288610238772021-10-29 07:45:35,23877,2021-10-29 07:44:53,Mo. 01.11.21|17 Uhr|Bad Oldesloe|Kundgebung und Demo-Umzug . Location : URL # SH # Mo0111 # BadOldesloe Raus auf die Straßen USER 👉 Übersicht / Overview 👈,de
1536,Demotermine1250288610319262021-12-15 22:21:57,31926,2021-12-15 22:21:54,"Michael Ballweg in Stuttgart . Die Bevölkerung entscheidet , wann die Pandemie vorbei ist . 👉 🏻 Neuer Beitrag Raus auf die Straßen USER 👉 Übersicht / Overview 👈",de
13842,Demotermine125028861094102021-04-24 00:53:25,9410,2021-04-24 00:52:58,🟥🟧🟨 ⬜ ️ ⬜ ️ Uni-Platz Fulda Demo für Frieden und Freiheit Fulda 24.04.21 / 14:00 Auf jeden kommt es an . URL URL URL URL URL USER 24042021 Raus auf die Straße USER,de
16535,Demotermine1250288610262682021-11-12 10:04:14,26268,2021-11-12 10:04:11,"Ihr Lieben , daß ist der rausgeworfene . Bandleader von M. Reim , weil er sich kritisch geäußert hatte . Hört ihm gut zu , ein herrlicher Musiker . ☝ ️ 🙄 😊 😘 Wo ich das Lied zum ersten Mal gehört habe , sind mir die Tränen nur so übers Gesicht gelaufen . ❤ ️ ☝ ️ USER Erfahrungen und Diskussion USER",de
6858,Demotermine1250288610197052021-09-28 14:45:07,19705,2021-09-28 14:45:20,Am 25.9.21 fand in Chur ein Friedens-Picknick statt . Anbei ein paar Impressionen zu dem gelungenen und tollen Anlass . Wir sehen uns ... Du bist nicht alleine ... wir sind viele . USER Raus auf die Straßen USER 👉 Übersicht / Overview 👈,de
11513,Demotermine1250288610124562021-07-15 18:14:46,12456,2021-07-15 01:02:35,Armin Laschet stellt sich in Stuttgart den Fragen der Demonstranten Video in Kurzversion URL Weitere Perspektive URL Abfahrt Laschet URL Übersicht URL Raus auf die Straße USER,de
8650,Demotermine1250288610169192021-09-02 08:45:01,16919,2021-09-02 08:44:36,"Corona Rebellen Kassel Treffen zum Spaziergang ( wir laufen um 14.30Uhr los ) an der Stadthalle am Samstag , den 04.09.2021 um 14.00Uhr vor der Stadthalle / dem Kongress Palais Kassel wöchentlich stattfindender Spaziergang URL USER 04092021 Raus auf die Straßen USER",de
23782,Demotermine1250288610108182021-05-21 04:07:34,10818,2021-05-21 04:07:18,"ServusTV Reportage - Mundtot gemacht , zum Schweigen gebracht Wie kritische Ärzte und Meinungen von der Regierung unterdrückt werden . Austrahlung am 🇩 🇪 So. 23.05.21 - 18:05 Nach der Ausstrahlung ist die Doku in der ServusTV Mediathek abrufbar . 👉 Mediathek Teilt diese Info an Leute außerhalb unserer Blase . Kanal beitreten auf USER Raus auf die Straße USER",de
8528,Demotermine1250288610171092021-09-05 02:14:10,17109,2021-09-05 02:13:44,🇫 🇷 Paris - 4.9.2021 💥 Demonstranten sind in das Einkaufszentrum Châtelet les Halles eingedrungen 💥 Soll zu Verhaftungen gekommen sein USER Raus auf die Straßen USER,de
11109,Demotermine1250288610130982021-07-28 09:31:38,13098,2021-07-28 04:43:09,Bericht aus Ahrweiler URL ! ! ️Ein freiwilliger Helfer berichtet hier über seinen Einsatz im Flutgebiet . Er spricht u.a. über unfassbare Vorkommnisse und über den genauso unfassbaren Auftritt von Rechtsanwalt und „ Menschenrechtler “ Markus Haintz!!!️ USER Raus auf die Straße USER,de
9107,Demotermine1250288610162922021-08-29 14:10:23,16292,2021-08-29 14:11:23,"Berlin 29.08.2021 um 16 : 10 Uhr Das ehemalige Ende des großen Zuges ist aktuell in der Marienburger Str. ( hat gerade einen Wahlwerbestand der Grünen passiert ) und läuft jetzt auf die Prenzlauer Allee zu , nähert sich also dem Kessel Danziger Str. / Kollwitzstr . USER Raus auf die Straßen USER",de
21706,Demotermine125028861020272020-07-16 07:57:12,2027,2020-07-16 07:57:11,"+ + ACHTUNG ORTSÄNDERUNG ! ! ! + + Du findest uns auf dem Marktplatz , statt auf dem Schloßplatz ! AKTIONSBÜNDNIS KARLSRUHE ( 9. Mahnwache ) + + DEMOKRATIE neu denken ! + + Sonntag , 19.07.20 von 15 - 18 Uhr Auf dem Marktplatz in Karlsruhe USER - Bilder und Videos hochladen USER - Diskussion USER Fahren oder Mitfahren USER - Übernachten ? USER",de
3003,Demotermine1250288610297992021-12-04 01:25:09,29799,2021-12-04 01:25:06,"Wie gehts der Basis , was ist passiert ? / Alkje Fontes 30.11.21 — Papst Alwin / alwinproduction URL 2:49 Raus auf die Straßen USER 👉 Übersicht / Overview 👈",de
7489,Demotermine1250288610185562021-09-19 06:17:29,18556,2021-09-18 23:43:28,"Fazit von „ Chemtrail“-Jürgen zum Spaziergang durch Stuttgart . Liebe Grüße an „ Filderstadt Nazifrei “ und die Antifa . In meiner Beobachtung gab es viele der Passanten , welche gefilmt haben und uns wohl gesonnen beobachtet haben . Stuttgart , 18.09.2021 Eine Eigenproduktion von USER Ich bedanke ♥ ️ mich bei Jedem , der mich unterstützt und somit diese Arbeit ermöglicht URL Raus auf die Straßen USER",de
4619,Demotermine1250288610278032021-11-22 03:30:20,27803,2021-11-22 03:30:17,Brazil : Anti-vaxxers protest COVID-19 passes in Sao Paolo - 21.11.2021 — demonstration_live URL 2:04 Raus auf die Straßen USER 👉 Übersicht / Overview 👈,de
16822,Demotermine1250288610257202021-11-08 10:39:35,25720,2021-11-08 10:40:19,"# le0621 Leipzig Markus Haintz Interview "" Ich erkenne unser Land nicht wieder . "" "" Grobe Rechtsbrüche "" — Osnabrücker Sommer der Aufklärung URL 12:20 Raus auf die Straßen USER 👉 Übersicht / Overview 👈",de
21289,Demotermine125028861026272020-08-30 22:00:28,2627,2020-08-30 22:00:27,"Ihr Lieben ❤ ️ , unser Friedensfest vom 29.08.2020 von oben . Es war gigantisch mit euch 38.000 Menschen ( laut Innensenator Andreas Geisel 😂 ) unser Fest für Frieden und Freiheit zu feiern . ❤ ️ ✌ ️& ❤ ️ USER Bilder und Videos hochladen USER - Termine in Textform 👉 USER mitteilen Fahren oder Mitfahren USER - Übernachten ? USER USER",de
18267,Demotermine1250288610231922021-10-25 07:44:38,23192,2021-10-25 07:43:30,"🇸 🇩 ⚡ In Sudanese capital Khartoum , people rally against the backdrop of a coup attempt In der sudanesischen Hauptstadt Khartum demonstrieren die Menschen vor dem Hintergrund eines Putschversuchs Raus auf die Straßen USER 👉 Übersicht / Overview 👈",de
5857,Demotermine1250288610210662021-10-12 14:14:59,21066,2021-10-12 14:15:14,BÜRGERBEGEHREN - VOLKSENTSCHEIDE JETZT ! Landtagsauflösung ermöglichen & Parteienbündnisse erlauben — DER THÜRINGER 2.0 URL 8:26 Raus auf die Straßen USER 👉 Übersicht / Overview 👈,de
13080,Demotermine1250288610105232021-05-15 05:25:38,10523,2021-05-14 12:06:03,"FREIHEITSMARSCH und KUNDGEBUNG am Samstag , 15.05.2021 17:00h Sassnitz auf dem Brückenplatz USER Übersicht URL USER 15052021 Raus auf die Straße USER",de
4235,Demotermine1250288610241022021-10-30 13:49:17,24102,2021-10-30 13:49:26,"Wie vorhergesehen , war das Volksbegehren "" Landtag abberufen "" eine hervorragende Bestätigung für Söder , der jetzt erst richtig aufdreht . Ein richtiger Bumerang . Man sollte mit unzureichenden Kräften eben nicht in die Schlacht ziehen . Das Volksbegehren hat der Freiheit schwer geschadet ... URL URL USER",de
2035,Demotermine1250288610313032021-12-11 23:10:17,31303,2021-12-11 23:10:14,Schwerin Live2 Freie Impfentscheidung - öffentl . Dokum . Kommunik . zu Polizei ! friedlich 800 Menschen — DanBarMV - LIVE Berichte Recherchen Meinung URL 42:20 Raus auf die Straßen USER 👉 Übersicht / Overview 👈,de
16550,Demotermine1250288610262332021-11-12 07:27:15,26233,2021-11-12 07:25:39,cellestehtauf Infokanal . Erreichen könnt ihr uns unter cellestehtaufUSER Auch auf Facebook . Unser Wahlspruch : Gemeinsam friedlich für Wahrheit und Freiheit . In der Regel veranstalten wir am Samstag eine Demonstration . Näheres im aktuellen Chat . URL # NI # Sa1311 # Celle Raus auf die Straßen USER 👉 Übersicht / Overview 👈,de
8127,Demotermine1250288610177472021-09-11 19:05:24,17747,2021-09-11 19:05:25,"Festival of Lights mit Captain Future & The Schnurr Channel , Bundeskanzler*innenamt , Reichstag ... — Freedom Parade mit Captain Future URL 3:42 Raus auf die Straßen USER",de
3554,Demotermine1250288610288622021-11-29 19:17:43,28862,2021-11-29 19:17:40,"Das Onlineportal "" Du bist Halle "" verbreitet "" falsche und potenziell gefährliche Informationen , die gesundheitliche Schäden hervorrufen können "" . 🤨 ☝ ️ 😜 URL Raus auf die Straßen USER 👉 Übersicht / Overview 👈",de
9141,Demotermine1250288610162342021-08-29 13:37:00,16234,2021-08-29 13:37:02,Die Strasse gehört den Menschen ! ! ! ! ! ! ! Berlin - 29082021 ! ! ️GG . Art.20 / 4!!️ 🔥 Ziviler Ungehorsam 🔥 URL ⬆ ️ ⬆ ️ ⬆ ️ 🔼 🔼 🔼 ⬆ ️ ⬆ ️ ⬆ ️ 👉 Stuttgart Widerstand Grundrechte Freiheit Grundgesetz Demos 👈 Raus auf die Straßen USER,de
8215,Demotermine1250288610176282021-09-10 09:43:27,17628,2021-09-10 09:43:13,"Nach der Einkesselung : "" Schaut den Polizisten in die Augen ! "" 🎬 zur Doku Berlin Wenn Recht zu Unrecht wird , wird Widerstand zur Pflicht . Eine Doku von eingeSCHENKt.tv . ❤ ️ Unterstützt unsere Arbeit ! ❤ ️ 👉 URL 🍷 Abonniert den eingeSCHENKt.tv Telegram-Kanal 🍷 👉 URL Raus auf die Straßen USER",de
18510,Demotermine1250288610228162021-10-23 14:29:12,22816,2021-10-23 14:29:27,Lockdown für Ungeimpfte ! Das können wir JETZT noch verhindern : Mobilisiert alles für ein NEIN am 28. November ! ✊ 🏻 💜 Raus auf die Straßen USER 👉 Übersicht / Overview 👈,de
7323,Demotermine1250288610189892021-09-23 20:30:41,18989,2021-09-23 20:31:26,Ist Bratwurst ohne Impfung nicht inzwischen mindestens so fad wie Bratwurst ohne Senf ? 😂 Raus auf die Straßen USER,de
17672,Demotermine1250288610242682021-10-31 01:00:06,24268,2021-10-31 01:00:13,Berlin : 2 G Vorstoß der Gastro - Interessenkonflikt : Gastfreundschaft oder Angestelltenwohl — TimeForTruth TV URL 14:00 Raus auf die Straßen USER 👉 Übersicht / Overview 👈,de
19633,Demotermine125028861046612020-12-21 09:39:12,4661,2020-12-21 09:38:53,""" Matthias Reim "" - Verdammt ich impf mich ( Verdammt ich lieb dich ) 😂 | Matze Knop Song-Parodie MP3 URL USER",de
5851,Demotermine1250288610210772021-10-12 15:48:06,21077,2021-10-12 15:48:21,""" Ab dem 11. Oktober gilt in Deutschland , dass ungeimpfte Menschen massive finanzielle Nachteile erleiden . Die Impfpflicht , die es angeblich nicht gibt , ist damit de facto Realität geworden und die Zweiklassengesellschaft , die bis vor kurzem als undenkbar galt , wurde eingeführt . "" URL Die umfassendsten Infos USER Werde USER jetzt !",de
16487,Demotermine1250288610263422021-11-12 21:00:10,26342,2021-11-12 20:59:46,"20.11. Wien ❗ ️Das Volk steht auf ! WIR lassen uns den sozialen Frieden in unserem Land nicht zerstören . Weder von augenscheinlich höchst korrupten Politikern , noch von käuflichen Medien . Nein zum Einsperren von Andersdenkenden ! # AT # Sa2011 # Wien Raus auf die Straßen USER 👉 Übersicht / Overview 👈",de
2210,Demotermine1250288610310852021-12-10 07:31:07,31085,2021-12-10 07:30:43,"Stadtteilspaziergang in Nürnberg-Steinbühl , 9.12.2021 Raus auf die Straßen USER 👉 Übersicht / Overview 👈",de
3970,Demotermine1250288610282382021-11-26 02:10:59,28238,2021-11-26 02:10:55,🔥 STARKE ANSAGE VON NI**ER ZU NI**ER SchwrzVyce setzt sich gegen Spaltung und Diskriminierung auf allen Ebenen ein . Vorallem musikalisch . 👇 🏽 👇 🏽 👇 🏽 Der Neue Song von SchwrzVyce - Claus Strunz / N * * * * Hier auf Telegram : URL Folgt ihm auf seinen Plattformen : URL DENKT DRAN - DENKT SELBST 👉 USER Raus auf die Straßen USER 👉 Übersicht / Overview 👈,de
9631,Demotermine1250288610152352021-08-28 12:11:08,15235,2021-08-28 12:11:32,"🧸 📽 Berlin 28.08.2021 um 14 : 09 Uhr Invalidenstraße Keith's Caroline Michaelis Straße , großer Zug auf Invalidenstraße Richtung Westen USER Raus auf die Straßen USER",de
2167,Demotermine1250288610311342021-12-10 18:44:42,31134,2021-12-10 18:44:06,"Servus , wir machen in 84439 Steinkirchen eine Kerzenaktion # BY # Sa1112 # Steinkirchen Raus auf die Straßen USER 👉 Übersicht / Overview 👈",de
14335,Demotermine125028861088182021-04-08 22:55:27,8818,2021-04-08 22:53:21,AM 14.04.21 -14.30-Treffpunkt RATHAUS HEIDENHEIM DEMO UND AUFZUG IN HEIDENHEIM ! ! ! ! GEMEINSAM FÜR UNSERE ZUKUNFT UNSERER KINDERN . IHR LIEBEN NUR GEMEINSAM KÖNNEN WIR WAS BEWEGEN FÜR UNSERE KINDER ❤ ️ 🙏 ❗ ❗ ❗ ❗ ❗ ❗ ❗ ❗ ❗ USER 14042021 Raus auf die Straße USER,de
9728,Demotermine1250288610151082021-08-28 08:53:55,15108,2021-08-28 08:53:36,"⚠ ️ WICHTIG FÜR ALLE DEMOKRATEN ⚠ ️ Wir haben soeben erfahren , dass sich Ralf Ludwig und weitere Demokraten in einer Polizei-Maßnahme in der Nähe Ecke Kurfürstendamm / Joachimsthaler Straße befinden ! 🤬 # WirWerdenALLEdaSein # b2808 Raus auf die Straßen USER",de
8731,Demotermine1250288610168002021-09-01 22:06:04,16800,2021-09-01 22:05:12,"Aufruf zur Europaweiten Demonstration in Brüssel am 11.09.2021 lasst uns gemeinsam in Brüssel ein Zeichen setzen für Freiheit ! 🇧 🇪 Die Zukunft heisst Europa , Nicht EU-Diktatur ! ✊ Telegram : URL Telegram group international ( english ): URL Website : URL Facebook event : URL 11092021 Raus auf die Straßen USER",de
8286,Demotermine1250288610155712021-08-28 16:57:32,15571,2021-08-28 16:57:39,"📌 Festnahme von Karl Hilz , Berlin , 28.08.21 am Leipziger Platz . # BasisWählen21 ✅ # Freiheit # Grundrechte ✅ Kanal David Claudio Siber Raus auf die Straßen USER",de
226,Demotermine1250288610133912021-08-01 11:46:05,13391,2021-08-01 11:45:51,"Die Straße des 17. Juni soll frei sein . Allerdings ist der ganze Tiergarten weiträumig umzäunt . Die Straße des 17. Juni ist ehemalige Demo-Fläche , damit wären hier Ordnungswidrigkeiten seitens der Polizei leicht durchzusetzen ! USER Raus auf die Straße USER",de
6211,Demotermine1250288610205932021-10-06 09:39:52,20593,2021-10-06 09:40:12,Sven Liebich singt mit der Merkeljugend in Halle am 03 10 2021 — Sven Liebich URL 3:30 Raus auf die Straßen USER 👉 Übersicht / Overview 👈,de
12651,Demotermine1250288610110852021-05-26 08:21:55,11085,2021-05-26 08:21:54,"„ Es gibt schlicht nichts , was man der Querdenker-Bewegung ans Bein binden kann “ Geht es um die ‚ Querdenker‘-Bewegung schießt die Bundesregierung gerne scharf : Ende April wurde die Initiative in die Sonderkategorie „ Sammel-Beobachtungsobjekt “ eingestuft . Hinsichtlich der Finanzierungsquellen flüchtet Berlin jedoch ins Nebulöse . URL Raus auf die Straße USER",de
11018,Demotermine1250288610132182021-07-30 21:55:00,13218,2021-07-30 21:54:59,Verhaltensregeln für die Demo am 1.8 in Berlin ➡ ️ Teilen Teilen Teilen Tauscht euch gerne im Chat aus und Folgt unseren Kanal unter USER Ein Partner vom IKB - Info Welle IKB | CHAT | Fun | Life Raus auf die Straße USER,de
2183,Demotermine1250288610310882021-12-10 08:09:00,31088,2021-12-10 08:08:34,"AUFRUF!!️ Am Montag , dem 13.12.21 findet in Hamburg / Bergedorf eine Demonstration statt . Treff 17:00 Uhr am Johann-Adolf-Hasse-Platz , vor der Kirche St. Petri und Pauli . Für Frieden , Freiheit , Demokratie , geimpft oder nicht geimpft , wir lassen uns nicht Spalten ! Bitte leitet diese Nachricht überall weiter ! # HH # Mo1312 # Hamburg Raus auf die Straßen USER 👉 Übersicht / Overview 👈",de
21056,Demotermine125028861029232020-09-22 06:50:35,2923,2020-09-22 06:50:34,"Wir für das Grundgesetz : Fest für Frieden und Freiheit Karolinenplatz Darmstadt Darmstadt Samstag , 26. September ab 15:00 Uhr Wir für unsere Grundrechte , Freiheit und Frieden * Versammlung ist genehmigt . * * Platz ist bestätigt . * USER Bilder und Videos hochladen USER - USER Fahren oder Mitfahren USER - Übernachten ? USER USER - USER - USER",de
3298,Demotermine1250288610292762021-12-01 18:58:19,29276,2021-12-01 18:58:13,🇦 🇹 Österreich - Graz 01.12.2021 um 19 : 29 Uhr Hast auch Du so tolle Beiträge von Deiner ❌ Streik Aktion ❌ dann teile sie mit uns in der Gruppe 👉 🏻 USER # rausausderblase Redaktionsteam via USER Raus auf die Straßen USER 👉 Übersicht / Overview 👈,de
20722,Demotermine125028861033312020-10-22 22:52:21,3331,2020-10-22 22:51:41,+ + + D I E S E N S A M S T A G + + ☂ ️ Jetzt wieder auf dem Marktplatz in Rothenburg ob der Tauber . USER 24102020 Bilder und Videos hochladen USER - USER Fahren oder Mitfahren USER - Übernachten ? USER USER - USER - USER,de
5842,Demotermine1250288610210892021-10-12 18:56:24,21089,2021-10-12 18:56:03,"Auch Gera ging heute Spazieren ! Und wie man es wahrscheinlich merkt , werden es Woche für Woche immer mehr ! Nächsten Dienstag , 19 Uhr Marktplatz ! Folgt uns auf Telegram ⬇ ️ ⬇ ️ ⬇ ️ URL # TH # Di1910 # Gera Raus auf die Straßen USER 👉 Übersicht / Overview 👈",de
23883,Demotermine1250288610262312021-11-12 07:16:22,26231,2021-11-12 07:16:19,"Eine neue Meldung : Ich wohne in Ottenbach Kanton ZH . Habe gerade gesehen , wie Arbeiter des Kantons der Strasse entlang fahren und alle „ Nein zum Covid-Gesetz “ Tafeln entfernen ! ! ! Was für eine Schweinerei ! Mit dem Lieferwagen und Bekleidung unterwegs ... wie man sie auch auf de Autobahn sieht ... TBA-ZH Raus auf die Straßen USER 👉 Übersicht / Overview 👈",de
11238,Demotermine1250288610129112021-07-24 12:45:18,12911,2021-07-24 12:45:17,Achtung : Zweiter YouTube-Kanal + Twitch + Peertube — QUERDENKEN 351 - Dresden URL 5:08 Raus auf die Straße USER,de
9,Demotermine1250288610111052021-05-27 07:00:29,11105,2021-05-27 07:00:28,🗓 Demo # MobilitätswendeJetzt – Lobauautobahn & Stadtstraße verhindern ! – Wien # Termin Raus auf die Straße USER,de
9909,Demotermine1250288610148082021-08-25 06:45:52,14808,2021-08-25 06:44:20,"❗ ️ ❗ ️ ❗ ️ ❗ ️ ❗ ️ ❗ ️ ❗ ️ ❗ ️ ❗ ️ ❗ ️ ❗ ️ ❗ ️Bitte denkt daran , nächsten Montag zahlreich zu erscheinen . Schilder Demo an der B 38 in Rimbach . Treffen 18 uhr Odenwaldhalle . Am Mittwoch den 1.9. Würde ich mich sehr freuen wenn wir auch ein paar Leute von uns zusammen bekommen könnten für Schilder Demo in Heppenheim 15 uhr vor dem Schulamt ❗ ️ ❗ ️ ❗ ️ 30082021 - 01092021 USER Raus auf die Straßen USER",de
18888,Demotermine125028861056402021-01-29 13:26:46,5640,2021-01-29 13:26:28,"Liebe Freunde , hier unsere Einladung für den kommenden Samstag . Kommt bitte zahlreich , es geht darum ein Zeichen zu setzen . Und bringt noch viele weitere Menschen mit . Wir freuen uns auf fröhliche , friedliche und motivierte Menschen . URL USER",de
23808,Demotermine1250288610176292021-09-10 09:44:03,17629,2021-09-10 09:44:44,Corona-Pandemie : + + Bundesrat billigt Impfstatus-Abfrage + + | tagesschau.de URL Raus auf die Straßen USER,de
14712,Demotermine125028861083852021-03-30 01:12:48,8385,2021-03-30 01:12:10,"Achtung , unsere Demo ist diese Woche schon am Gründonnerstag um 17 Uhr auf dem Rothenburger Marktplatz . Bitte teilt das in möglichst vielen Kanälen und unter euren Freunden , damit jeder Bescheid weiß . Danke USER 01042021 Raus auf die Straße USER",de
931,Demotermine1250288610243972021-10-31 11:22:19,24397,2021-10-31 11:22:07,Aktuelle Info : Besitzerfamilie ist gemäss Aussagen der Schwester derzeit im Gefängnis in Brig . Dies vormerken für den späteren Nachmittag Raus auf die Straßen USER 👉 Übersicht / Overview 👈,de
8949,Demotermine1250288610165192021-08-29 18:40:02,16519,2021-08-29 18:40:11,"Tobias aus Freiberg : "" Die Stadtverwaltung versucht durch Gespräche die tiefen Gräben zu überbrücken "" — Osnabrücker Sommer der Aufklärung URL 3:13 Raus auf die Straßen USER",de
9956,Demotermine1250288610147462021-08-24 00:18:42,14746,2021-08-24 00:17:58,""" VERBOTENES "" Video ! DIE GRÜNEN mittlerweile komplett ZERBAERBOCKT ? URL URL Raus auf die Straßen USER",de
18770,Demotermine1250288610224232021-10-20 05:16:00,22423,2021-10-20 05:15:58,"Tja , wenn ein Staat / eine Regierung ihre Bevölkerung schützt vor dem Ruin , sieht das dann schon mal so aus . ---- Und in Deutschland ? 🤔 🤷 Raus auf die Straßen USER 👉 Übersicht / Overview 👈",de
15106,Demotermine125028861079462021-03-21 22:38:18,7946,2021-03-21 22:37:40,"Nach dem unglaublichen Erfolg von # Kassel2003 geht es am Montag direkt weiter in Kiel . 💪 🕊 ❤ ️ 🎶 Wir werden demonstrieren , solang ' es uns gefällt ! Wir glauben an die Freiheit und eine bess're Welt . 🎶 🔽 🔽 🔽 🔽 🔽 🔽 🔽 🔽 🔽 Abonniert unseren Kanal URL_freiheit_demokratie_kiel 🔼 🔼 🔼 🔼 🔼 🔼 🔼 🔼 🔼 USER 22032021 Raus auf die Straße USER",de
210,Demotermine1250288610146422021-08-22 15:16:33,14642,2021-08-22 15:16:33,"Die Frau die nichts weiß und kann , wurde bei Demo mit Ihren Lügen konfrontiert!!️ URL Raus auf die Straßen USER",de
7302,Demotermine1250288610190272021-09-24 01:17:34,19027,2021-09-24 01:17:44,"Rede Ergün mit Zwischenfragen von einer Schülerin und Krankenhausärztin . Zwischenkundgebung während der Schilderdemo . Stuttgart , Rotebühlplatz , 22.09.2021 Eine Eigenproduktion von USER Ich bedanke ♥ ️ mich bei Jedem , der mich unterstützt und somit diese Arbeit ermöglicht URL Raus auf die Straßen USER",de
16490,Demotermine1250288610263382021-11-12 20:15:13,26338,2021-11-12 20:15:10,"Dall'ambiente al razzismo : le "" giuste lotte "" del potere — Lafinanzasulweb URL 23:11 Raus auf die Straßen USER 👉 Übersicht / Overview 👈",de
11512,Demotermine1250288610124582021-07-15 07:34:31,12458,2021-07-15 07:33:10,"Sarah Lesch - Testament Es empfiehlt sich , dieses vor der Impfung zu machen .... URL Raus auf die Straße USER",de
586,Demotermine1250288610162852021-08-29 14:06:26,16285,2021-08-29 14:06:22,"+ + + DEMO Potsdamer Platz wächst rasant ! + + + Derweil ist ein Zug auf der Danziger Ecke Senefelder eingekesselt . Wo ist das Entsatzheer ? , fragen Menschenrechtlerinnen . + + + # b2908 Raus auf die Straßen USER",de
2680,Demotermine1250288610303372021-12-06 09:33:14,30337,2021-12-06 09:31:29,"Um die Scheiße zu beenden , bedankt sich Ergün bei den Spendern Stuttgart , Wilhelmsplatz , 05.12.2021 Ein Film von USER Raus auf die Straßen USER 👉 Übersicht / Overview 👈",de
8440,Demotermine1250288610172602021-09-08 03:59:19,17260,2021-09-06 06:54:51,"Aufklärung und Gesicht zeigen zum Schutz der Kinder heut Morgen vor der Grundschule "" Carl Günzel "" in Freiberg . 🍀 🕊 🙏 🌞 Raus auf die Straßen USER",de
15588,Demotermine12502886105846,5846,2021-02-02 23:45:09,🇦 🇹 ! ! ÖSTERREICH IST NICHT FREI ! ! 🇦 🇹 🇦 🇹 # FriedeFreiheitDemokratie 🇦 🇹 YouTube 👉 URL USER USER 🕊 TEILEN 🕊 TEILEN 🕊 TEILEN 🕊 Für freiwillige Spenden 🕊 PayPal : friedefreiheitdemokratieUSER Konto : FriedeFreiheitDemokratie Iban : SENSITIVE Bic : REVOLT21,de
23357,Demotermine125028861047932020-12-30 10:35:50,4793,2020-12-30 10:34:48,URL KEINE AUSGANGSSPERRE BEIM DEMO-HOPPING ☝ ️ 😎 ✌ ️ Hin- & Rückweg und die Demoteilnahme selbst durch § 11 Corona-Verordnung BW und Art.8GG geschützt ... Siehe oben Anheftung im Kanal ⬆ ️ ⬆ ️ ⬆ ️ Oder unten der Link ⬇ ️ ⬇ ️ ⬇ ️ URL ! ! ️ 🔥 TEILEN TEILEN TEILEN 🔥 ! ! ️ USER 31122020 Bilder und Videos hochladen USER - Termine in Textform USER Fahren oder Mitfahren USER - Übernachten ? USER USER - USER - USER,de
16222,Demotermine1250288610268792021-11-15 14:39:15,26879,2021-11-15 14:38:49,Von ANFANG AN wurden WIR ALLE belogen . Korrupte Politik zerstört unseren sozialen Frieden und möchte nach und nach ALLE einsperren ! 🇦 🇹 🇦 🇹 🇦 🇹 🇦 🇹 🇦 🇹 🇦 🇹 🇦 🇹 🇦 🇹 🇦 🇹 🇦 🇹 Es reicht : 20.11. Wien . 🇦 🇹 MEGADEMO 🇦 🇹 ❗ ️DAS VOLK steht auf ❗ ️ 🇦 🇹 🇦 🇹 🇦 🇹 🇦 🇹 🇦 🇹 🇦 🇹 🇦 🇹 🇦 🇹 🇦 🇹 🇦 🇹 # AT # Sa2011 # Wien Raus auf die Straßen USER 👉 Übersicht / Overview 👈,de
7688,Demotermine1250288610184392021-09-18 14:22:08,18439,2021-09-18 14:22:12,"Berlin 18.09.2021 um 16 : 18 Uhr Freie Meinungsäußerung eines Menschen gemäß Artikel 5 GG So z.B. kann man einen Tag in Berlin auch ohne "" Programm "" gestalten . Raus auf die Straßen USER",de
18175,Demotermine1250288610233382021-10-26 08:19:05,23338,2021-10-26 08:17:12,"Vic Aus 🇦 🇺 Anti WAX Mandate , Anti Pandemic Law , Anti Everything 🔥 👊 Melbourne 10 - 26 Raus auf die Straßen USER 👉 Übersicht / Overview 👈",de
869,Demotermine1250288610149132021-08-26 23:43:39,14913,2021-08-26 23:43:20,Wir haben eine politische Notlage ! ( Sind die Wahlen ungültig ? ) 👉 🏻 Neuer Beitrag USER Diskussion USER Raus auf die Straßen USER,de
4659,Demotermine1250288610277482021-11-21 14:05:45,27748,2021-11-21 14:05:42,Gedenkmarsch Karl Hilz München am Platz der Opfer des Nationalsozialismus 21.11.21 — Klardenker URL 3:28 Raus auf die Straßen USER 👉 Übersicht / Overview 👈,de
16996,Demotermine1250288610253962021-11-06 16:39:46,25396,2021-11-06 16:39:06,Die Polizei faselt irgendetwas von einer verbotenen Versammlung und hat das Versammlungsgesetz mal wieder nicht verstanden ... Die Menschen sollen sich innerhalb eines Kessels entfernen . USER Raus auf die Straßen USER 👉 Übersicht / Overview 👈,de
5362,Demotermine1250288610219012021-10-18 15:07:00,21901,2021-10-17 07:54:00,# Stuttgart Abgesagt in der Stadt der Samstags-Demoverbote für Corona-Kritik URL Übersicht Alternativen URL # BW # Sa2310 Raus auf die Straßen USER 👉 Übersicht / Overview 👈,de
1562,Demotermine1250288610318972021-12-15 16:24:06,31897,2021-12-15 15:59:27,Magdeburg-Durchbruch zweier Sperren ( Antifa & Bundespolizei ) 13.12.2021 Video auf Youtube : URL Bitte folgt uns auf Telegram URL oder auf URL # Highlight Raus auf die Straßen USER 👉 Übersicht / Overview 👈,de
18227,Demotermine1250288610232372021-10-25 22:24:47,23237,2021-10-25 22:25:17,ERFURTER MONTAGSSPAZIERGANG - 25.10.2021 und jetzt regelmäßig jeden Montag 19Uhr auf dem Fischmarkt — DER THÜRINGER 2.0 URL 4:07 Raus auf die Straßen USER 👉 Übersicht / Overview 👈,de
22308,Demotermine125028861011182020-05-25 18:01:32,1118,2020-05-25 18:01:11,"Offenburg "" Platz der Verfassungsfreunde "" , 30.05.2020 , 15:30 Uhr , "" Zeig Dein Gesicht für die Grundrechte "" , Hubert Kraus USER USER - Bilder und Videos hochladen USER - Diskussion USER Fahren oder Mitfahren USER",de
20463,Demotermine125028861036692020-11-09 03:06:06,3669,2020-11-09 02:56:38,Wie die Phrasen- und Panikmedien uns auf schärfere Maßnahmen wegen ihrer Fake-Pandemie vorbereiten URL Plandemie vs. USER Besser USER nutzen Bilder und Videos hochladen USER - Termine in Textform USER Fahren oder Mitfahren USER - Übernachten ? USER USER - USER - USER,de
6792,Demotermine1250288610198092021-09-29 04:28:32,19809,2021-09-29 04:29:11,"! ! Utrecht , Niederlande 🇳 🇱 ! ! Das Restaurant Waku Waku weigert sich , die Apartheid durchzusetzen . Die Polizei kommt , um das Restaurant zu schließen . Die Leute blockieren die Polizei . Die Polizei geht . 😂 👍 🏼 👏 🏼 😉 USER Raus auf die Straßen USER 👉 Übersicht / Overview 👈",de
9031,Demotermine1250288610164052021-08-29 15:35:31,16405,2021-08-29 15:35:20,"Daraus folgt , mehr Leute planlos auf die Strasse überall und immer ohne Ankündigung ! Raus auf die Straßen USER",de
7828,Demotermine1250288610181932021-09-18 02:38:36,18193,2021-09-18 02:39:27,"# Zusendung Ein Beispiel welches Schule machen sollte . Es geht doch ! Jeder kann an seiner Stelle gegen den IMPFFASCHISMUS angehen . ( z ) ➡ ️ kulturstudio.tv Blumen Rauschenbach GmbH Schwarzer Weg 40 , 06712 Zeitz URL Die umfassendsten Infos USER Werde USER jetzt !",de
7350,Demotermine1250288610189582021-09-23 15:39:56,18958,2021-09-23 15:40:14,Wiesnumzug 18.9.2021. O ' Zapft is - mal ganz anders . So sieht das Oktoberfest wirklich aus - Teil1 — MediaInformationCenter URL 18:48 Raus auf die Straßen USER,de
15023,Demotermine125028861080382021-03-23 22:49:39,8038,2021-03-23 22:43:45,"Demo trotz Ausgangssperre Wir freuen uns , Euch am Donnerstag , 25. März um 18:30 Uhr auf dem Marktplatz in Schwäbisch Hall zu sehen ! Wer frei sein will , kommt zur Demo . Die anderen müssen USER USER USER 25032021 Raus auf die Straße USER",de
3147,Demotermine1250288610295682021-12-03 03:20:34,29568,2021-12-03 03:10:40,"Der Chefarzt vom Ameos Klinikum hält seine Rede auf dem Haldenslebener Marktplatz . Geschätzt waren es knapp 300 Leute . Herr Dr. med . Markus Motschmann Kiefholzstraße 27 , 39340 Haldensleben URL Raus auf die Straßen USER 👉 Übersicht / Overview 👈",de
20939,Demotermine125028861030782020-10-07 22:28:05,3078,2020-10-07 22:27:51,"Vor diesem Kalender zittert das "" Corona-Regime "" . Es wird ein heißer Herbst ! - > URL < - Bilder und Videos hochladen USER - USER Fahren oder Mitfahren USER - Übernachten ? USER USER - USER - USER",de
2338,Demotermine1250288610308782021-12-08 14:31:36,30878,2021-12-08 14:31:33,"11.12.2021 # Bundesweit BUNDESWEITE GEDENKFEIER FÜR DIE OPFER VON SENZIG Samstag , der 11.12.2021 um 18:00 Uhr VOR ALLEN RATHÄUSERN IN DEUTSCHLAND Wir bitten jeden Teilnehmer eine Gedenkenkerze mitzubringen Raus auf die Straßen USER 👉 Übersicht / Overview 👈",de
2892,Demotermine1250288610299712021-12-04 13:52:48,29971,2021-12-04 13:52:45,Danke für die tolle Unterstützung unserer Freunde aus der 🇨 🇭 Raus auf die Straßen USER 👉 Übersicht / Overview 👈,de
10221,Demotermine1250288610143612021-08-17 05:10:20,14361,2021-08-17 05:10:19,"Liberté , Liberté , Liberté ! dans la Rue des Francs Bourgeois , Strasbourg 14.08.21 — Offene Gesellschaft Kurpfalz URL 0:12 Raus auf die Straße USER",de
19368,Demotermine12502886105050,5050,2021-01-10 10:48:34,"DE 09.01.2021 TEILEN , TEILEN , TEILEN . Lichtermeer in Nürnberg | Söder muss weg | Eilversammlung gegen POLIZEIGEWALT . DIESES VIDEO WURDE AUF YOUTUBE GELÖSCHT . Innerhalb von 1,5 stunden nach dem hochladen 17 tausend mal angeschaut . Gemeinsam gegen Zensur auf YOUTUBE . USER",de
15409,Demotermine125028861074592021-03-11 00:27:54,7459,2021-03-11 00:23:08,Wuppertal Fahrzeugkorso fällt aus USER Nach Düsseldorf URL USER 13033021 Raus auf die Straße USER,de
6770,Demotermine1250288610198592021-09-29 15:24:55,19859,2021-09-29 15:25:16,Stromknappheit in China führt zu Produktionsstopp und Engpässen bei den Privathaushalten — Epoch Times Nachrichten URL 3:45 Raus auf die Straßen USER 👉 Übersicht / Overview 👈,de
16476,Demotermine1250288610263032021-11-12 14:45:11,26303,2021-11-12 14:44:35,"Ihr Lieben , natürlich treffen wir uns auch am Montag , 8.11. , wieder um 19 Uhr am Neuen Markt in # Neugablonz zu unserer Kundgebung für Frieden , Freiheit , Wahrheit und die Wiederherstellung unserer Grund- und Menschenrechte ! Wir freuen uns auf Euch ! ❤ ️ # BY # Mo1511 Raus auf die Straßen USER 👉 Übersicht / Overview 👈",de
1377,Demotermine1250288610321152021-12-17 16:34:48,32115,2021-12-17 16:34:13,Montag 20.12.21 18.30 Uhr Stadtilm Marktplatz ( Thüringen ) # TH # Mo2012 # Stadtilm Raus auf die Straßen USER 👉 Übersicht / Overview 👈,de
16531,Demotermine1250288610262752021-11-12 10:25:27,26275,2021-11-12 10:22:11,Mit Ali Wagner zur musikalischen Unterstützung mit Gesang und Gitarre ! 😃 🎤 🎸 # BLN # Sa1311 # Reinickendorf Raus auf die Straßen USER 👉 Übersicht / Overview 👈,de
4531,Demotermine1250288610279452021-11-23 03:47:21,27945,2021-11-23 03:47:18,Just a reminder ... we are one day closer every day ! Raus auf die Straßen USER 👉 Übersicht / Overview 👈,de
8791,Demotermine1250288610167212021-08-31 21:34:34,16721,2021-08-31 21:35:09,Aufruf nach Speyer am 2.9. - für unsere Kinder ! - Beitrag Brackenheim beim offenen Mikro — Team Freiheit Brackenheim URL 2:23 Raus auf die Straßen USER,de
14218,Demotermine125028861089442021-04-12 05:39:36,8944,2021-04-12 05:38:43,"Kundgebung 12.04.2021 19:00 bis 20:30 Uhr Hofheim , Am Untertor ( Wochenmarkt ) USER 12042021 Raus auf die Straße USER",de
297,Demotermine1250288610294782021-12-02 09:01:26,29478,2021-12-02 09:01:23,Im Gedenken an die vielen Millionen Corona-Toten - 100 Aufkleber hier : URL Raus auf die Straßen USER 👉 Übersicht / Overview 👈,de
15291,Demotermine12502886106161,6161,2021-02-10 08:48:20,"Nach Briefing von Mehr-Kill stoppt Kretschmann das gerichtliche Verbot der Ausgangssperre in BW ! Kretschmann framt stückweises „ zurück zur normalen Freiheit “ mit „ Orgie “ ... Die Verbrecher machen weiter ! Volk ohne Verurteilung weiter in HAFT ! ! URL Deshalb geht nachts flyern , wenn ihr raus wollt ! 👈 👈 👈 Klick URL ⬆ ️ ⬆ ️ ⬆ ️ 🔼 🔼 🔼 ⬆ ️ ⬆ ️ ⬆ ️",de
8549,Demotermine1250288610170792021-09-04 11:04:35,17079,2021-09-04 11:05:21,"Live aus Hamm , , Versammlung unter Freiem Himmel , , 03.09.21 — FPS Freie Presse Sauerland URL 1:43:05 Raus auf die Straßen USER",de
1691,Demotermine1250288610317382021-12-14 05:50:17,31738,2021-12-14 05:49:42,Es haben sich friedliche Menschen mit einem Friedenslicht am Brandenburger Tor gefunden . Die Polizei scheint ein flanieren auf der Brandenburger Str verhindern zu wollen . Nicht um sonst ist das Schild mit Frau und Kind durchgestrichen . Familienspaziergänge sind nicht erwünscht . Bitte alle zu Hause bleiben . 🤗 USER Raus auf die Straßen USER,de
20525,Demotermine125028861035622020-11-05 10:53:51,3562,2020-11-05 08:40:19,Veranstaltungen am heutigen Donnerstag Demos URL - Zusatzinfos URL Events - Alfdorf URL Mit der Suche lässt sich in diesem Kanal fast jede Demo ganz einfach finden Demo mitteilen USER Bilder und Videos hochladen USER - Termine in Textform USER Fahren oder Mitfahren USER - Übernachten ? USER USER - USER - USER,de
4804,Demotermine1250288610275192021-11-20 18:52:27,27519,2021-11-20 18:52:24,Heute beim Österreichisches 🇦 🇹 Generalkonsulat München Infokanal : URL Kanal - Kinder Stehen Auf - Offiziell URL Chat 💭 URL URL Raus auf die Straßen USER 👉 Übersicht / Overview 👈,de
11508,Demotermine1250288610124652021-07-15 14:05:40,12465,2021-07-15 14:05:39,"Demo Rauenberg 11.07.21 : Gängelung durch Behörde , Hass von Mitbürgern — Offene Gesellschaft Kurpfalz URL 12:43 Raus auf die Straße USER",de
1056,Demotermine1250288610322982021-12-18 16:36:55,32298,2021-12-18 16:36:52,Bitte bleibt friedlich auch in allen Städten in Deutschland . Lasst Euch nicht provozieren und liefert der Presse die Wahrheit . Friedlicher Widerstand der bürgerlichen Mitte . USER Raus auf die Straßen USER 👉 Übersicht / Overview 👈,de
20908,Demotermine125028861031182020-10-15 13:16:26,3118,2020-10-09 20:07:00,Überlingen 07112020 Samstag 10.10.2020 von 9 Uhr bis 15 Uhr Markt Überlingen vor der Sparkasse USER Bilder und Videos hochladen USER - USER Fahren oder Mitfahren USER - Übernachten ? USER USER - USER - USER,de
11501,Demotermine125028861012469,12469,2021-07-15 15:18:33,Armin Laschet ( CDU ) ist gegen die Impfpflicht - Stuttgart am 14.7.2021 Ganzes Video im Original URL USER,de
7167,Demotermine1250288610192362021-09-25 14:39:45,19236,2021-09-25 07:58:41,"📆 SCHILDERAKTION - Für Frieden , Freiheit & Selbstbestimmung ! 👉 🏻 mehr Infos dazu # Termin Öhringen Details URL # BW # Mo2709 Raus auf die Straßen USER",de
15576,Demotermine125028861072612021-03-07 21:17:50,7261,2021-03-07 21:16:42,"Kundgebung und Demonstration Wer : Initiative Miteinander Boizetal Wo : Boizenburg / Elbe , Hafenplatz 1 Wann : Sonntag , 14.03.2021 15:00 - 18:30 Uhr USER 14032021 Raus auf die Straße USER",de
23918,Demotermine12502886104532,4532,2020-12-14 08:01:03,Demos & Discos wegen Lock-Down verboten ? ! ! ️NICHT IN WAIBLINGEN 💃 🕺 🏻 💃 🏻 ! ! ️ Wir geben weiter POWER auf die BOXEN ! ! Kommt ALLE ! ! Seid Laut und lasst es Leuchten ! ! Tanzt für Eure Freiheit den Asphalt weich 📣 📣 🕺 🏻 💃 🏾 🕺 🔉 🔉 👉 👉 👉 URL,de
1236,Demotermine1250288610322762021-12-18 16:20:52,32276,2021-12-18 16:20:48,Cottbus unterstützen wir heute sehr gerne . Die größte Demonstration in Ostdeutschland . Unsere Rote Linie ist auch erreicht . Raus auf die Straßen USER 👉 Übersicht / Overview 👈,de
3909,Demotermine1250288610283532021-11-26 16:43:32,28353,2021-11-26 16:42:14,"PROTESTA MONDIALE CONTRO LA DITTATURA DAVANTI AL PALAZZO DELLE NAZIONI UNITI A GINEVRA , SVIZZERA . 31 DICEMBRE 2021 ORE 12:00 ↪ ️CONDIVIDI --------------- UNISCITI al canale BASTA DITTATURA , per restare aggiornato : URL # CH # Fr3112 # Geneva Raus auf die Straßen USER 👉 Übersicht / Overview 👈",de
10369,Demotermine1250288610141242021-08-12 13:10:28,14124,2021-08-12 13:10:27,"# Osnabrück , 21.8.2021 , "" Rathausplatz "" 14.00 - 18.00Uhr : 2. # OsnabrückerSchuhprotest - Das Original . — Osnabrücker Sommer der Aufklärung URL 1:42 Raus auf die Straße USER",de
3271,Demotermine1250288610293092021-12-01 23:22:05,29309,2021-12-01 23:22:02,Bilder von der heutigen Demo aus Bregenz ! Ca . 600 Menschen versammelten sich vor dem Landhaus . Raus auf die Straßen USER 👉 Übersicht / Overview 👈,de
5277,Demotermine1250288610220322021-10-18 03:11:51,22032,2021-10-18 03:12:15,"! ! ️Keine Einschränkungen in Bremen , Bar geöffnet Vorerst fallen alle Corona-Einschränkungen weg . Reporterin Catherine Wenk hat sich die Umsetzung in einer Bremer Bar angesehen . Registrierung am Eingang besteht als einzige Regel . URL URL ➡ ️ USER USER",de
11317,Demotermine1250288610127242021-07-21 02:17:30,12724,2021-07-21 02:17:29,Hier instrumentalisieren Querdenker und rechte Verschwörungsideolog : innen+ * die Aufräumarbeiten im Hochwassergebiet . Raus auf die Straße USER,de
12052,Demotermine1250288610117962021-06-21 12:56:19,11796,2021-06-21 12:55:07,"München , Wittelsbacher Platz 23.06.2021 von München steht auf USER 23062021 Raus auf die Straße USER",de
12493,Demotermine1250288610112652021-06-02 16:40:11,11265,2021-06-02 16:40:10,02.06.21 Frage : Lässt Du Dich impfen ? ( ohne Audio ) — Querdenken 621 Mannheim qd621ma URL 1:39 Raus auf die Straße USER,de
6118,Demotermine1250288610206972021-10-08 01:24:35,20697,2021-10-08 01:24:41,Kurz vor dem Sturz ? Meine Ansage und der meistgerufene Satz 2020&2021 bleibt : # KurzMUSSweg Aber auch diese Maßnahmen MÜSSEN genauso weg wie Kurz auch ! ! ! URL Raus auf die Straßen USER 👉 Übersicht / Overview 👈,de
183,Demotermine1250288610151232021-08-28 10:19:40,15123,2021-08-28 10:20:14,! ! ️!!️!!️!!️!!️!!️!!️ Es geht los - 12:20 Uhr Vom Fehrbelliner Patz - > Brandenburgische Strasse - > Richtung Süd Osten ( Berliner Strasse ) ! ! ️!!️!!️!!️!!️!!️!!️ Raus auf die Straßen USER,de
17418,Demotermine1250288610247032021-11-02 17:13:08,24703,2021-11-02 17:11:44,"Beschäftigte des Gesundheitswesens in Australien ( Perth ) , die sich gegen Zwangsimpfungen und Gesundheitspässe aussprechen , legen vor dem Parlament ihre Arbeitsuniformen nieder . Ab morgen werden sie nicht mehr arbeiten können . Raus auf die Straßen USER 👉 Übersicht / Overview 👈",de
4979,Demotermine1250288610272282021-11-20 07:53:29,27228,2021-11-20 07:31:30,DEUTSCHLAND und ÖSTERREICH gemeinsam zum GENERALSTREIK ab 1. Dezember 2021 Kanal : Initiative Generalstreik # BRD # AT # Mi0112 # bundesweit Raus auf die Straßen USER 👉 Übersicht / Overview 👈,de
7557,Demotermine1250288610186622021-09-20 14:36:05,18662,2021-09-20 14:00:37,"Hier der Aufruf von Rowena : Am Dienstag , den 21.09.21 ist eine Impfung von Kindern mit dem Impfmobil im Alter von 12 - 17 Jahren geplant . Die Impfung startet um 11.00 Uhr von und für das Simpert-Krämer Gymnasium in Krumbach . Bitte kommt zahlreich und klärt die Kinder über die Gefährlichkeit und den Nullnutzeneffekt dieser Impfung auf ! USER 21092021 Raus auf die Straßen USER",de
6169,Demotermine1250288610206492021-10-07 12:45:06,20649,2021-10-07 12:45:13,Estéban Cortez - Irgendwie irgendwo irgendwann ( Nena Cover ) — Videocesar URL 3:58 Raus auf die Straßen USER 👉 Übersicht / Overview 👈,de
23767,Demotermine1250288610219992021-10-18 02:00:39,21999,2021-10-18 02:01:06,WIRD GESTREIKT WIE IN FRANKREICH UND ITALIEN WENN DIE IMPFPFLICHT FÜR VERSCHIEDENE BERUFE KOMMT ? URL 🐺 ATTILA HIER UNTERSTÜTZEN Raus auf die Straßen USER 👉 Übersicht / Overview 👈,de
9152,Demotermine1250288610162012021-08-29 13:14:09,16201,2021-08-29 13:14:02,"Berlin 29.08.2021 um 15 : 13 Uhr 👉 Brandenburger Tor : eingeigelt wie die Gralsburg 👉 Brücke am Mühlendamm : ziemlich viel Polizei , Fußgängerkontrollen 👉 Unter den Linden , Ecke , Schalottenstraße , Straßensperre . Für PKW . Passanten können vorbei 👉 Unter den Linden Richtung Alexanderplatz . Hier alles ruhig , ein einzelner Streifenwagen USER Raus auf die Straßen USER",de
16271,Demotermine1250288610268012021-11-15 08:15:11,26801,2021-11-15 08:15:08,ALETHEIA - Helvetia TRYCHLER stehen zusammen . — Guido Böni URL 2:11 Raus auf die Straßen USER 👉 Übersicht / Overview 👈,de
11518,Demotermine1250288610124502021-07-15 02:37:53,12450,2021-07-14 17:21:34,"Vor dem Zentralen Impfzentrum Stuttgart gegenüber der Liederhalle , in welcher Impfnomade Armin seine Propaganda an Auserwählte und Gleichchschaltungsmedien ablässt . Die Impflinge zeigen sich davon unberührt . Laschet spricht mit den Demonstranten Raus auf die Straße USER",de
22257,Demotermine125028861012162020-05-30 11:09:32,1216,2020-05-30 10:04:43,"Professor Hueck , eine Grundschullehrerin unter anderem sind Redner . Initiatorin ist neutral parteilos ... so zur Info . Stuttgart USER USER - Bilder und Videos hochladen USER - Diskussion USER Fahren oder Mitfahren USER",de
3905,Demotermine1250288610283612021-11-26 17:15:27,28361,2021-11-26 17:15:04,"Rede und Marsch der Institutionen mit Lobhudelei-Zwischenstopp . Um reichlich Claqueure und Ja-Schreier wird gebeten . Auflage : 1,5 m und Maske ( oder Attest : mit Face-Schild ) , wer sich nicht dran hält wird mottogetreu ausgegrenzt und muss von außen zuschauen ! ! ! Ordner-Interessenten bitte Warnweste mitbringen . # BW # Sa2711 # Heidelberg Raus auf die Straßen USER 👉 Übersicht / Overview 👈",de
12418,Demotermine1250288610112832021-06-04 13:20:57,11283,2021-06-04 10:24:33,! ! ️Teilen Teilen Teilen ! ! ️ Wir rufen alle Organisationen auf morgen nach Münster zu kommen & uns zu Unterstützen Gemeinsam Für die Zukunft unsere Kinder Lassen Sie uns ein starkes Zeichen Setzten . Euer Markus Ra P. O.E NRW Team 🇩 🇪 🇮 🇹 🤝 URL USER 04062021 Raus auf die Straße USER,de
3791,Demotermine1250288610285302021-11-27 04:17:39,28530,2021-11-27 04:16:10,Eibiswald – FREIHEITSMARSCH Gemeinsam sind wir stark ! Für Friede und Freiheit ! # AT # Sa2711 # Eibiswald Raus auf die Straßen USER 👉 Übersicht / Overview 👈,de
16243,Demotermine1250288610268492021-11-15 13:37:21,26849,2021-11-15 13:35:25,"✅ FICHTELSCHÄNKE IN FRIEDERSDORF ( SACHSEN ) So geht das & muss das , macht das ALLE so ! URL_fuer_unsere_Zukunft Fichtelschänke Restaurant Neufriedersdorf 23 , 02742 Neusalza-Spremberg URL Raus auf die Straßen USER 👉 Übersicht / Overview 👈",de
7357,Demotermine1250288610189512021-09-23 14:05:23,18951,2021-09-23 14:05:38,„ Verheerende Bilanz “ – Mehr als eine Milliarde Euro für Regierungsberater seit 2017 — Epoch Times Nachrichten URL 3:47 Raus auf die Straßen USER,de
7147,Demotermine1250288610192632021-09-25 11:33:37,19263,2021-09-25 11:33:25,"Wir laufen wieder , jetzt Kudamm Ecke Giesebrechtstr . Sollten wir nochmal gestoppt werden , denkt dran , ab 15 Uhr ist eine Demo von der Basis am Ernst-Reuter-Platz ! Berlin Raus auf die Straßen USER",de
2408,Demotermine1250288610307942021-12-08 08:21:26,30794,2021-12-08 08:20:57,i DIE FREIEN MECKLENBURGER SELBSTVERSTÄNDLICH GEHEN WIR FREIEN MECKLENBURGER WIEDER AM MONTAG IN SCHWERIN SPAZIEREN ! ! ! 18.00 UHR GEHT'S LOS ! ! ! WIR FREIEN MECKLENBURGER WEHREN UNS GEGEN IMPF-ZWANG UND TYRANNEI ! ! ! # MV # Mo1312 # Schwerin Raus auf die Straßen USER 👉 Übersicht / Overview 👈,de
6024,Demotermine1250288610208722021-10-09 12:55:49,20872,2021-10-09 12:54:49,Das sind wir - Stuttgart Überwachung des Vorganges Das Virusle braucht den Ausweis ... Raus auf die Straßen USER 👉 Übersicht / Overview 👈,de
8342,Demotermine1250288610174242021-09-07 18:20:11,17424,2021-09-07 18:20:28,Die Müllers und Meiers waren es nicht : Verfeindete „ Familien “ liefern sich Straßenschlacht in Dortmund - ZUERST ! ZUERST ! URL Raus auf die Straßen USER,de
6816,Demotermine1250288610197712021-09-29 00:41:02,19771,2021-09-29 00:41:55,Die dreisten Lügen von Berset Ein Student aus der Fachhochschule Bern klärt auf . Bitte hört genau zu . Verbreitet dieses Video und teilt es mit jedem den ihr kennt . Vielen Dank an den Studenten . Ich stehe ein für eine diktaturfreie Schweiz Folgt mir auf meinem Telegram-Kanal : URL Raus auf die Straßen USER 👉 Übersicht / Overview 👈,de
19647,Demotermine125028861046762020-12-22 12:31:44,4676,2020-12-22 10:03:04,"Übersicht Dienstag , 22.122020 Terminkalender URL Unsere Infos Schorndorf URL URL Schwäbisch Gmünd URL München URL Frauen-Bustour Stuttgart URL Termin mitteilen USER USER",de
19969,Demotermine125028861042802020-12-02 11:50:48,4280,2020-12-02 08:49:56,Der Demomittwoch Terminkalender URL Weitere Termine und Infos Berlin URL Eppingen URL Erfurt URL Fulda URL Pforzheim URL Nürnberg URL Oldenburg URL Stuttgart URL Demo mitteilen USER Bilder und Videos hochladen USER - Termine in Textform USER Fahren oder Mitfahren USER - Übernachten ? USER USER - USER - USER,de
1820,Demotermine1250288610315772021-12-13 10:52:58,31577,2021-12-13 10:52:55,"Herzog-von-Braunschweig-Kaserne , Minden In fünf Minuten - Gemeinsames Kerzen-Niederstellen 🕯 Genauere Informationen in Kürze 👉 🏼 USER Raus auf die Straßen USER 👉 Übersicht / Overview 👈",de
3073,Demotermine1250288610297092021-12-03 14:37:53,29709,2021-12-03 14:36:31,Firma distanziert sich - Supermarkt : Anti-Impf-Transparent sorgt für Wirbel | krone.at URL Raus auf die Straßen USER 👉 Übersicht / Overview 👈,de
7246,Demotermine1250288610191172021-09-24 09:57:42,19117,2021-09-24 09:56:54,URL SCHILDER DEMO 02.10.2021 - 10:45 Uhr MEMMINGEN - Schrannenplatz 02102021 - 1045 URL ⬆ ️ ⬆ ️ ⬆ ️ 🔼 🔼 🔼 ⬆ ️ ⬆ ️ ⬆ ️ 👉 Stuttgart Widerstand Grundrechte Freiheit Grundgesetz Demos 👈 # BY # Sa0210 Raus auf die Straßen USER,de
16003,Demotermine125028861067422021-02-24 23:37:18,6742,2021-02-24 23:34:27,Grüße von ner Freundin aus dem 22. Stock in Stuttgart- Freiberg ! Der Korso am 24.2.2021 aus der Vogelperspektive USER Raus auf die Straße USER,de
3698,Demotermine1250288610286702021-11-28 07:39:09,28670,2021-11-28 07:39:06,Wer jetzt nicht weiß wo der Frosch die Locken hat dem ist nicht mehr zu helfen 😡 😡 😡 Raus auf die Straßen USER 👉 Übersicht / Overview 👈,de
15195,Demotermine125028861077222021-03-18 01:39:21,7722,2021-03-18 01:39:20,Polizei K ? ln / 210317 - 1-K Demonstrationen in der K ? lner ... 👉 🏻 Neuer Beitrag Raus auf die Straße USER,de
10701,Demotermine1250288610136782021-08-03 13:05:40,13678,2021-08-03 13:05:39,"# be182021 "" Überrascht , dass sich nicht mehr an die Gesetze gehalten wird . Finde ich schon schlimm . "" — Osnabrücker Sommer der Aufklärung URL 1:42 Raus auf die Straße USER",de
407,Demotermine125028861013702020-06-08 16:52:12,1370,2020-06-08 16:52:12,"Demokratie üben , Grundrechte schützen - Live aus der Daimlerstadt Schorndorf URL USER - Bilder und Videos hochladen USER - Diskussion USER Fahren oder Mitfahren USER",de
2362,Demotermine1250288610307612021-12-08 04:33:34,30761,2021-12-08 04:32:50,"# Schwerin # MV Pflegekräfte aus Schwerin bitten um Unterstützung jeden Montag um 18:00 Uhr am Südufer des Pfaffenteiches ✅ "" Wir in MV "" Informationen aus Mecklenburg-Vorpommern # MV # Mo1312 # Mo2012 # Mo2712 # montags # Schwerin Raus auf die Straßen USER 👉 Übersicht / Overview 👈",de
14918,Demotermine125028861081292021-03-25 01:02:07,8129,2021-03-25 01:02:06,Einladung zur 39. Kundgebung in Bayreuth Parkplatz beim Volksfestplatz gegenüber SB-Tankstelle USER 27032021 Raus auf die Straße USER,de
8780,Demotermine1250288610167412021-09-01 04:49:56,16741,2021-09-01 04:35:17,"Stop Holocaust URL Brief der WHF an die EMA URL Brief in Englisch URL Bitte verteilen , Holger Fischer möchte damit die Mainstreammedien erreichen . Das halte ich auch für extrem wichtig . USER USER Raus auf die Straßen USER",de
12247,Demotermine1250288610115492021-06-11 15:19:27,11549,2021-06-11 15:18:58,"🗓 Montag , 14. Juni um 18:30 stehen wir wieder gemeinsam auf : FÜR UNSERE KINDER und FÜR UNSERE SELBSTBESTIMMTE ZUKUNFT IN FREIHEIT . 🕊 Freiweillige Ordner benötgien wir auch wieder - bitte kommt bereits um 18:15 ans Rathaus . 🙏 Vielen Dank vorab ! # IchLassMichNichtImpfen # FingerWegVonUnserenKindern # EsReicht # RausAufDieStrasse USER 14062021 Raus auf die Straße USER",de
14884,Demotermine125028861081992021-03-26 09:13:19,8199,2021-03-26 08:25:48,📆 Musikalische Versammlung für Frieden und Freiheit 👉 🏻 mehr Infos dazu # Termin # QuerDenken ! Schwäbisch Gmünd Marktplatz USER 28032021 Raus auf die Straße USER,de
1131,Demotermine1250288610324422021-12-19 00:35:15,32442,2021-12-19 00:35:11,EINKESSELUNG in RUDOLSTADT am Bahnhof ! Polizei verfolgt Spaziergänger vom Marktplatz ! 17. Dezember — Liebe & Wahrheit - Blumen der Freiheit URL 0:39 Raus auf die Straßen USER 👉 Übersicht / Overview 👈,de
15283,Demotermine125028861076112021-03-15 17:51:36,7611,2021-03-15 17:46:03,📆 WIR FÜR DIE EINHALTUNG DES GRUNDGESETZES 👉 🏻 mehr Infos dazu # Termin # QuerDenken ! Schwäbisch Hall Marktplatz USER 18032021 Raus auf die Straße USER,de
13592,Demotermine125028861094022021-04-23 12:18:18,9402,2021-04-23 12:17:18,"❗ ️Offene Drohung eines Richters mit Kindesentzug ❗ ️ Was meine Mandantin gestern erleben musste , grenzt an Körperverletzung ! Aber wir dürfen uns diesen Machtmissbrauch nicht gefallen lassen und müssen zusammenstehen ! USER Raus auf die Straße USER",de
9239,Demotermine1250288610160302021-08-29 11:43:58,16030,2021-08-29 11:44:29,"Berlin 29.08.2021 um 13 : 42 Uhr Zusendung Bitte achtet auf "" Zivilisten "" , die einen Rucksack haben , an dem eine gerollte oder gefaltete Zeitung sichtbar ist und die sonst nicht ganz ins Bild passen . Bereits beim sog. "" Reichtagssturm "" waren davon einige in der Menge . Gestern bei einer Festnahme kam wieder einer mit Rucksack und Zeitung zu seinen Kollegen dazu . USER Raus auf die Straßen USER",de
23595,Demotermine1250288610189032021-09-22 14:20:05,18903,2021-09-22 14:20:14,Starker Anstieg illegaler Migration über Polen nach Deutschland — Epoch Times Nachrichten URL 3:15 Raus auf die Straßen USER,de
6358,Demotermine1250288610204052021-10-04 19:32:28,20405,2021-10-04 19:32:43,Was war los die letzten 2 Wochen ? Was kommt nach der Wahl ? — Freedom Parade mit Captain Future URL 9:31 Raus auf die Straßen USER 👉 Übersicht / Overview 👈,de
1293,Demotermine1250288610322052021-12-18 11:10:13,32205,2021-12-18 11:10:10,62 Mitarbeiter wegen Impfverweigerung freigestellt 2021 - 12 - 18 — 4466hp URL 12:22 Raus auf die Straßen USER 👉 Übersicht / Overview 👈,de
9066,Demotermine1250288610163632021-08-29 14:55:21,16363,2021-08-29 14:55:15,# be2808 13.17 # Bürgerrechtler # DemokratischerWiderstand # Demozug # Torstraße — Osnabrücker Sommer der Aufklärung URL 1:15 Raus auf die Straßen USER,de
11360,Demotermine1250288610126442021-07-19 18:52:27,12644,2021-07-19 18:52:17,Polizei zeigt Präsenz im Hochwasser-Gebiet ... wenn es Regierungskritiker vermutet . Bizarr und bezeichnend . Vier Mannschaftsbusse unmittelbar möglich . URL Raus auf die Straße USER,de
15394,Demotermine125028861074812021-03-11 17:59:28,7481,2021-03-11 17:58:46,"Liebe Leute , wir treffen uns wie immer Freitag Abend um 18 Uhr am Kirchplatz in 34454 Bad Arolsen 😊 zur Mahnwache und anschließendem Lichterspaziergang . Bringt viele Freunde , viele Kerzen oder Lichterketten und gute Stimmung mit . 🍀 💞 Für die Musik sorgen wir 🎶 USER USER 12032021 Raus auf die Straße USER",de
4325,Demotermine1250288610155492021-08-28 16:33:33,15549,2021-08-28 16:33:49,"+ + + Auf dem Potsdamer Platz bildet sich ein Tanzring um eine Gruppe Polizisten . Sie singen in Call and Response : "" Tell me what democracy looks like . "" - "" THIS ist what democracy looks like ! "" + + + Raus auf die Straßen USER",de
22827,Demotermine125028861064672021-02-18 08:15:12,6467,2021-02-18 04:32:47,Über 500 Fahrzeuge legten beim Autokorso Stuttgart die Stadt lahm . Aufgrund der stark steigenden Anzahl von Abonnementskündigungen bei den Zeitungen reagieren diese nun bedächtiger in ihrer Berichterstattung gegenüber den Maßnahmen-Kritikern . URL USER Wirklichkeit selber sehen USER,de
12750,Demotermine1250288610109582021-05-23 06:28:18,10958,2021-05-23 06:26:39,Allgäu Mahnwache Ottobeuren - Kempten - Markt Rettenbach USER 24052021 - 26052021 - 28052021 Raus auf die Straße USER,de
15581,Demotermine125028861069002021-02-28 10:29:35,6900,2021-02-27 16:05:49,"Heiko Schöning wurde in Hamburg bei einer Kundgebung festgenommen . Polizei hat ihn mitgenommen auf das Polizeirevier 14 in der Caffamacherreihe 4 in Hamburg . Bitte teilen ! LG , Jutta Wieder frei URL Beweise sichern USER So gehts : URL Weg mit der USER Wir lassen uns nicht verbieten USER",de
23686,Demotermine1250288610252802021-11-06 14:18:17,25280,2021-11-06 14:19:35,"⚠ ️ AN ALLE DEMOKRATEN ⚠ ️ Wie wir soeben gehört haben , wurde am Rabensteinplatz ( Richtung Osten vom Augustusplatz ) eine Spontan-Demo angemeldet!!️ 💪 Dorthin gehen wohl jetzt schon die ersten Demonstranten , die nicht mehr auf den Augustusplatz durften . 👍 🇩 🇪 FRIEDEN , FREIHEIT , DEMOKRATIE 🇩 🇪",de
1694,Demotermine1250288610317342021-12-14 05:44:04,31734,2021-12-14 05:43:57,Plau am See läuft .. ca 120 Der Funke wächst .. letzte Woche waren es die Hälfte . Raus auf die Straßen USER 👉 Übersicht / Overview 👈,de
4826,Demotermine1250288610273532021-11-20 13:46:51,27353,2021-11-20 13:46:48,"📢 + + + Live - Feed + + + 📢 Auch einige Antifaschisten bewegen sich am Rande der Demo . Ihre Mannstärke lässt sich jedoch an zwei Händen abzählen . Dem gigantischen Demonstrationszug haben sie , außer ihren bösen Blicken , nichts entgegenzusetzen . Raus auf die Straßen USER 👉 Übersicht / Overview 👈",de
2533,Demotermine1250288610305502021-12-07 11:29:42,30550,2021-12-07 11:28:44,👉 Versammlung Kernen-Rommelshausen Samstag 11.12.2021 11 bis 13 Uhr 👉 voraussichtlicher Versammlungsort : Schulhof Rumold-Real-Schule Änderungen werden rechtzeitig bekannt gegeben . # BW # Sa1112 # Kernen bei # Stuttgart Raus auf die Straßen USER 👉 Übersicht / Overview 👈,de
17606,Demotermine1250288610244012021-11-01 13:30:46,24401,2021-10-31 11:47:39,"Herzlichen Dank an alle , die gestern vor Ort waren 🌹 🌹 🌹 🌹 🙏 🏻 🙏 🏻 🙏 🏻 🙏 🏻 🙏 🏻 🙏 🏻 🙏 🏻 🙏 🏻 🙏 🏻 👏 🏻 👏 🏻 👏 🏻 👏 🏻 👏 🏻 👏 🏻 👏 🏻 Je Suis Walliserkanne 💪 💪 💪 💪 💪 Kanal abonnieren : URL # Walliserkanne Raus auf die Straßen USER 👉 Übersicht / Overview 👈",de
12129,Demotermine1250288610116792021-06-17 07:57:43,11679,2021-06-17 07:57:43,"Dossier Dr Ochs , il y a une demande de suspension d ‘ un an . Für Dr Ochs wurden 1 Jahr Suspendierung beantragt . Raus auf die Straße USER",de
18717,Demotermine1250288610225042021-10-21 01:02:02,22504,2021-10-21 01:02:13,FROM THE BRISBANE PROTEST ON THE WEEKEND IT IS A JAB RECIPIENT MEMORIAL JOIN AND SHARE OUR TELEGRAMS 📣 URL 📣 URL Raus auf die Straßen USER 👉 Übersicht / Overview 👈,de
4757,Demotermine1250288610275852021-11-20 21:22:53,27585,2021-11-20 21:22:50,Hamburg Widerstand heute VERSTEHEN ! 🧠 & HANDELN ! 🤝 TEIL UNSERE BEITRÄGE ! FOLG UNSEREM KANAL URL Raus auf die Straßen USER 👉 Übersicht / Overview 👈,de
7076,Demotermine1250288610189782021-09-23 18:13:11,18978,2021-09-23 18:12:56,"Thüringer Landesregierung gibt Druck von Eltern nach - Aufhebung der COVID-19 Verordnungen und Maßnahmen an allen Thüringer Schulen ! Liebe Eltern , Aufstehen - JETZT 🕊 🍀 🕊 🍀 🕊 🍀 Kanäle folgen : URL URL URL URL URL URL URL URL URL Raus auf die Straßen USER",de
2346,Demotermine1250288610308672021-12-08 13:50:25,30867,2021-12-08 13:50:22,💪 🏻[r ] EVOLUTION ® Salzburg 🥁 🗽 Für die FREIHEIT 🗽 👧 🏼Für die ZUKUNFT UNSERER KINDER 👦 🏻 ⬇ ️Folgt mir auf Telegram ⬇ ️ URL Raus auf die Straßen USER 👉 Übersicht / Overview 👈,de
15915,Demotermine125028861068502021-02-26 09:02:46,6850,2021-02-26 09:02:16,"Wir machen weiter , denn wir müssen zusammenhalten ! Dialog statt Ausgrenzung Lichter , Plakate , Fahnen , Pfeifen , Trommeln erlaubt Offenes Mikrofon Bad Rappenau , Rathausplatz Montag , der 01.03.2021 um 18 Uhr USER 01032021 Bilder und Videos hochladen USER - Termine in Textform USER Fahren oder Mitfahren USER - Übernachten ? USER USER - USER - USER",de
16368,Demotermine1250288610265372021-11-13 18:38:19,26537,2021-11-13 18:37:41,Am 20.11 sehen WIR ALLE uns in # Wien zusammen mit 50.000 - 100.000 Menschen . 🇦 🇹 DAS VOLK 🇦 🇹 steht auf ❗ ️ Tausende Kärntner waren heute in Klagenfurt . Weitere Videos gerne an USER senden ! Auf den Rot-Weiss-Roten Schildern steht : 🇦 🇹 GEMEINSAM FÜR DIE FREIHEIT 🇦 🇹 Raus auf die Straßen USER 👉 Übersicht / Overview 👈,de
9488,Demotermine1250288610154732021-08-28 15:42:17,15473,2021-08-28 15:43:26,"Berlin , 28.08.2021 Potsdamer Platz - Polizei jagt Freiheits-Demonstranten , aufgebrachte Menge USER Raus auf die Straßen USER",de
12918,Demotermine1250288610107422021-05-19 09:54:03,10742,2021-05-19 09:46:03,"📆 Demo für Frieden , Freiheit , Wahrheit und die Wiederherstellung unserer Grundrechte 👉 🏻 mehr Infos dazu # Termin Kirchheim u. T. USER 23052021 Raus auf die Straße USER",de
1238,Demotermine1250288610322702021-12-18 16:19:20,32270,2021-12-18 16:19:14,Hamburg steht gegen die Corona Diktatur auf ❗ ️18.12.2021 Auf dem Foto ist Hannes von URL 👉 🏻 USER auf Telegram Raus auf die Straßen USER 👉 Übersicht / Overview 👈,de
11746,Demotermine1250288610121692021-07-05 18:50:14,12169,2021-07-05 18:50:13,Für das QD-Team : Am 01.08.2021 sind wir wieder in Berlin ! — QUERDENKEN 794 - Wir für das Grundgesetz URL 3:31 Raus auf die Straße USER,de
3695,Demotermine1250288610286742021-11-28 08:03:48,28674,2021-11-28 08:03:45,"Frankfurt 27.11.2021 Wir sind Menschen , kein QR Code ..... und wir werden eure neue Normalität niemals akzeptieren ! Nächste Demo 04.12.2021 Es gibt keine Ausreden mehr .... — — — — — — — — — — — — - Tom Stahls Freiheits Kanal URL Raus auf die Straßen USER 👉 Übersicht / Overview 👈",de
15793,Demotermine12502886107013,7013,2021-03-02 10:02:53,Immunologe fordert : Merkel soll sich öffentlichkeitswirksam mit AstraZeneca-Vakzin impfen lassen — RT DE URL 3:37 USER,de
22663,Demotermine125028861065652021-02-19 23:55:07,6565,2021-02-19 23:54:31,"Ihr Lieben , auch heute , Samstag , 20.2. , meditieren wir wieder in der Fußgängerzone in Kaufbeuren ( Obstmarkt ) für Frieden , Freiheit und Selbstbestimmung . Beginn wie immer um 15:30 Uhr . Bringt gerne eine Kerze mit . Ich freue mich auf Euch ! ❤ ️ 💖 🌟 USER 20022021 Bilder und Videos hochladen USER - Termine in Textform USER Fahren oder Mitfahren USER - Übernachten ? USER USER - USER - USER",de
3386,Demotermine1250288610291542021-12-01 06:11:12,29154,2021-12-01 06:11:09,Parliament Melbourne 30 / 11 / 21 3:05pm # KillTheBill 👉 USER Raus auf die Straßen USER 👉 Übersicht / Overview 👈,de
11734,Demotermine1250288610121822021-07-06 14:35:14,12182,2021-07-06 14:35:13,DW-Sommerinterviews 2021 | Ute Feuerstacke | Jugendkultur — Demokratischer Widerstand URL 13:54 Raus auf die Straße USER,de
5181,Demotermine1250288610212412021-10-14 02:57:13,21241,2021-10-13 19:21:09,📣 EINLADUNG 📣 Du bist 🤍-lich eingeladen . 16.10.2021 im Innviertel ab 19:00 Nähere Infos unter USER 🎇 auf ein zahlreiches Kommen 🎆 🎉 CORONA ENDING 🎉 # AT # Sa1610 # Innviertel Raus auf die Straßen USER 👉 Übersicht / Overview 👈,de
15015,Demotermine125028861080492021-03-23 23:51:23,8049,2021-03-23 23:50:56,Auf gehts zum 40 Autocorso Hannover schließt euch an 🚗 🚙 🚐 🚗 🚙 🚐 USER 27032021 Raus auf die Straße USER,de
110,Demotermine1250288610310632021-12-09 18:01:55,31063,2021-12-09 18:01:23,"▶ ️ URL 🔵 Samstag 11.12.21 11 Uhr Pfaffenteich Schwerin "" Für freie Impfentscheidung "" TEILEN ! Schickt Text & Bild weiter , ladet ein ! ☀ ️ 🕊 ❤ ️ 🔻 Wir suchen noch Ordner ❗ ️ Bitte 30min früher da sein . Mit Ausweis . Nüchtern , keine Vorstrafen . Anmelden bei : ✉ ️ danbarmvUSER URL # MV # Sa1112 # Schwerin Raus auf die Straßen USER 👉 Übersicht / Overview 👈",de
14554,Demotermine125028861085872021-04-03 00:57:33,8587,2021-04-03 00:57:33,"Netzfund ! 03. November 1989 Das DDR Staatsfernsehen entschuldigt sich bei seinen Zuschauern , hauptsächlich Hetze , Lügen , verdrehte Meldungen , Falschmeldungen etc. verbreitet zu haben .... Und heute ? WIE KANN MAN ALS VOLK , NUR SO SCHNELL VERGESSEN ? ! ? ! ? ! ? Raus auf die Straße USER",de
17791,Demotermine1250288610240422021-10-30 03:53:46,24042,2021-10-30 03:54:24,"VIA URL Christchurch - Aotearoa ( NZ ) , thunder run around Cranmer Park 🇳 🇿 🔥 🖕 💉 🖕 🔥 TELEGRAMS 📣 FFANZ & WORLD NEWS - URL 📣 IF WE DON ’ T WHO WILL - URL Raus auf die Straßen USER 👉 Übersicht / Overview 👈",de
17148,Demotermine1250288610251652021-11-05 16:30:06,25165,2021-11-05 16:29:45,Wir SEHEN und HÖREN uns ! 🎶 🎵 ❤ ️ 🕊 Seid bitte alle dabei ! URL # SN # Sa0611 # Leipzig Raus auf die Straßen USER 👉 Übersicht / Overview 👈,de
1672,Demotermine1250288610317702021-12-14 07:01:23,31770,2021-12-14 06:55:51,"🥁 🥁 🥁 🥁 🥁 🥁 🥁 🥁 🥁 🥁 🥁 🥁 🥁 Königs Wusterhausen am 13. Dezember 2021 Heute war es mal wieder soweit , 860 freiheitsliebende Menschen gingen auf die Straße um zu zeigen , nicht mit uns . Vielen Dank an Euch , wir sehen uns am kommenden Montag um 18.00 Uhr auf dem Kirchplatz . 🥁 🥁 🥁 🥁 🥁 🥁 🥁 🥁 🥁 🥁 🥁 🥁 🥁 # Highlight Raus auf die Straßen USER 👉 Übersicht / Overview 👈",de
15586,Demotermine125028861072482021-03-07 08:44:59,7248,2021-03-07 08:41:35,Weinheim Autokorso Start Parkplatz Sepp-Herberger-Stadion in der Weststadt USER USER 11032021 Raus auf die Straße USER,de
19627,Demotermine12502886104696,4696,2020-12-24 08:33:00,"Ab 12:00 Uhr mittags , sind wir heute an der Weltzeituhr auf dem Alexanderplatz in Berlin und verteilen dort Geschenke für Berliner Obdachlose . # OpSafeWinter - Livestream : URL",de
13477,Demotermine125028861098602021-05-03 11:35:18,9860,2021-05-03 11:35:17,"Herr Rainer Wendt von der Gewerkschaft der Polizei setzt sich ja gerade für das Verbot von Querdenken-Demos ein . Vielleicht kommentiert ihr mal seinen FB Account und sagt ihm , wie ihr darüber denkt ? URL Raus auf die Straße USER",de
20554,Demotermine125028861035522020-11-04 19:02:27,3552,2020-11-04 19:01:50,Wie brauchen eure Hilfe . Samstag 14 Uhr Alexanderplatz Chur . USER Initiative von WIR Graubünden USER 07112020 Bilder und Videos hochladen USER - Termine in Textform USER Fahren oder Mitfahren USER - Übernachten ? USER USER - USER - USER,de
19049,Demotermine12502886105448,5448,2021-01-25 07:43:58,Flyerverteilung am Donnerstag Abend 21 Uhr in Waibingen Link zu meinem Telegram Kanal : USER Demotermine : USER URL,de
9129,Demotermine1250288610162572021-08-29 13:54:29,16257,2021-08-29 13:54:41,🇩 🇪 Demo-Berlin : Aktuell befindet sich ca. 800 Demonstranten in der Danziger Straße in einem Kessel der Polizei . # b2908 Raus auf die Straßen USER,de
17171,Demotermine1250288610251742021-11-05 20:25:00,25174,2021-11-05 20:25:23,Friedlichen Revolution 1989 WIR HABEN JETZ 2021 und es geht wieder LOS — SchwarzRotGold TV URL 32:31 Raus auf die Straßen USER 👉 Übersicht / Overview 👈,de
2128,Demotermine1250288610311822021-12-11 10:55:48,31182,2021-12-11 10:54:08,Regensburg am 18.12. Um 15 Uhr am Dom angemeldete Demo # Regensburg # BY # Sa1112 Raus auf die Straßen USER 👉 Übersicht / Overview 👈,de
18975,Demotermine12502886105535,5535,2021-01-27 01:31:05,Ein Pflegeheimenchef aus Schönebeck redet KLARTEXT bei der Kundgebung in Magdeburg Bitte folgt uns auf USER URL,de
12434,Demotermine1250288610113242021-06-05 10:43:00,11324,2021-06-05 10:42:23,"Bamberg ! ! ️Samstag 5.6.21 um 15 Uhr in Hirschaid , Parkplatz Pickelsgasse!!️ USER 05062021 Raus auf die Straße USER",de
10426,Demotermine1250288610140092021-08-10 02:03:54,14009,2021-08-10 02:02:41,"💥 💥 💥 💥 💥 💥 💥 💥 BERLIN WIR KOMMEN WIEDER UND WIR BLEIBEN 28.-29.08.2021 💥 💥 💥 💥 💥 💥 💥 💥 # wirwerdenAlledasein ! ! ️ 🌅 Berlin , Berlin wir fahren nach Berlin ! ❤ ️ Teilen ! ! ️ Teilen!!️ Teilen!!️ USER 28082021 - 29082021 Raus auf die Straße USER",de
18521,Demotermine1250288610227992021-10-23 13:38:57,22799,2021-10-23 13:27:59,"Musikalische Unterhaltung für Sprachenkenner : IGM MLDP VERDI im Verbund am Schlossplatz Stuttgart 23.10.2021 ca. 14.50 Uhr - Das vom Steuerzahler staatlich geförderte Werk in Eisenach wird aufgrund der Dauerkrankmeldungen schon vor Corona geschlossen . Gegen die Dauerfehlzeiten wird nicht demonstriert , was das Werk hätte erhalten können . Raus auf die Straßen USER 👉 Übersicht / Overview 👈",de
15391,Demotermine125028861074832021-03-11 18:03:48,7483,2021-03-11 18:03:22,"Versammlung für ein menschenwürdiges Leben . Freiburg , Platz der alten Synagoge , 18:00 - 20:00 Uhr . Live Musik ! Offenes Mikrofon ! USER 15032021 Raus auf die Straße USER",de
6690,Demotermine1250288610199712021-09-30 16:49:24,19971,2021-09-30 16:50:17,Worauf kommt es jetzt an ? Offenes Mikro beim Freigang Brackenheim 27.9. — Team Freiheit Brackenheim URL 3:15 Raus auf die Straßen USER 👉 Übersicht / Overview 👈,de
